{
  "type": "FeatureCollection",
  "features": [
    {
      "type": "Feature",
      "properties": {
        "type": "static_dem_coastline",
        "label": "静态 DEM 海岸线"
      },
      "geometry": {
        "type": "MultiPolygon",
        "coordinates": [
          [
            [
              [
                121.24110537587359,
                25.122753139718345
              ],
              [
                121.24110537587359,
                25.1225739434365
              ],
              [
                121.24120445829504,
                25.1225739434365
              ],
              [
                121.24120445829504,
                25.122753139718345
              ],
              [
                121.24110537587359,
                25.122753139718345
              ]
            ]
          ],
          [
            [
              [
                121.25695856330644,
                25.1249930932414
              ],
              [
                121.25695856330644,
                25.12490349510048
              ],
              [
                121.2570576457279,
                25.12490349510048
              ],
              [
                121.2570576457279,
                25.124813896959555
              ],
              [
                121.25715672814935,
                25.124813896959555
              ],
              [
                121.25715672814935,
                25.124724298818634
              ],
              [
                121.25735489299225,
                25.124724298818634
              ],
              [
                121.25735489299225,
                25.12463470067771
              ],
              [
                121.25755305783517,
                25.12463470067771
              ],
              [
                121.25755305783517,
                25.12454510253679
              ],
              [
                121.25775122267808,
                25.12454510253679
              ],
              [
                121.25775122267808,
                25.12445550439587
              ],
              [
                121.257949387521,
                25.12445550439587
              ],
              [
                121.257949387521,
                25.124365906254944
              ],
              [
                121.2581475523639,
                25.124365906254944
              ],
              [
                121.2581475523639,
                25.124276308114023
              ],
              [
                121.25824663478535,
                25.124276308114023
              ],
              [
                121.25824663478535,
                25.1241867099731
              ],
              [
                121.25844479962826,
                25.1241867099731
              ],
              [
                121.25844479962826,
                25.124097111832178
              ],
              [
                121.25854388204972,
                25.124097111832178
              ],
              [
                121.25854388204972,
                25.124007513691257
              ],
              [
                121.25864296447118,
                25.124007513691257
              ],
              [
                121.25864296447118,
                25.123917915550333
              ],
              [
                121.25884112931409,
                25.123917915550333
              ],
              [
                121.25884112931409,
                25.123828317409412
              ],
              [
                121.25894021173555,
                25.123828317409412
              ],
              [
                121.25894021173555,
                25.123738719268488
              ],
              [
                121.25903929415699,
                25.123738719268488
              ],
              [
                121.25903929415699,
                25.123649121127567
              ],
              [
                121.25913837657845,
                25.123649121127567
              ],
              [
                121.25913837657845,
                25.123559522986646
              ],
              [
                121.2592374589999,
                25.123559522986646
              ],
              [
                121.2592374589999,
                25.123469924845722
              ],
              [
                121.25933654142136,
                25.123469924845722
              ],
              [
                121.25933654142136,
                25.1233803267048
              ],
              [
                121.25943562384282,
                25.1233803267048
              ],
              [
                121.25943562384282,
                25.123201130422956
              ],
              [
                121.25953470626428,
                25.123201130422956
              ],
              [
                121.25953470626428,
                25.123111532282035
              ],
              [
                121.25963378868573,
                25.123111532282035
              ],
              [
                121.25963378868573,
                25.12302193414111
              ],
              [
                121.25973287110719,
                25.12302193414111
              ],
              [
                121.25973287110719,
                25.12293233600019
              ],
              [
                121.25983195352865,
                25.12293233600019
              ],
              [
                121.25983195352865,
                25.122842737859266
              ],
              [
                121.2599310359501,
                25.122842737859266
              ],
              [
                121.2599310359501,
                25.122753139718345
              ],
              [
                121.260129200793,
                25.122753139718345
              ],
              [
                121.260129200793,
                25.12266354157742
              ],
              [
                121.26032736563592,
                25.12266354157742
              ],
              [
                121.26032736563592,
                25.1225739434365
              ],
              [
                121.2610209425861,
                25.1225739434365
              ],
              [
                121.2610209425861,
                25.12248434529558
              ],
              [
                121.26508332186577,
                25.12248434529558
              ],
              [
                121.26508332186577,
                25.1225739434365
              ],
              [
                121.26835304177379,
                25.1225739434365
              ],
              [
                121.26835304177379,
                25.12266354157742
              ],
              [
                121.26924478356689,
                25.12266354157742
              ],
              [
                121.26924478356689,
                25.1225739434365
              ],
              [
                121.27102826715308,
                25.1225739434365
              ],
              [
                121.27102826715308,
                25.12248434529558
              ],
              [
                121.271226431996,
                25.12248434529558
              ],
              [
                121.271226431996,
                25.1249930932414
              ],
              [
                121.25695856330644,
                25.1249930932414
              ]
            ]
          ],
          [
            [
              [
                121.25973287110719,
                25.12248434529558
              ],
              [
                121.25973287110719,
                25.12221555087281
              ],
              [
                121.260129200793,
                25.12221555087281
              ],
              [
                121.260129200793,
                25.12248434529558
              ],
              [
                121.25973287110719,
                25.12248434529558
              ]
            ]
          ],
          [
            [
              [
                121.24001546923759,
                25.122305149013734
              ],
              [
                121.24001546923759,
                25.12221555087281
              ],
              [
                121.24011455165903,
                25.12221555087281
              ],
              [
                121.24011455165903,
                25.122305149013734
              ],
              [
                121.24001546923759,
                25.122305149013734
              ]
            ]
          ],
          [
            [
              [
                121.24169987040233,
                25.12212595273189
              ],
              [
                121.24169987040233,
                25.1217675601682
              ],
              [
                121.24160078798087,
                25.1217675601682
              ],
              [
                121.24160078798087,
                25.121677962027277
              ],
              [
                121.24179895282379,
                25.121677962027277
              ],
              [
                121.24179895282379,
                25.12212595273189
              ],
              [
                121.24169987040233,
                25.12212595273189
              ]
            ]
          ],
          [
            [
              [
                121.25755305783517,
                25.121229971322666
              ],
              [
                121.25755305783517,
                25.121140373181746
              ],
              [
                121.25775122267808,
                25.121140373181746
              ],
              [
                121.25775122267808,
                25.121229971322666
              ],
              [
                121.25755305783517,
                25.121229971322666
              ]
            ]
          ],
          [
            [
              [
                121.26587598123741,
                25.12060278433621
              ],
              [
                121.26587598123741,
                25.12051318619529
              ],
              [
                121.26607414608033,
                25.12051318619529
              ],
              [
                121.26607414608033,
                25.12060278433621
              ],
              [
                121.26587598123741,
                25.12060278433621
              ]
            ]
          ],
          [
            [
              [
                121.2111824845941,
                25.108327839029865
              ],
              [
                121.2111824845941,
                25.10823824088894
              ],
              [
                121.21108340217265,
                25.10823824088894
              ],
              [
                121.21108340217265,
                25.1080590446071
              ],
              [
                121.2111824845941,
                25.1080590446071
              ],
              [
                121.2111824845941,
                25.10814864274802
              ],
              [
                121.21128156701555,
                25.10814864274802
              ],
              [
                121.21128156701555,
                25.10823824088894
              ],
              [
                121.211380649437,
                25.10823824088894
              ],
              [
                121.211380649437,
                25.108327839029865
              ],
              [
                121.2111824845941,
                25.108327839029865
              ]
            ]
          ],
          [
            [
              [
                121.20513845688532,
                25.105191904097587
              ],
              [
                121.20513845688532,
                25.105102305956663
              ],
              [
                121.20503937446387,
                25.105102305956663
              ],
              [
                121.20503937446387,
                25.104923109674818
              ],
              [
                121.20513845688532,
                25.104923109674818
              ],
              [
                121.20513845688532,
                25.105012707815742
              ],
              [
                121.20533662172824,
                25.105012707815742
              ],
              [
                121.20533662172824,
                25.105102305956663
              ],
              [
                121.20523753930678,
                25.105102305956663
              ],
              [
                121.20523753930678,
                25.105191904097587
              ],
              [
                121.20513845688532,
                25.105191904097587
              ]
            ]
          ],
          [
            [
              [
                121.2045439623566,
                25.104923109674818
              ],
              [
                121.2045439623566,
                25.104743913392976
              ],
              [
                121.20474212719951,
                25.104743913392976
              ],
              [
                121.20474212719951,
                25.104923109674818
              ],
              [
                121.2045439623566,
                25.104923109674818
              ]
            ]
          ],
          [
            [
              [
                121.20176965455585,
                25.103937530124675
              ],
              [
                121.20176965455585,
                25.10384793198375
              ],
              [
                121.2018687369773,
                25.10384793198375
              ],
              [
                121.2018687369773,
                25.103937530124675
              ],
              [
                121.20176965455585,
                25.103937530124675
              ]
            ]
          ],
          [
            [
              [
                121.20127424244856,
                25.10375833384283
              ],
              [
                121.20127424244856,
                25.103579137560985
              ],
              [
                121.2018687369773,
                25.103579137560985
              ],
              [
                121.2018687369773,
                25.10366873570191
              ],
              [
                121.20176965455585,
                25.10366873570191
              ],
              [
                121.20176965455585,
                25.10375833384283
              ],
              [
                121.20127424244856,
                25.10375833384283
              ]
            ]
          ],
          [
            [
              [
                121.20038250065546,
                25.103220744997298
              ],
              [
                121.20038250065546,
                25.103131146856374
              ],
              [
                121.20028341823402,
                25.103131146856374
              ],
              [
                121.20028341823402,
                25.103041548715453
              ],
              [
                121.20058066549838,
                25.103041548715453
              ],
              [
                121.20058066549838,
                25.103220744997298
              ],
              [
                121.20038250065546,
                25.103220744997298
              ]
            ]
          ],
          [
            [
              [
                121.19968892370528,
                25.10295195057453
              ],
              [
                121.19968892370528,
                25.102772754292687
              ],
              [
                121.19978800612674,
                25.102772754292687
              ],
              [
                121.19978800612674,
                25.102862352433608
              ],
              [
                121.19998617096965,
                25.102862352433608
              ],
              [
                121.19998617096965,
                25.10295195057453
              ],
              [
                121.19968892370528,
                25.10295195057453
              ]
            ]
          ],
          [
            [
              [
                121.19849993464783,
                25.102503959869917
              ],
              [
                121.19849993464783,
                25.102414361728997
              ],
              [
                121.19830176980491,
                25.102414361728997
              ],
              [
                121.19830176980491,
                25.10223516544715
              ],
              [
                121.19840085222637,
                25.10223516544715
              ],
              [
                121.19840085222637,
                25.102324763588076
              ],
              [
                121.19859901706927,
                25.102324763588076
              ],
              [
                121.19859901706927,
                25.102503959869917
              ],
              [
                121.19849993464783,
                25.102503959869917
              ]
            ]
          ],
          [
            [
              [
                121.1963201213758,
                25.101607978460695
              ],
              [
                121.1963201213758,
                25.101518380319774
              ],
              [
                121.19622103895435,
                25.101518380319774
              ],
              [
                121.19622103895435,
                25.101428782178854
              ],
              [
                121.19641920379726,
                25.101428782178854
              ],
              [
                121.19641920379726,
                25.10133918403793
              ],
              [
                121.19661736864018,
                25.10133918403793
              ],
              [
                121.19661736864018,
                25.10124958589701
              ],
              [
                121.19681553348308,
                25.10124958589701
              ],
              [
                121.19681553348308,
                25.10133918403793
              ],
              [
                121.19691461590453,
                25.10133918403793
              ],
              [
                121.19691461590453,
                25.101428782178854
              ],
              [
                121.19701369832599,
                25.101428782178854
              ],
              [
                121.19701369832599,
                25.101518380319774
              ],
              [
                121.19711278074745,
                25.101518380319774
              ],
              [
                121.19711278074745,
                25.101607978460695
              ],
              [
                121.19671645106163,
                25.101607978460695
              ],
              [
                121.19671645106163,
                25.101518380319774
              ],
              [
                121.19661736864018,
                25.101518380319774
              ],
              [
                121.19661736864018,
                25.101607978460695
              ],
              [
                121.1963201213758,
                25.101607978460695
              ]
            ]
          ],
          [
            [
              [
                121.19602287411143,
                25.10053280076963
              ],
              [
                121.19602287411143,
                25.100443202628707
              ],
              [
                121.19592379168998,
                25.100443202628707
              ],
              [
                121.19592379168998,
                25.100264006346862
              ],
              [
                121.19612195653289,
                25.100264006346862
              ],
              [
                121.19612195653289,
                25.10053280076963
              ],
              [
                121.19602287411143,
                25.10053280076963
              ]
            ]
          ],
          [
            [
              [
                121.19453663778961,
                25.099099230514874
              ],
              [
                121.19453663778961,
                25.09892003423303
              ],
              [
                121.19473480263252,
                25.09892003423303
              ],
              [
                121.19473480263252,
                25.099009632373953
              ],
              [
                121.19463572021107,
                25.099009632373953
              ],
              [
                121.19463572021107,
                25.099099230514874
              ],
              [
                121.19453663778961,
                25.099099230514874
              ]
            ]
          ],
          [
            [
              [
                121.19443755536815,
                25.09892003423303
              ],
              [
                121.19443755536815,
                25.098830436092108
              ],
              [
                121.19453663778961,
                25.098830436092108
              ],
              [
                121.19453663778961,
                25.09892003423303
              ],
              [
                121.19443755536815,
                25.09892003423303
              ]
            ]
          ],
          [
            [
              [
                121.19205957725323,
                25.09766566026012
              ],
              [
                121.19205957725323,
                25.097486463978274
              ],
              [
                121.19215865967469,
                25.097486463978274
              ],
              [
                121.19215865967469,
                25.09766566026012
              ],
              [
                121.19205957725323,
                25.09766566026012
              ]
            ]
          ],
          [
            [
              [
                121.18978068155975,
                25.096590482569052
              ],
              [
                121.18978068155975,
                25.096411286287207
              ],
              [
                121.19007792882412,
                25.096411286287207
              ],
              [
                121.19007792882412,
                25.096590482569052
              ],
              [
                121.18978068155975,
                25.096590482569052
              ]
            ]
          ],
          [
            [
              [
                121.18938435187394,
                25.096321688146283
              ],
              [
                121.18938435187394,
                25.096232090005362
              ],
              [
                121.18928526945248,
                25.096232090005362
              ],
              [
                121.18928526945248,
                25.096052893723517
              ],
              [
                121.18938435187394,
                25.096052893723517
              ],
              [
                121.18938435187394,
                25.09578409930075
              ],
              [
                121.1894834342954,
                25.09578409930075
              ],
              [
                121.1894834342954,
                25.09569450115983
              ],
              [
                121.18958251671684,
                25.09569450115983
              ],
              [
                121.18958251671684,
                25.09542570673706
              ],
              [
                121.1894834342954,
                25.09542570673706
              ],
              [
                121.1894834342954,
                25.09533610859614
              ],
              [
                121.18958251671684,
                25.09533610859614
              ],
              [
                121.18958251671684,
                25.095067314173374
              ],
              [
                121.1896815991383,
                25.095067314173374
              ],
              [
                121.1896815991383,
                25.095156912314295
              ],
              [
                121.18978068155975,
                25.095156912314295
              ],
              [
                121.18978068155975,
                25.09533610859614
              ],
              [
                121.18987976398121,
                25.09533610859614
              ],
              [
                121.18987976398121,
                25.095515304877985
              ],
              [
                121.18997884640267,
                25.095515304877985
              ],
              [
                121.18997884640267,
                25.09569450115983
              ],
              [
                121.18987976398121,
                25.09569450115983
              ],
              [
                121.18987976398121,
                25.09587369744167
              ],
              [
                121.18978068155975,
                25.09587369744167
              ],
              [
                121.18978068155975,
                25.095963295582596
              ],
              [
                121.1896815991383,
                25.095963295582596
              ],
              [
                121.1896815991383,
                25.096052893723517
              ],
              [
                121.18958251671684,
                25.096052893723517
              ],
              [
                121.18958251671684,
                25.09614249186444
              ],
              [
                121.1894834342954,
                25.09614249186444
              ],
              [
                121.1894834342954,
                25.096321688146283
              ],
              [
                121.18938435187394,
                25.096321688146283
              ]
            ]
          ],
          [
            [
              [
                121.149355053606,
                25.1249930932414
              ],
              [
                121.149355053606,
                25.083957144699017
              ],
              [
                121.15262477351402,
                25.083957144699017
              ],
              [
                121.15262477351402,
                25.083867546558093
              ],
              [
                121.1549036692075,
                25.083867546558093
              ],
              [
                121.1549036692075,
                25.083777948417172
              ],
              [
                121.15629082310787,
                25.083777948417172
              ],
              [
                121.15629082310787,
                25.083867546558093
              ],
              [
                121.15638990552932,
                25.083867546558093
              ],
              [
                121.15638990552932,
                25.083957144699017
              ],
              [
                121.15648898795078,
                25.083957144699017
              ],
              [
                121.15648898795078,
                25.08413634098086
              ],
              [
                121.15658807037224,
                25.08413634098086
              ],
              [
                121.15658807037224,
                25.084225939121783
              ],
              [
                121.1566871527937,
                25.084225939121783
              ],
              [
                121.1566871527937,
                25.084405135403628
              ],
              [
                121.15678623521515,
                25.084405135403628
              ],
              [
                121.15678623521515,
                25.08449473354455
              ],
              [
                121.15688531763661,
                25.08449473354455
              ],
              [
                121.15688531763661,
                25.084673929826394
              ],
              [
                121.15698440005806,
                25.084673929826394
              ],
              [
                121.15698440005806,
                25.08485312610824
              ],
              [
                121.1570834824795,
                25.08485312610824
              ],
              [
                121.1570834824795,
                25.085032322390084
              ],
              [
                121.15718256490096,
                25.085032322390084
              ],
              [
                121.15718256490096,
                25.08530111681285
              ],
              [
                121.15728164732242,
                25.08530111681285
              ],
              [
                121.15728164732242,
                25.085480313094696
              ],
              [
                121.15738072974388,
                25.085480313094696
              ],
              [
                121.15738072974388,
                25.08574910751746
              ],
              [
                121.15747981216533,
                25.08574910751746
              ],
              [
                121.15747981216533,
                25.085928303799307
              ],
              [
                121.15757889458679,
                25.085928303799307
              ],
              [
                121.15757889458679,
                25.086107500081148
              ],
              [
                121.15767797700825,
                25.086107500081148
              ],
              [
                121.15767797700825,
                25.086286696362993
              ],
              [
                121.1577770594297,
                25.086286696362993
              ],
              [
                121.1577770594297,
                25.08646589264484
              ],
              [
                121.15787614185116,
                25.08646589264484
              ],
              [
                121.15787614185116,
                25.086645088926684
              ],
              [
                121.1579752242726,
                25.086645088926684
              ],
              [
                121.1579752242726,
                25.08682428520853
              ],
              [
                121.15807430669406,
                25.08682428520853
              ],
              [
                121.15807430669406,
                25.08691388334945
              ],
              [
                121.15817338911552,
                25.08691388334945
              ],
              [
                121.15817338911552,
                25.08700348149037
              ],
              [
                121.15827247153697,
                25.08700348149037
              ],
              [
                121.15827247153697,
                25.087182677772216
              ],
              [
                121.15837155395843,
                25.087182677772216
              ],
              [
                121.15837155395843,
                25.08727227591314
              ],
              [
                121.15847063637989,
                25.08727227591314
              ],
              [
                121.15847063637989,
                25.08736187405406
              ],
              [
                121.15856971880135,
                25.08736187405406
              ],
              [
                121.15856971880135,
                25.08745147219498
              ],
              [
                121.1586688012228,
                25.08745147219498
              ],
              [
                121.1586688012228,
                25.087541070335906
              ],
              [
                121.15876788364426,
                25.087541070335906
              ],
              [
                121.15876788364426,
                25.087630668476827
              ],
              [
                121.1588669660657,
                25.087630668476827
              ],
              [
                121.1588669660657,
                25.08772026661775
              ],
              [
                121.15896604848716,
                25.08772026661775
              ],
              [
                121.15896604848716,
                25.087809864758672
              ],
              [
                121.15906513090862,
                25.087809864758672
              ],
              [
                121.15906513090862,
                25.087899462899593
              ],
              [
                121.15926329575153,
                25.087899462899593
              ],
              [
                121.15926329575153,
                25.087989061040517
              ],
              [
                121.15936237817299,
                25.087989061040517
              ],
              [
                121.15936237817299,
                25.088078659181438
              ],
              [
                121.1595605430159,
                25.088078659181438
              ],
              [
                121.1595605430159,
                25.088168257322362
              ],
              [
                121.15965962543736,
                25.088168257322362
              ],
              [
                121.15965962543736,
                25.088257855463283
              ],
              [
                121.15985779028026,
                25.088257855463283
              ],
              [
                121.15985779028026,
                25.088347453604204
              ],
              [
                121.16005595512317,
                25.088347453604204
              ],
              [
                121.16005595512317,
                25.088437051745128
              ],
              [
                121.16025411996608,
                25.088437051745128
              ],
              [
                121.16025411996608,
                25.08852664988605
              ],
              [
                121.16174035628791,
                25.08852664988605
              ],
              [
                121.16174035628791,
                25.088616248026973
              ],
              [
                121.16372200471702,
                25.088616248026973
              ],
              [
                121.16372200471702,
                25.088705846167894
              ],
              [
                121.16560457072467,
                25.088705846167894
              ],
              [
                121.16560457072467,
                25.08879544430882
              ],
              [
                121.16709080704649,
                25.08879544430882
              ],
              [
                121.16709080704649,
                25.08888504244974
              ],
              [
                121.16847796094687,
                25.08888504244974
              ],
              [
                121.16847796094687,
                25.08897464059066
              ],
              [
                121.16897337305414,
                25.08897464059066
              ],
              [
                121.16897337305414,
                25.089064238731584
              ],
              [
                121.16927062031851,
                25.089064238731584
              ],
              [
                121.16927062031851,
                25.089153836872505
              ],
              [
                121.16956786758288,
                25.089153836872505
              ],
              [
                121.16956786758288,
                25.08924343501343
              ],
              [
                121.16976603242578,
                25.08924343501343
              ],
              [
                121.16976603242578,
                25.08933303315435
              ],
              [
                121.1699641972687,
                25.08933303315435
              ],
              [
                121.1699641972687,
                25.08942263129527
              ],
              [
                121.17016236211161,
                25.08942263129527
              ],
              [
                121.17016236211161,
                25.089512229436195
              ],
              [
                121.17026144453307,
                25.089512229436195
              ],
              [
                121.17026144453307,
                25.089601827577116
              ],
              [
                121.17045960937598,
                25.089601827577116
              ],
              [
                121.17045960937598,
                25.08969142571804
              ],
              [
                121.17055869179744,
                25.08969142571804
              ],
              [
                121.17055869179744,
                25.08978102385896
              ],
              [
                121.17065777421888,
                25.08978102385896
              ],
              [
                121.17065777421888,
                25.089870621999882
              ],
              [
                121.17075685664034,
                25.089870621999882
              ],
              [
                121.17075685664034,
                25.089960220140807
              ],
              [
                121.1708559390618,
                25.089960220140807
              ],
              [
                121.1708559390618,
                25.090049818281727
              ],
              [
                121.17095502148325,
                25.090049818281727
              ],
              [
                121.17095502148325,
                25.09013941642265
              ],
              [
                121.17105410390471,
                25.09013941642265
              ],
              [
                121.17105410390471,
                25.090229014563572
              ],
              [
                121.17115318632617,
                25.090229014563572
              ],
              [
                121.17115318632617,
                25.090318612704493
              ],
              [
                121.17125226874762,
                25.090318612704493
              ],
              [
                121.17125226874762,
                25.090408210845418
              ],
              [
                121.17135135116908,
                25.090408210845418
              ],
              [
                121.17135135116908,
                25.09049780898634
              ],
              [
                121.17145043359054,
                25.09049780898634
              ],
              [
                121.17145043359054,
                25.090587407127263
              ],
              [
                121.17154951601198,
                25.090587407127263
              ],
              [
                121.17154951601198,
                25.090677005268184
              ],
              [
                121.17164859843344,
                25.090677005268184
              ],
              [
                121.17164859843344,
                25.090766603409104
              ],
              [
                121.17174768085489,
                25.090766603409104
              ],
              [
                121.17174768085489,
                25.09085620155003
              ],
              [
                121.17184676327635,
                25.09085620155003
              ],
              [
                121.17184676327635,
                25.09094579969095
              ],
              [
                121.1719458456978,
                25.09094579969095
              ],
              [
                121.1719458456978,
                25.091035397831874
              ],
              [
                121.17214401054072,
                25.091035397831874
              ],
              [
                121.17214401054072,
                25.091124995972795
              ],
              [
                121.17224309296218,
                25.091124995972795
              ],
              [
                121.17224309296218,
                25.091214594113715
              ],
              [
                121.17234217538363,
                25.091214594113715
              ],
              [
                121.17234217538363,
                25.09130419225464
              ],
              [
                121.17244125780508,
                25.09130419225464
              ],
              [
                121.17244125780508,
                25.09139379039556
              ],
              [
                121.17254034022653,
                25.09139379039556
              ],
              [
                121.17254034022653,
                25.091483388536485
              ],
              [
                121.17273850506945,
                25.091483388536485
              ],
              [
                121.17273850506945,
                25.091572986677406
              ],
              [
                121.1728375874909,
                25.091572986677406
              ],
              [
                121.1728375874909,
                25.091662584818327
              ],
              [
                121.17293666991236,
                25.091662584818327
              ],
              [
                121.17293666991236,
                25.09175218295925
              ],
              [
                121.17303575233382,
                25.09175218295925
              ],
              [
                121.17303575233382,
                25.09184178110017
              ],
              [
                121.17313483475527,
                25.09184178110017
              ],
              [
                121.17313483475527,
                25.091931379241096
              ],
              [
                121.17333299959817,
                25.091931379241096
              ],
              [
                121.17333299959817,
                25.092020977382017
              ],
              [
                121.17343208201963,
                25.092020977382017
              ],
              [
                121.17343208201963,
                25.092200173663862
              ],
              [
                121.17353116444109,
                25.092200173663862
              ],
              [
                121.17353116444109,
                25.092289771804783
              ],
              [
                121.17363024686254,
                25.092289771804783
              ],
              [
                121.17363024686254,
                25.092379369945707
              ],
              [
                121.173729329284,
                25.092379369945707
              ],
              [
                121.173729329284,
                25.092468968086628
              ],
              [
                121.17382841170546,
                25.092468968086628
              ],
              [
                121.17382841170546,
                25.092558566227552
              ],
              [
                121.17392749412691,
                25.092558566227552
              ],
              [
                121.17392749412691,
                25.092648164368473
              ],
              [
                121.17402657654837,
                25.092648164368473
              ],
              [
                121.17402657654837,
                25.09282736065032
              ],
              [
                121.17412565896983,
                25.09282736065032
              ],
              [
                121.17412565896983,
                25.09291695879124
              ],
              [
                121.17422474139127,
                25.09291695879124
              ],
              [
                121.17422474139127,
                25.093096155073084
              ],
              [
                121.17432382381273,
                25.093096155073084
              ],
              [
                121.17432382381273,
                25.093185753214005
              ],
              [
                121.17442290623418,
                25.093185753214005
              ],
              [
                121.17442290623418,
                25.09336494949585
              ],
              [
                121.17452198865564,
                25.09336494949585
              ],
              [
                121.17452198865564,
                25.093544145777695
              ],
              [
                121.1746210710771,
                25.093544145777695
              ],
              [
                121.1746210710771,
                25.093633743918616
              ],
              [
                121.17472015349855,
                25.093633743918616
              ],
              [
                121.17472015349855,
                25.09381294020046
              ],
              [
                121.17481923592001,
                25.09381294020046
              ],
              [
                121.17481923592001,
                25.093902538341386
              ],
              [
                121.17491831834147,
                25.093902538341386
              ],
              [
                121.17491831834147,
                25.094081734623227
              ],
              [
                121.17501740076293,
                25.094081734623227
              ],
              [
                121.17501740076293,
                25.09417133276415
              ],
              [
                121.17511648318437,
                25.09417133276415
              ],
              [
                121.17511648318437,
                25.094260930905072
              ],
              [
                121.17521556560582,
                25.094260930905072
              ],
              [
                121.17521556560582,
                25.094350529045997
              ],
              [
                121.17531464802728,
                25.094350529045997
              ],
              [
                121.17531464802728,
                25.09452972532784
              ],
              [
                121.17541373044874,
                25.09452972532784
              ],
              [
                121.17541373044874,
                25.094619323468763
              ],
              [
                121.1755128128702,
                25.094619323468763
              ],
              [
                121.1755128128702,
                25.094708921609683
              ],
              [
                121.17561189529165,
                25.094708921609683
              ],
              [
                121.17561189529165,
                25.094798519750608
              ],
              [
                121.17571097771311,
                25.094798519750608
              ],
              [
                121.17571097771311,
                25.09488811789153
              ],
              [
                121.17581006013457,
                25.09488811789153
              ],
              [
                121.17581006013457,
                25.09497771603245
              ],
              [
                121.17590914255602,
                25.09497771603245
              ],
              [
                121.17590914255602,
                25.095067314173374
              ],
              [
                121.17600822497747,
                25.095067314173374
              ],
              [
                121.17600822497747,
                25.09524651045522
              ],
              [
                121.17610730739892,
                25.09524651045522
              ],
              [
                121.17610730739892,
                25.09533610859614
              ],
              [
                121.17620638982038,
                25.09533610859614
              ],
              [
                121.17620638982038,
                25.09542570673706
              ],
              [
                121.17630547224184,
                25.09542570673706
              ],
              [
                121.17630547224184,
                25.095515304877985
              ],
              [
                121.17640455466329,
                25.095515304877985
              ],
              [
                121.17640455466329,
                25.095604903018906
              ],
              [
                121.1766027195062,
                25.095604903018906
              ],
              [
                121.1766027195062,
                25.09569450115983
              ],
              [
                121.17670180192766,
                25.09569450115983
              ],
              [
                121.17670180192766,
                25.09578409930075
              ],
              [
                121.17680088434912,
                25.09578409930075
              ],
              [
                121.17680088434912,
                25.09587369744167
              ],
              [
                121.17689996677056,
                25.09587369744167
              ],
              [
                121.17689996677056,
                25.095963295582596
              ],
              [
                121.17699904919202,
                25.095963295582596
              ],
              [
                121.17699904919202,
                25.096052893723517
              ],
              [
                121.17898069762113,
                25.096052893723517
              ],
              [
                121.17898069762113,
                25.095963295582596
              ],
              [
                121.18007060425714,
                25.095963295582596
              ],
              [
                121.18007060425714,
                25.09587369744167
              ],
              [
                121.18135867573606,
                25.09587369744167
              ],
              [
                121.18135867573606,
                25.095963295582596
              ],
              [
                121.18155684057896,
                25.095963295582596
              ],
              [
                121.18155684057896,
                25.096052893723517
              ],
              [
                121.18175500542188,
                25.096052893723517
              ],
              [
                121.18175500542188,
                25.09614249186444
              ],
              [
                121.18185408784333,
                25.09614249186444
              ],
              [
                121.18185408784333,
                25.096232090005362
              ],
              [
                121.18205225268625,
                25.096232090005362
              ],
              [
                121.18205225268625,
                25.096321688146283
              ],
              [
                121.1821513351077,
                25.096321688146283
              ],
              [
                121.1821513351077,
                25.096411286287207
              ],
              [
                121.18225041752916,
                25.096411286287207
              ],
              [
                121.18225041752916,
                25.096500884428128
              ],
              [
                121.18244858237206,
                25.096500884428128
              ],
              [
                121.18244858237206,
                25.096590482569052
              ],
              [
                121.18254766479352,
                25.096590482569052
              ],
              [
                121.18254766479352,
                25.096680080709973
              ],
              [
                121.18264674721497,
                25.096680080709973
              ],
              [
                121.18264674721497,
                25.096769678850897
              ],
              [
                121.18274582963643,
                25.096769678850897
              ],
              [
                121.18274582963643,
                25.096859276991818
              ],
              [
                121.18284491205789,
                25.096859276991818
              ],
              [
                121.18284491205789,
                25.09694887513274
              ],
              [
                121.18294399447934,
                25.09694887513274
              ],
              [
                121.18294399447934,
                25.097038473273663
              ],
              [
                121.1830430769008,
                25.097038473273663
              ],
              [
                121.1830430769008,
                25.097128071414584
              ],
              [
                121.18314215932226,
                25.097128071414584
              ],
              [
                121.18314215932226,
                25.09721766955551
              ],
              [
                121.1832412417437,
                25.09721766955551
              ],
              [
                121.1832412417437,
                25.09730726769643
              ],
              [
                121.18334032416516,
                25.09730726769643
              ],
              [
                121.18334032416516,
                25.097486463978274
              ],
              [
                121.18343940658661,
                25.097486463978274
              ],
              [
                121.18343940658661,
                25.097576062119195
              ],
              [
                121.18353848900807,
                25.097576062119195
              ],
              [
                121.18353848900807,
                25.09766566026012
              ],
              [
                121.18363757142953,
                25.09766566026012
              ],
              [
                121.18363757142953,
                25.09775525840104
              ],
              [
                121.18373665385099,
                25.09775525840104
              ],
              [
                121.18373665385099,
                25.09784485654196
              ],
              [
                121.18383573627244,
                25.09784485654196
              ],
              [
                121.18383573627244,
                25.097934454682886
              ],
              [
                121.1839348186939,
                25.097934454682886
              ],
              [
                121.1839348186939,
                25.098024052823806
              ],
              [
                121.18403390111536,
                25.098024052823806
              ],
              [
                121.18403390111536,
                25.09811365096473
              ],
              [
                121.18423206595826,
                25.09811365096473
              ],
              [
                121.18423206595826,
                25.09820324910565
              ],
              [
                121.18433114837971,
                25.09820324910565
              ],
              [
                121.18433114837971,
                25.098292847246572
              ],
              [
                121.18452931322263,
                25.098292847246572
              ],
              [
                121.18452931322263,
                25.098382445387497
              ],
              [
                121.18462839564408,
                25.098382445387497
              ],
              [
                121.18462839564408,
                25.098472043528417
              ],
              [
                121.184826560487,
                25.098472043528417
              ],
              [
                121.184826560487,
                25.098561641669342
              ],
              [
                121.1850247253299,
                25.098561641669342
              ],
              [
                121.1850247253299,
                25.098651239810263
              ],
              [
                121.18512380775135,
                25.098651239810263
              ],
              [
                121.18512380775135,
                25.098740837951183
              ],
              [
                121.18532197259427,
                25.098740837951183
              ],
              [
                121.18532197259427,
                25.098830436092108
              ],
              [
                121.1857183022801,
                25.098830436092108
              ],
              [
                121.1857183022801,
                25.09892003423303
              ],
              [
                121.1861146319659,
                25.09892003423303
              ],
              [
                121.1861146319659,
                25.099009632373953
              ],
              [
                121.18661004407319,
                25.099009632373953
              ],
              [
                121.18661004407319,
                25.099099230514874
              ],
              [
                121.18710545618046,
                25.099099230514874
              ],
              [
                121.18710545618046,
                25.099188828655794
              ],
              [
                121.18760086828775,
                25.099188828655794
              ],
              [
                121.18760086828775,
                25.09927842679672
              ],
              [
                121.18799719797356,
                25.09927842679672
              ],
              [
                121.18799719797356,
                25.09936802493764
              ],
              [
                121.18839352765939,
                25.09936802493764
              ],
              [
                121.18839352765939,
                25.099457623078564
              ],
              [
                121.1887898573452,
                25.099457623078564
              ],
              [
                121.1887898573452,
                25.099547221219485
              ],
              [
                121.18918618703103,
                25.099547221219485
              ],
              [
                121.18918618703103,
                25.099636819360406
              ],
              [
                121.1894834342954,
                25.099636819360406
              ],
              [
                121.1894834342954,
                25.09972641750133
              ],
              [
                121.1896815991383,
                25.09972641750133
              ],
              [
                121.1896815991383,
                25.09981601564225
              ],
              [
                121.18987976398121,
                25.09981601564225
              ],
              [
                121.18987976398121,
                25.099905613783175
              ],
              [
                121.19007792882412,
                25.099905613783175
              ],
              [
                121.19007792882412,
                25.099995211924096
              ],
              [
                121.19027609366704,
                25.099995211924096
              ],
              [
                121.19027609366704,
                25.100084810065017
              ],
              [
                121.1903751760885,
                25.100084810065017
              ],
              [
                121.1903751760885,
                25.10017440820594
              ],
              [
                121.1905733409314,
                25.10017440820594
              ],
              [
                121.1905733409314,
                25.100264006346862
              ],
              [
                121.19067242335285,
                25.100264006346862
              ],
              [
                121.19067242335285,
                25.100353604487786
              ],
              [
                121.19077150577431,
                25.100353604487786
              ],
              [
                121.19077150577431,
                25.100443202628707
              ],
              [
                121.19096967061722,
                25.100443202628707
              ],
              [
                121.19096967061722,
                25.10053280076963
              ],
              [
                121.19106875303868,
                25.10053280076963
              ],
              [
                121.19106875303868,
                25.100622398910552
              ],
              [
                121.19116783546013,
                25.100622398910552
              ],
              [
                121.19116783546013,
                25.100711997051473
              ],
              [
                121.19126691788159,
                25.100711997051473
              ],
              [
                121.19126691788159,
                25.100801595192397
              ],
              [
                121.19136600030303,
                25.100801595192397
              ],
              [
                121.19136600030303,
                25.100891193333318
              ],
              [
                121.19146508272449,
                25.100891193333318
              ],
              [
                121.19146508272449,
                25.100980791474242
              ],
              [
                121.19156416514595,
                25.100980791474242
              ],
              [
                121.19156416514595,
                25.101070389615163
              ],
              [
                121.1916632475674,
                25.101070389615163
              ],
              [
                121.1916632475674,
                25.101159987756084
              ],
              [
                121.19176232998886,
                25.101159987756084
              ],
              [
                121.19176232998886,
                25.10133918403793
              ],
              [
                121.19186141241032,
                25.10133918403793
              ],
              [
                121.19186141241032,
                25.101428782178854
              ],
              [
                121.19196049483178,
                25.101428782178854
              ],
              [
                121.19196049483178,
                25.101607978460695
              ],
              [
                121.19205957725323,
                25.101607978460695
              ],
              [
                121.19205957725323,
                25.10169757660162
              ],
              [
                121.19215865967469,
                25.10169757660162
              ],
              [
                121.19215865967469,
                25.10178717474254
              ],
              [
                121.19225774209613,
                25.10178717474254
              ],
              [
                121.19225774209613,
                25.101966371024385
              ],
              [
                121.19235682451759,
                25.101966371024385
              ],
              [
                121.19235682451759,
                25.102055969165306
              ],
              [
                121.19245590693905,
                25.102055969165306
              ],
              [
                121.19245590693905,
                25.10214556730623
              ],
              [
                121.1925549893605,
                25.10214556730623
              ],
              [
                121.1925549893605,
                25.10223516544715
              ],
              [
                121.19265407178196,
                25.10223516544715
              ],
              [
                121.19265407178196,
                25.102324763588076
              ],
              [
                121.19275315420342,
                25.102324763588076
              ],
              [
                121.19275315420342,
                25.102503959869917
              ],
              [
                121.19285223662487,
                25.102503959869917
              ],
              [
                121.19285223662487,
                25.10259355801084
              ],
              [
                121.19295131904633,
                25.10259355801084
              ],
              [
                121.19295131904633,
                25.102683156151762
              ],
              [
                121.19305040146779,
                25.102683156151762
              ],
              [
                121.19305040146779,
                25.102772754292687
              ],
              [
                121.19314948388923,
                25.102772754292687
              ],
              [
                121.19314948388923,
                25.102862352433608
              ],
              [
                121.19324856631069,
                25.102862352433608
              ],
              [
                121.19324856631069,
                25.10295195057453
              ],
              [
                121.19334764873214,
                25.10295195057453
              ],
              [
                121.19334764873214,
                25.103131146856374
              ],
              [
                121.1934467311536,
                25.103131146856374
              ],
              [
                121.1934467311536,
                25.103220744997298
              ],
              [
                121.19354581357506,
                25.103220744997298
              ],
              [
                121.19354581357506,
                25.10331034313822
              ],
              [
                121.19364489599651,
                25.10331034313822
              ],
              [
                121.19364489599651,
                25.10339994127914
              ],
              [
                121.19374397841797,
                25.10339994127914
              ],
              [
                121.19374397841797,
                25.103489539420064
              ],
              [
                121.19384306083943,
                25.103489539420064
              ],
              [
                121.19384306083943,
                25.103579137560985
              ],
              [
                121.19404122568233,
                25.103579137560985
              ],
              [
                121.19404122568233,
                25.10366873570191
              ],
              [
                121.19414030810378,
                25.10366873570191
              ],
              [
                121.19414030810378,
                25.10375833384283
              ],
              [
                121.1943384729467,
                25.10375833384283
              ],
              [
                121.1943384729467,
                25.10384793198375
              ],
              [
                121.19453663778961,
                25.10384793198375
              ],
              [
                121.19453663778961,
                25.103937530124675
              ],
              [
                121.19473480263252,
                25.103937530124675
              ],
              [
                121.19473480263252,
                25.104027128265596
              ],
              [
                121.19493296747544,
                25.104027128265596
              ],
              [
                121.19493296747544,
                25.10411672640652
              ],
              [
                121.19513113231834,
                25.10411672640652
              ],
              [
                121.19513113231834,
                25.10420632454744
              ],
              [
                121.19532929716125,
                25.10420632454744
              ],
              [
                121.19532929716125,
                25.104295922688365
              ],
              [
                121.19562654442562,
                25.104295922688365
              ],
              [
                121.19562654442562,
                25.104385520829286
              ],
              [
                121.19582470926854,
                25.104385520829286
              ],
              [
                121.19582470926854,
                25.104475118970207
              ],
              [
                121.19612195653289,
                25.104475118970207
              ],
              [
                121.19612195653289,
                25.10456471711113
              ],
              [
                121.19641920379726,
                25.10456471711113
              ],
              [
                121.19641920379726,
                25.104654315252052
              ],
              [
                121.19671645106163,
                25.104654315252052
              ],
              [
                121.19671645106163,
                25.104743913392976
              ],
              [
                121.19701369832599,
                25.104743913392976
              ],
              [
                121.19701369832599,
                25.104833511533897
              ],
              [
                121.19741002801182,
                25.104833511533897
              ],
              [
                121.19741002801182,
                25.104923109674818
              ],
              [
                121.19770727527617,
                25.104923109674818
              ],
              [
                121.19770727527617,
                25.105012707815742
              ],
              [
                121.19800452254054,
                25.105012707815742
              ],
              [
                121.19800452254054,
                25.105102305956663
              ],
              [
                121.198103604962,
                25.105102305956663
              ],
              [
                121.198103604962,
                25.105191904097587
              ],
              [
                121.19830176980491,
                25.105191904097587
              ],
              [
                121.19830176980491,
                25.10528150223851
              ],
              [
                121.19840085222637,
                25.10528150223851
              ],
              [
                121.19840085222637,
                25.10537110037943
              ],
              [
                121.19849993464783,
                25.10537110037943
              ],
              [
                121.19849993464783,
                25.105460698520353
              ],
              [
                121.19859901706927,
                25.105460698520353
              ],
              [
                121.19859901706927,
                25.105550296661274
              ],
              [
                121.19869809949073,
                25.105550296661274
              ],
              [
                121.19869809949073,
                25.1056398948022
              ],
              [
                121.19879718191218,
                25.1056398948022
              ],
              [
                121.19879718191218,
                25.10572949294312
              ],
              [
                121.19889626433364,
                25.10572949294312
              ],
              [
                121.19889626433364,
                25.10581909108404
              ],
              [
                121.1989953467551,
                25.10581909108404
              ],
              [
                121.1989953467551,
                25.105908689224965
              ],
              [
                121.19909442917655,
                25.105908689224965
              ],
              [
                121.19909442917655,
                25.10608788550681
              ],
              [
                121.19919351159801,
                25.10608788550681
              ],
              [
                121.19919351159801,
                25.10617748364773
              ],
              [
                121.19929259401947,
                25.10617748364773
              ],
              [
                121.19929259401947,
                25.10626708178865
              ],
              [
                121.19939167644092,
                25.10626708178865
              ],
              [
                121.19939167644092,
                25.106356679929576
              ],
              [
                121.19949075886237,
                25.106356679929576
              ],
              [
                121.19949075886237,
                25.106446278070496
              ],
              [
                121.19958984128382,
                25.106446278070496
              ],
              [
                121.19958984128382,
                25.10653587621142
              ],
              [
                121.19968892370528,
                25.10653587621142
              ],
              [
                121.19968892370528,
                25.10662547435234
              ],
              [
                121.19978800612674,
                25.10662547435234
              ],
              [
                121.19978800612674,
                25.106715072493262
              ],
              [
                121.1998870885482,
                25.106715072493262
              ],
              [
                121.1998870885482,
                25.106804670634187
              ],
              [
                121.19998617096965,
                25.106804670634187
              ],
              [
                121.19998617096965,
                25.106894268775108
              ],
              [
                121.20008525339111,
                25.106894268775108
              ],
              [
                121.20008525339111,
                25.106983866916032
              ],
              [
                121.20028341823402,
                25.106983866916032
              ],
              [
                121.20028341823402,
                25.107073465056953
              ],
              [
                121.20038250065546,
                25.107073465056953
              ],
              [
                121.20038250065546,
                25.107163063197873
              ],
              [
                121.20048158307692,
                25.107163063197873
              ],
              [
                121.20048158307692,
                25.107252661338798
              ],
              [
                121.20058066549838,
                25.107252661338798
              ],
              [
                121.20058066549838,
                25.10734225947972
              ],
              [
                121.20077883034129,
                25.10734225947972
              ],
              [
                121.20077883034129,
                25.107431857620643
              ],
              [
                121.20087791276275,
                25.107431857620643
              ],
              [
                121.20087791276275,
                25.107521455761564
              ],
              [
                121.2009769951842,
                25.107521455761564
              ],
              [
                121.2009769951842,
                25.107611053902485
              ],
              [
                121.20117516002712,
                25.107611053902485
              ],
              [
                121.20117516002712,
                25.10770065204341
              ],
              [
                121.20127424244856,
                25.10770065204341
              ],
              [
                121.20127424244856,
                25.10779025018433
              ],
              [
                121.20147240729148,
                25.10779025018433
              ],
              [
                121.20147240729148,
                25.107879848325254
              ],
              [
                121.20157148971293,
                25.107879848325254
              ],
              [
                121.20157148971293,
                25.107969446466175
              ],
              [
                121.20176965455585,
                25.107969446466175
              ],
              [
                121.20176965455585,
                25.1080590446071
              ],
              [
                121.20196781939876,
                25.1080590446071
              ],
              [
                121.20196781939876,
                25.10814864274802
              ],
              [
                121.20216598424167,
                25.10814864274802
              ],
              [
                121.20216598424167,
                25.10823824088894
              ],
              [
                121.20256231392749,
                25.10823824088894
              ],
              [
                121.20256231392749,
                25.108327839029865
              ],
              [
                121.20285956119186,
                25.108327839029865
              ],
              [
                121.20285956119186,
                25.108417437170786
              ],
              [
                121.20315680845621,
                25.108417437170786
              ],
              [
                121.20315680845621,
                25.10850703531171
              ],
              [
                121.20345405572058,
                25.10850703531171
              ],
              [
                121.20345405572058,
                25.10859663345263
              ],
              [
                121.2036522205635,
                25.10859663345263
              ],
              [
                121.2036522205635,
                25.108686231593552
              ],
              [
                121.20385038540641,
                25.108686231593552
              ],
              [
                121.20385038540641,
                25.108775829734476
              ],
              [
                121.20404855024931,
                25.108775829734476
              ],
              [
                121.20404855024931,
                25.108865427875397
              ],
              [
                121.20424671509222,
                25.108865427875397
              ],
              [
                121.20424671509222,
                25.10895502601632
              ],
              [
                121.20444487993514,
                25.10895502601632
              ],
              [
                121.20444487993514,
                25.109044624157242
              ],
              [
                121.2045439623566,
                25.109044624157242
              ],
              [
                121.2045439623566,
                25.109134222298163
              ],
              [
                121.20474212719951,
                25.109134222298163
              ],
              [
                121.20474212719951,
                25.109223820439087
              ],
              [
                121.20484120962097,
                25.109223820439087
              ],
              [
                121.20484120962097,
                25.109313418580008
              ],
              [
                121.20494029204241,
                25.109313418580008
              ],
              [
                121.20494029204241,
                25.109403016720933
              ],
              [
                121.20503937446387,
                25.109403016720933
              ],
              [
                121.20503937446387,
                25.109492614861853
              ],
              [
                121.20513845688532,
                25.109492614861853
              ],
              [
                121.20513845688532,
                25.1096718111437
              ],
              [
                121.20523753930678,
                25.1096718111437
              ],
              [
                121.20523753930678,
                25.10976140928462
              ],
              [
                121.20533662172824,
                25.10976140928462
              ],
              [
                121.20533662172824,
                25.109851007425544
              ],
              [
                121.20543570414969,
                25.109851007425544
              ],
              [
                121.20543570414969,
                25.110030203707385
              ],
              [
                121.20553478657115,
                25.110030203707385
              ],
              [
                121.20553478657115,
                25.11011980184831
              ],
              [
                121.2056338689926,
                25.11011980184831
              ],
              [
                121.2056338689926,
                25.110298998130155
              ],
              [
                121.20573295141406,
                25.110298998130155
              ],
              [
                121.20573295141406,
                25.110478194411996
              ],
              [
                121.2058320338355,
                25.110478194411996
              ],
              [
                121.2058320338355,
                25.11056779255292
              ],
              [
                121.20593111625696,
                25.11056779255292
              ],
              [
                121.20593111625696,
                25.11065739069384
              ],
              [
                121.20603019867842,
                25.11065739069384
              ],
              [
                121.20603019867842,
                25.110746988834766
              ],
              [
                121.20612928109988,
                25.110746988834766
              ],
              [
                121.20612928109988,
                25.110836586975687
              ],
              [
                121.20622836352133,
                25.110836586975687
              ],
              [
                121.20622836352133,
                25.110926185116607
              ],
              [
                121.20642652836425,
                25.110926185116607
              ],
              [
                121.20642652836425,
                25.111015783257532
              ],
              [
                121.2065256107857,
                25.111015783257532
              ],
              [
                121.2065256107857,
                25.111105381398453
              ],
              [
                121.20662469320716,
                25.111105381398453
              ],
              [
                121.20662469320716,
                25.111194979539377
              ],
              [
                121.20682285805006,
                25.111194979539377
              ],
              [
                121.20682285805006,
                25.111284577680298
              ],
              [
                121.20692194047152,
                25.111284577680298
              ],
              [
                121.20692194047152,
                25.11137417582122
              ],
              [
                121.20702102289297,
                25.11137417582122
              ],
              [
                121.20702102289297,
                25.111463773962143
              ],
              [
                121.20721918773589,
                25.111463773962143
              ],
              [
                121.20721918773589,
                25.111553372103064
              ],
              [
                121.20731827015734,
                25.111553372103064
              ],
              [
                121.20731827015734,
                25.111642970243988
              ],
              [
                121.2074173525788,
                25.111642970243988
              ],
              [
                121.2074173525788,
                25.11173256838491
              ],
              [
                121.2076155174217,
                25.11173256838491
              ],
              [
                121.2076155174217,
                25.111822166525833
              ],
              [
                121.20771459984316,
                25.111822166525833
              ],
              [
                121.20771459984316,
                25.111911764666754
              ],
              [
                121.20781368226461,
                25.111911764666754
              ],
              [
                121.20781368226461,
                25.112001362807675
              ],
              [
                121.20801184710753,
                25.112001362807675
              ],
              [
                121.20801184710753,
                25.1120909609486
              ],
              [
                121.20811092952898,
                25.1120909609486
              ],
              [
                121.20811092952898,
                25.11218055908952
              ],
              [
                121.2083090943719,
                25.11218055908952
              ],
              [
                121.2083090943719,
                25.112270157230444
              ],
              [
                121.20840817679336,
                25.112270157230444
              ],
              [
                121.20840817679336,
                25.112359755371365
              ],
              [
                121.2085072592148,
                25.112359755371365
              ],
              [
                121.2085072592148,
                25.112449353512286
              ],
              [
                121.20870542405771,
                25.112449353512286
              ],
              [
                121.20870542405771,
                25.11253895165321
              ],
              [
                121.20880450647917,
                25.11253895165321
              ],
              [
                121.20880450647917,
                25.11262854979413
              ],
              [
                121.20890358890063,
                25.11262854979413
              ],
              [
                121.20890358890063,
                25.112718147935055
              ],
              [
                121.20910175374354,
                25.112718147935055
              ],
              [
                121.20910175374354,
                25.112807746075976
              ],
              [
                121.209200836165,
                25.112807746075976
              ],
              [
                121.209200836165,
                25.112897344216897
              ],
              [
                121.20929991858645,
                25.112897344216897
              ],
              [
                121.20929991858645,
                25.11298694235782
              ],
              [
                121.20949808342935,
                25.11298694235782
              ],
              [
                121.20949808342935,
                25.113076540498742
              ],
              [
                121.20959716585081,
                25.113076540498742
              ],
              [
                121.20959716585081,
                25.113166138639667
              ],
              [
                121.20969624827227,
                25.113166138639667
              ],
              [
                121.20969624827227,
                25.113255736780587
              ],
              [
                121.20989441311518,
                25.113255736780587
              ],
              [
                121.20989441311518,
                25.113345334921508
              ],
              [
                121.20999349553664,
                25.113345334921508
              ],
              [
                121.20999349553664,
                25.113434933062432
              ],
              [
                121.21019166037955,
                25.113434933062432
              ],
              [
                121.21019166037955,
                25.113524531203353
              ],
              [
                121.21029074280099,
                25.113524531203353
              ],
              [
                121.21029074280099,
                25.113614129344278
              ],
              [
                121.21177697912283,
                25.113614129344278
              ],
              [
                121.21177697912283,
                25.113524531203353
              ],
              [
                121.21375862755194,
                25.113524531203353
              ],
              [
                121.21375862755194,
                25.113434933062432
              ],
              [
                121.21484853418794,
                25.113434933062432
              ],
              [
                121.21484853418794,
                25.113524531203353
              ],
              [
                121.21564119355959,
                25.113524531203353
              ],
              [
                121.21564119355959,
                25.113614129344278
              ],
              [
                121.21643385293123,
                25.113614129344278
              ],
              [
                121.21643385293123,
                25.1137037274852
              ],
              [
                121.21732559472433,
                25.1137037274852
              ],
              [
                121.21732559472433,
                25.11379332562612
              ],
              [
                121.21821733651743,
                25.11379332562612
              ],
              [
                121.21821733651743,
                25.113882923767044
              ],
              [
                121.21881183104615,
                25.113882923767044
              ],
              [
                121.21881183104615,
                25.113972521907964
              ],
              [
                121.21900999588907,
                25.113972521907964
              ],
              [
                121.21900999588907,
                25.11406212004889
              ],
              [
                121.21920816073198,
                25.11406212004889
              ],
              [
                121.21920816073198,
                25.11415171818981
              ],
              [
                121.21930724315344,
                25.11415171818981
              ],
              [
                121.21930724315344,
                25.11424131633073
              ],
              [
                121.21950540799634,
                25.11424131633073
              ],
              [
                121.21950540799634,
                25.114330914471655
              ],
              [
                121.2196044904178,
                25.114330914471655
              ],
              [
                121.2196044904178,
                25.114420512612575
              ],
              [
                121.21980265526071,
                25.114420512612575
              ],
              [
                121.21980265526071,
                25.1145101107535
              ],
              [
                121.21990173768216,
                25.1145101107535
              ],
              [
                121.21990173768216,
                25.11459970889442
              ],
              [
                121.22000082010362,
                25.11459970889442
              ],
              [
                121.22000082010362,
                25.11468930703534
              ],
              [
                121.22009990252508,
                25.11468930703534
              ],
              [
                121.22009990252508,
                25.114778905176266
              ],
              [
                121.22019898494653,
                25.114778905176266
              ],
              [
                121.22019898494653,
                25.114868503317187
              ],
              [
                121.22029806736798,
                25.114868503317187
              ],
              [
                121.22029806736798,
                25.11495810145811
              ],
              [
                121.22039714978943,
                25.11495810145811
              ],
              [
                121.22039714978943,
                25.11504769959903
              ],
              [
                121.22049623221089,
                25.11504769959903
              ],
              [
                121.22049623221089,
                25.115137297739953
              ],
              [
                121.22059531463235,
                25.115137297739953
              ],
              [
                121.22059531463235,
                25.115226895880877
              ],
              [
                121.22079347947526,
                25.115226895880877
              ],
              [
                121.22079347947526,
                25.115316494021798
              ],
              [
                121.22089256189672,
                25.115316494021798
              ],
              [
                121.22089256189672,
                25.115406092162722
              ],
              [
                121.22099164431818,
                25.115406092162722
              ],
              [
                121.22099164431818,
                25.115495690303643
              ],
              [
                121.22118980916107,
                25.115495690303643
              ],
              [
                121.22118980916107,
                25.115585288444567
              ],
              [
                121.22128889158253,
                25.115585288444567
              ],
              [
                121.22128889158253,
                25.115674886585488
              ],
              [
                121.22148705642545,
                25.115674886585488
              ],
              [
                121.22148705642545,
                25.11576448472641
              ],
              [
                121.22168522126836,
                25.11576448472641
              ],
              [
                121.22168522126836,
                25.115854082867333
              ],
              [
                121.22188338611127,
                25.115854082867333
              ],
              [
                121.22188338611127,
                25.115943681008254
              ],
              [
                121.22208155095417,
                25.115943681008254
              ],
              [
                121.22208155095417,
                25.11603327914918
              ],
              [
                121.22227971579709,
                25.11603327914918
              ],
              [
                121.22227971579709,
                25.1161228772901
              ],
              [
                121.22247788064,
                25.1161228772901
              ],
              [
                121.22247788064,
                25.11621247543102
              ],
              [
                121.22277512790437,
                25.11621247543102
              ],
              [
                121.22277512790437,
                25.116302073571944
              ],
              [
                121.2233696224331,
                25.116302073571944
              ],
              [
                121.2233696224331,
                25.116391671712865
              ],
              [
                121.22455861149056,
                25.116391671712865
              ],
              [
                121.22455861149056,
                25.11648126985379
              ],
              [
                121.22564851812656,
                25.11648126985379
              ],
              [
                121.22564851812656,
                25.11657086799471
              ],
              [
                121.22663934234112,
                25.11657086799471
              ],
              [
                121.22663934234112,
                25.11666046613563
              ],
              [
                121.22792741382004,
                25.11666046613563
              ],
              [
                121.22792741382004,
                25.116750064276555
              ],
              [
                121.22961181498478,
                25.116750064276555
              ],
              [
                121.22961181498478,
                25.116839662417476
              ],
              [
                121.23080080404225,
                25.116839662417476
              ],
              [
                121.23080080404225,
                25.1169292605584
              ],
              [
                121.23159346341389,
                25.1169292605584
              ],
              [
                121.23159346341389,
                25.11701885869932
              ],
              [
                121.2319897930997,
                25.11701885869932
              ],
              [
                121.2319897930997,
                25.117108456840242
              ],
              [
                121.23238612278553,
                25.117108456840242
              ],
              [
                121.23238612278553,
                25.117198054981166
              ],
              [
                121.23278245247135,
                25.117198054981166
              ],
              [
                121.23278245247135,
                25.117287653122087
              ],
              [
                121.23317878215717,
                25.117287653122087
              ],
              [
                121.23317878215717,
                25.11737725126301
              ],
              [
                121.23367419426445,
                25.11737725126301
              ],
              [
                121.23367419426445,
                25.117466849403932
              ],
              [
                121.23407052395027,
                25.117466849403932
              ],
              [
                121.23407052395027,
                25.117556447544853
              ],
              [
                121.23446685363609,
                25.117556447544853
              ],
              [
                121.23446685363609,
                25.117646045685778
              ],
              [
                121.2348631833219,
                25.117646045685778
              ],
              [
                121.2348631833219,
                25.1177356438267
              ],
              [
                121.23516043058628,
                25.1177356438267
              ],
              [
                121.23516043058628,
                25.117825241967623
              ],
              [
                121.23545767785065,
                25.117825241967623
              ],
              [
                121.23545767785065,
                25.117914840108543
              ],
              [
                121.23565584269355,
                25.117914840108543
              ],
              [
                121.23565584269355,
                25.118004438249464
              ],
              [
                121.23585400753646,
                25.118004438249464
              ],
              [
                121.23585400753646,
                25.11809403639039
              ],
              [
                121.23595308995792,
                25.11809403639039
              ],
              [
                121.23595308995792,
                25.11818363453131
              ],
              [
                121.23615125480083,
                25.11818363453131
              ],
              [
                121.23615125480083,
                25.118273232672234
              ],
              [
                121.23625033722229,
                25.118273232672234
              ],
              [
                121.23625033722229,
                25.118362830813155
              ],
              [
                121.23634941964374,
                25.118362830813155
              ],
              [
                121.23634941964374,
                25.118452428954075
              ],
              [
                121.2364485020652,
                25.118452428954075
              ],
              [
                121.2364485020652,
                25.118542027095
              ],
              [
                121.23654758448664,
                25.118542027095
              ],
              [
                121.23654758448664,
                25.11863162523592
              ],
              [
                121.2366466669081,
                25.11863162523592
              ],
              [
                121.2366466669081,
                25.118721223376845
              ],
              [
                121.23674574932956,
                25.118721223376845
              ],
              [
                121.23674574932956,
                25.118810821517766
              ],
              [
                121.23684483175101,
                25.118810821517766
              ],
              [
                121.23684483175101,
                25.118900419658686
              ],
              [
                121.23694391417247,
                25.118900419658686
              ],
              [
                121.23694391417247,
                25.11907961594053
              ],
              [
                121.23704299659393,
                25.11907961594053
              ],
              [
                121.23704299659393,
                25.119169214081456
              ],
              [
                121.23714207901538,
                25.119169214081456
              ],
              [
                121.23714207901538,
                25.1193484103633
              ],
              [
                121.23724116143684,
                25.1193484103633
              ],
              [
                121.23724116143684,
                25.119438008504222
              ],
              [
                121.2373402438583,
                25.119438008504222
              ],
              [
                121.2373402438583,
                25.119527606645143
              ],
              [
                121.23743932627974,
                25.119527606645143
              ],
              [
                121.23743932627974,
                25.119706802926988
              ],
              [
                121.2375384087012,
                25.119706802926988
              ],
              [
                121.2375384087012,
                25.119796401067912
              ],
              [
                121.23763749112265,
                25.119796401067912
              ],
              [
                121.23763749112265,
                25.119885999208833
              ],
              [
                121.23773657354411,
                25.119885999208833
              ],
              [
                121.23773657354411,
                25.119975597349754
              ],
              [
                121.23783565596557,
                25.119975597349754
              ],
              [
                121.23783565596557,
                25.120065195490678
              ],
              [
                121.23793473838703,
                25.120065195490678
              ],
              [
                121.23793473838703,
                25.1201547936316
              ],
              [
                121.23803382080848,
                25.1201547936316
              ],
              [
                121.23803382080848,
                25.120244391772523
              ],
              [
                121.23813290322994,
                25.120244391772523
              ],
              [
                121.23813290322994,
                25.120333989913444
              ],
              [
                121.2382319856514,
                25.120333989913444
              ],
              [
                121.2382319856514,
                25.120423588054365
              ],
              [
                121.2384301504943,
                25.120423588054365
              ],
              [
                121.2384301504943,
                25.12051318619529
              ],
              [
                121.23852923291575,
                25.12051318619529
              ],
              [
                121.23852923291575,
                25.12060278433621
              ],
              [
                121.23872739775867,
                25.12060278433621
              ],
              [
                121.23872739775867,
                25.120692382477134
              ],
              [
                121.23882648018012,
                25.120692382477134
              ],
              [
                121.23882648018012,
                25.120781980618055
              ],
              [
                121.23902464502304,
                25.120781980618055
              ],
              [
                121.23902464502304,
                25.120871578758976
              ],
              [
                121.2391237274445,
                25.120871578758976
              ],
              [
                121.2391237274445,
                25.1209611768999
              ],
              [
                121.23932189228739,
                25.1209611768999
              ],
              [
                121.23932189228739,
                25.12105077504082
              ],
              [
                121.2395200571303,
                25.12105077504082
              ],
              [
                121.2395200571303,
                25.121140373181746
              ],
              [
                121.23961913955176,
                25.121140373181746
              ],
              [
                121.23961913955176,
                25.121229971322666
              ],
              [
                121.23971822197322,
                25.121229971322666
              ],
              [
                121.23971822197322,
                25.121319569463587
              ],
              [
                121.23981730439468,
                25.121319569463587
              ],
              [
                121.23981730439468,
                25.12140916760451
              ],
              [
                121.23991638681613,
                25.12140916760451
              ],
              [
                121.23991638681613,
                25.121498765745432
              ],
              [
                121.24001546923759,
                25.121498765745432
              ],
              [
                121.24001546923759,
                25.121588363886357
              ],
              [
                121.24011455165903,
                25.121588363886357
              ],
              [
                121.24011455165903,
                25.121677962027277
              ],
              [
                121.24051088134486,
                25.121677962027277
              ],
              [
                121.24051088134486,
                25.1217675601682
              ],
              [
                121.24070904618777,
                25.1217675601682
              ],
              [
                121.24070904618777,
                25.121946756450043
              ],
              [
                121.24001546923759,
                25.121946756450043
              ],
              [
                121.24001546923759,
                25.12221555087281
              ],
              [
                121.23971822197322,
                25.12221555087281
              ],
              [
                121.23971822197322,
                25.12248434529558
              ],
              [
                121.23961913955176,
                25.12248434529558
              ],
              [
                121.23961913955176,
                25.1225739434365
              ],
              [
                121.2395200571303,
                25.1225739434365
              ],
              [
                121.2395200571303,
                25.122753139718345
              ],
              [
                121.23971822197322,
                25.122753139718345
              ],
              [
                121.23971822197322,
                25.122842737859266
              ],
              [
                121.23942097470885,
                25.122842737859266
              ],
              [
                121.23942097470885,
                25.123290728563877
              ],
              [
                121.24031271650195,
                25.123290728563877
              ],
              [
                121.24031271650195,
                25.12302193414111
              ],
              [
                121.24051088134486,
                25.12302193414111
              ],
              [
                121.24051088134486,
                25.122753139718345
              ],
              [
                121.24090721103069,
                25.122753139718345
              ],
              [
                121.24090721103069,
                25.122842737859266
              ],
              [
                121.24100629345213,
                25.122842737859266
              ],
              [
                121.24100629345213,
                25.12302193414111
              ],
              [
                121.24110537587359,
                25.12302193414111
              ],
              [
                121.24110537587359,
                25.123111532282035
              ],
              [
                121.24120445829504,
                25.123111532282035
              ],
              [
                121.24120445829504,
                25.123201130422956
              ],
              [
                121.2413035407165,
                25.123201130422956
              ],
              [
                121.2413035407165,
                25.123290728563877
              ],
              [
                121.24140262313796,
                25.123290728563877
              ],
              [
                121.24140262313796,
                25.123469924845722
              ],
              [
                121.24150170555941,
                25.123469924845722
              ],
              [
                121.24150170555941,
                25.123559522986646
              ],
              [
                121.24160078798087,
                25.123559522986646
              ],
              [
                121.24160078798087,
                25.123649121127567
              ],
              [
                121.24179895282379,
                25.123649121127567
              ],
              [
                121.24179895282379,
                25.123738719268488
              ],
              [
                121.24189803524523,
                25.123738719268488
              ],
              [
                121.24189803524523,
                25.123828317409412
              ],
              [
                121.24199711766668,
                25.123828317409412
              ],
              [
                121.24199711766668,
                25.123917915550333
              ],
              [
                121.24209620008814,
                25.123917915550333
              ],
              [
                121.24209620008814,
                25.124007513691257
              ],
              [
                121.24229436493106,
                25.124007513691257
              ],
              [
                121.24229436493106,
                25.124097111832178
              ],
              [
                121.24239344735251,
                25.124097111832178
              ],
              [
                121.24239344735251,
                25.1241867099731
              ],
              [
                121.24249252977397,
                25.1241867099731
              ],
              [
                121.24249252977397,
                25.124276308114023
              ],
              [
                121.24269069461688,
                25.124276308114023
              ],
              [
                121.24269069461688,
                25.124365906254944
              ],
              [
                121.24288885945978,
                25.124365906254944
              ],
              [
                121.24288885945978,
                25.12445550439587
              ],
              [
                121.24298794188124,
                25.12445550439587
              ],
              [
                121.24298794188124,
                25.12454510253679
              ],
              [
                121.24318610672415,
                25.12454510253679
              ],
              [
                121.24318610672415,
                25.12463470067771
              ],
              [
                121.24338427156707,
                25.12463470067771
              ],
              [
                121.24338427156707,
                25.124724298818634
              ],
              [
                121.24358243640998,
                25.124724298818634
              ],
              [
                121.24358243640998,
                25.124813896959555
              ],
              [
                121.24467234304598,
                25.124813896959555
              ],
              [
                121.24467234304598,
                25.124724298818634
              ],
              [
                121.24546500241763,
                25.124724298818634
              ],
              [
                121.24546500241763,
                25.12463470067771
              ],
              [
                121.24655490905363,
                25.12463470067771
              ],
              [
                121.24655490905363,
                25.12454510253679
              ],
              [
                121.24814022779692,
                25.12454510253679
              ],
              [
                121.24814022779692,
                25.12445550439587
              ],
              [
                121.24952738169729,
                25.12445550439587
              ],
              [
                121.24952738169729,
                25.124365906254944
              ],
              [
                121.25170719496931,
                25.124365906254944
              ],
              [
                121.25170719496931,
                25.124276308114023
              ],
              [
                121.25220260707658,
                25.124276308114023
              ],
              [
                121.25220260707658,
                25.124365906254944
              ],
              [
                121.25279710160531,
                25.124365906254944
              ],
              [
                121.25279710160531,
                25.12445550439587
              ],
              [
                121.25339159613405,
                25.12445550439587
              ],
              [
                121.25339159613405,
                25.12454510253679
              ],
              [
                121.25388700824132,
                25.12454510253679
              ],
              [
                121.25388700824132,
                25.12463470067771
              ],
              [
                121.25448150277006,
                25.12463470067771
              ],
              [
                121.25448150277006,
                25.124724298818634
              ],
              [
                121.25497691487733,
                25.124724298818634
              ],
              [
                121.25497691487733,
                25.124813896959555
              ],
              [
                121.25517507972025,
                25.124813896959555
              ],
              [
                121.25517507972025,
                25.12490349510048
              ],
              [
                121.25537324456316,
                25.12490349510048
              ],
              [
                121.25537324456316,
                25.124813896959555
              ],
              [
                121.25676039846353,
                25.124813896959555
              ],
              [
                121.25676039846353,
                25.12490349510048
              ],
              [
                121.25685948088498,
                25.12490349510048
              ],
              [
                121.25685948088498,
                25.1249930932414
              ],
              [
                121.149355053606,
                25.1249930932414
              ]
            ]
          ],
          [
            [
              [
                121.15807430669406,
                25.081179602330426
              ],
              [
                121.15807430669406,
                25.081090004189505
              ],
              [
                121.15837155395843,
                25.081090004189505
              ],
              [
                121.15837155395843,
                25.081179602330426
              ],
              [
                121.15807430669406,
                25.081179602330426
              ]
            ]
          ],
          [
            [
              [
                121.15450733952167,
                25.080194022780283
              ],
              [
                121.15450733952167,
                25.080014826498438
              ],
              [
                121.15440825710021,
                25.080014826498438
              ],
              [
                121.15440825710021,
                25.079925228357514
              ],
              [
                121.15460642194313,
                25.079925228357514
              ],
              [
                121.15460642194313,
                25.080014826498438
              ],
              [
                121.1549036692075,
                25.080014826498438
              ],
              [
                121.1549036692075,
                25.08010442463936
              ],
              [
                121.15500275162896,
                25.08010442463936
              ],
              [
                121.15500275162896,
                25.080194022780283
              ],
              [
                121.15450733952167,
                25.080194022780283
              ]
            ]
          ],
          [
            [
              [
                121.15361559772857,
                25.079746032075672
              ],
              [
                121.15361559772857,
                25.079656433934748
              ],
              [
                121.15391284499294,
                25.079656433934748
              ],
              [
                121.15391284499294,
                25.079746032075672
              ],
              [
                121.15361559772857,
                25.079746032075672
              ]
            ]
          ]
        ]
      }
    },
    {
      "type": "Feature",
      "properties": {
        "type": "astronomical_tide_coastline",
        "label": "动态潮位海岸线"
      },
      "geometry": {
        "type": "MultiPolygon",
        "coordinates": [
          [
            [
              [
                121.25022095864747,
                25.121319569463587
              ],
              [
                121.25022095864747,
                25.121229971322666
              ],
              [
                121.25012187622602,
                25.121229971322666
              ],
              [
                121.25012187622602,
                25.121140373181746
              ],
              [
                121.25121178286203,
                25.121140373181746
              ],
              [
                121.25121178286203,
                25.121229971322666
              ],
              [
                121.25081545317622,
                25.121229971322666
              ],
              [
                121.25081545317622,
                25.121319569463587
              ],
              [
                121.25022095864747,
                25.121319569463587
              ]
            ]
          ],
          [
            [
              [
                121.24011455165903,
                25.11504769959903
              ],
              [
                121.24011455165903,
                25.11495810145811
              ],
              [
                121.24080812860923,
                25.11495810145811
              ],
              [
                121.24080812860923,
                25.11504769959903
              ],
              [
                121.24011455165903,
                25.11504769959903
              ]
            ]
          ],
          [
            [
              [
                121.2391237274445,
                25.115585288444567
              ],
              [
                121.2391237274445,
                25.115495690303643
              ],
              [
                121.23892556260158,
                25.115495690303643
              ],
              [
                121.23892556260158,
                25.115406092162722
              ],
              [
                121.23862831533721,
                25.115406092162722
              ],
              [
                121.23862831533721,
                25.115316494021798
              ],
              [
                121.2382319856514,
                25.115316494021798
              ],
              [
                121.2382319856514,
                25.115226895880877
              ],
              [
                121.23783565596557,
                25.115226895880877
              ],
              [
                121.23783565596557,
                25.115137297739953
              ],
              [
                121.23714207901538,
                25.115137297739953
              ],
              [
                121.23714207901538,
                25.11504769959903
              ],
              [
                121.2364485020652,
                25.11504769959903
              ],
              [
                121.2364485020652,
                25.11495810145811
              ],
              [
                121.23615125480083,
                25.11495810145811
              ],
              [
                121.23615125480083,
                25.11468930703534
              ],
              [
                121.2366466669081,
                25.11468930703534
              ],
              [
                121.2366466669081,
                25.114420512612575
              ],
              [
                121.23694391417247,
                25.114420512612575
              ],
              [
                121.23694391417247,
                25.11415171818981
              ],
              [
                121.2375384087012,
                25.11415171818981
              ],
              [
                121.2375384087012,
                25.114420512612575
              ],
              [
                121.23803382080848,
                25.114420512612575
              ],
              [
                121.23803382080848,
                25.11468930703534
              ],
              [
                121.23862831533721,
                25.11468930703534
              ],
              [
                121.23862831533721,
                25.11495810145811
              ],
              [
                121.2391237274445,
                25.11495810145811
              ],
              [
                121.2391237274445,
                25.115316494021798
              ],
              [
                121.23942097470885,
                25.115316494021798
              ],
              [
                121.23942097470885,
                25.115585288444567
              ],
              [
                121.2391237274445,
                25.115585288444567
              ]
            ]
          ],
          [
            [
              [
                121.24278977703833,
                25.113345334921508
              ],
              [
                121.24278977703833,
                25.113255736780587
              ],
              [
                121.24288885945978,
                25.113255736780587
              ],
              [
                121.24288885945978,
                25.113166138639667
              ],
              [
                121.24298794188124,
                25.113166138639667
              ],
              [
                121.24298794188124,
                25.113345334921508
              ],
              [
                121.24278977703833,
                25.113345334921508
              ]
            ]
          ],
          [
            [
              [
                121.24249252977397,
                25.113255736780587
              ],
              [
                121.24249252977397,
                25.113166138639667
              ],
              [
                121.24278977703833,
                25.113166138639667
              ],
              [
                121.24278977703833,
                25.113255736780587
              ],
              [
                121.24249252977397,
                25.113255736780587
              ]
            ]
          ],
          [
            [
              [
                121.24229436493106,
                25.113166138639667
              ],
              [
                121.24229436493106,
                25.113076540498742
              ],
              [
                121.24249252977397,
                25.113076540498742
              ],
              [
                121.24249252977397,
                25.113166138639667
              ],
              [
                121.24229436493106,
                25.113166138639667
              ]
            ]
          ],
          [
            [
              [
                121.24199711766668,
                25.113076540498742
              ],
              [
                121.24199711766668,
                25.11298694235782
              ],
              [
                121.2421952825096,
                25.11298694235782
              ],
              [
                121.2421952825096,
                25.113076540498742
              ],
              [
                121.24199711766668,
                25.113076540498742
              ]
            ]
          ],
          [
            [
              [
                121.2477438981111,
                25.118452428954075
              ],
              [
                121.2477438981111,
                25.118362830813155
              ],
              [
                121.24764481568964,
                25.118362830813155
              ],
              [
                121.24764481568964,
                25.11818363453131
              ],
              [
                121.24754573326818,
                25.11818363453131
              ],
              [
                121.24754573326818,
                25.117914840108543
              ],
              [
                121.24744665084673,
                25.117914840108543
              ],
              [
                121.24744665084673,
                25.1177356438267
              ],
              [
                121.24734756842527,
                25.1177356438267
              ],
              [
                121.24734756842527,
                25.117646045685778
              ],
              [
                121.24724848600383,
                25.117646045685778
              ],
              [
                121.24724848600383,
                25.117466849403932
              ],
              [
                121.24714940358237,
                25.117466849403932
              ],
              [
                121.24714940358237,
                25.11737725126301
              ],
              [
                121.24705032116091,
                25.11737725126301
              ],
              [
                121.24705032116091,
                25.117198054981166
              ],
              [
                121.24695123873946,
                25.117198054981166
              ],
              [
                121.24695123873946,
                25.11701885869932
              ],
              [
                121.246852156318,
                25.11701885869932
              ],
              [
                121.246852156318,
                25.1169292605584
              ],
              [
                121.24675307389654,
                25.1169292605584
              ],
              [
                121.24675307389654,
                25.116750064276555
              ],
              [
                121.24665399147509,
                25.116750064276555
              ],
              [
                121.24665399147509,
                25.11666046613563
              ],
              [
                121.24655490905363,
                25.11666046613563
              ],
              [
                121.24655490905363,
                25.11657086799471
              ],
              [
                121.24645582663217,
                25.11657086799471
              ],
              [
                121.24645582663217,
                25.11648126985379
              ],
              [
                121.24635674421073,
                25.11648126985379
              ],
              [
                121.24635674421073,
                25.116391671712865
              ],
              [
                121.24625766178927,
                25.116391671712865
              ],
              [
                121.24625766178927,
                25.11621247543102
              ],
              [
                121.24615857936782,
                25.11621247543102
              ],
              [
                121.24615857936782,
                25.1161228772901
              ],
              [
                121.24605949694636,
                25.1161228772901
              ],
              [
                121.24605949694636,
                25.11603327914918
              ],
              [
                121.2459604145249,
                25.11603327914918
              ],
              [
                121.2459604145249,
                25.115943681008254
              ],
              [
                121.24586133210344,
                25.115943681008254
              ],
              [
                121.24586133210344,
                25.115854082867333
              ],
              [
                121.24576224968199,
                25.115854082867333
              ],
              [
                121.24576224968199,
                25.11576448472641
              ],
              [
                121.24566316726053,
                25.11576448472641
              ],
              [
                121.24566316726053,
                25.115674886585488
              ],
              [
                121.24556408483907,
                25.115674886585488
              ],
              [
                121.24556408483907,
                25.115585288444567
              ],
              [
                121.24546500241763,
                25.115585288444567
              ],
              [
                121.24546500241763,
                25.115406092162722
              ],
              [
                121.24536591999617,
                25.115406092162722
              ],
              [
                121.24536591999617,
                25.115316494021798
              ],
              [
                121.24526683757472,
                25.115316494021798
              ],
              [
                121.24526683757472,
                25.115137297739953
              ],
              [
                121.24516775515326,
                25.115137297739953
              ],
              [
                121.24516775515326,
                25.11495810145811
              ],
              [
                121.2450686727318,
                25.11495810145811
              ],
              [
                121.2450686727318,
                25.11468930703534
              ],
              [
                121.24496959031035,
                25.11468930703534
              ],
              [
                121.24496959031035,
                25.114420512612575
              ],
              [
                121.24487050788889,
                25.114420512612575
              ],
              [
                121.24487050788889,
                25.11424131633073
              ],
              [
                121.24477142546743,
                25.11424131633073
              ],
              [
                121.24477142546743,
                25.11406212004889
              ],
              [
                121.24467234304598,
                25.11406212004889
              ],
              [
                121.24467234304598,
                25.113882923767044
              ],
              [
                121.24457326062453,
                25.113882923767044
              ],
              [
                121.24457326062453,
                25.1137037274852
              ],
              [
                121.24447417820308,
                25.1137037274852
              ],
              [
                121.24447417820308,
                25.113614129344278
              ],
              [
                121.24437509578162,
                25.113614129344278
              ],
              [
                121.24437509578162,
                25.113434933062432
              ],
              [
                121.24368151883144,
                25.113434933062432
              ],
              [
                121.24368151883144,
                25.113345334921508
              ],
              [
                121.2430870243027,
                25.113345334921508
              ],
              [
                121.2430870243027,
                25.113255736780587
              ],
              [
                121.2441769309387,
                25.113255736780587
              ],
              [
                121.2441769309387,
                25.113076540498742
              ],
              [
                121.24407784851725,
                25.113076540498742
              ],
              [
                121.24407784851725,
                25.112897344216897
              ],
              [
                121.24427601336016,
                25.112897344216897
              ],
              [
                121.24427601336016,
                25.11298694235782
              ],
              [
                121.24447417820308,
                25.11298694235782
              ],
              [
                121.24447417820308,
                25.113076540498742
              ],
              [
                121.24477142546743,
                25.113076540498742
              ],
              [
                121.24477142546743,
                25.113166138639667
              ],
              [
                121.2450686727318,
                25.113166138639667
              ],
              [
                121.2450686727318,
                25.113255736780587
              ],
              [
                121.24516775515326,
                25.113255736780587
              ],
              [
                121.24516775515326,
                25.113345334921508
              ],
              [
                121.24526683757472,
                25.113345334921508
              ],
              [
                121.24526683757472,
                25.113614129344278
              ],
              [
                121.24536591999617,
                25.113614129344278
              ],
              [
                121.24536591999617,
                25.11379332562612
              ],
              [
                121.24546500241763,
                25.11379332562612
              ],
              [
                121.24546500241763,
                25.113972521907964
              ],
              [
                121.24556408483907,
                25.113972521907964
              ],
              [
                121.24556408483907,
                25.11406212004889
              ],
              [
                121.24566316726053,
                25.11406212004889
              ],
              [
                121.24566316726053,
                25.11424131633073
              ],
              [
                121.24576224968199,
                25.11424131633073
              ],
              [
                121.24576224968199,
                25.114420512612575
              ],
              [
                121.24586133210344,
                25.114420512612575
              ],
              [
                121.24586133210344,
                25.1145101107535
              ],
              [
                121.2459604145249,
                25.1145101107535
              ],
              [
                121.2459604145249,
                25.11459970889442
              ],
              [
                121.24605949694636,
                25.11459970889442
              ],
              [
                121.24605949694636,
                25.114778905176266
              ],
              [
                121.24615857936782,
                25.114778905176266
              ],
              [
                121.24615857936782,
                25.114868503317187
              ],
              [
                121.24625766178927,
                25.114868503317187
              ],
              [
                121.24625766178927,
                25.11495810145811
              ],
              [
                121.24635674421073,
                25.11495810145811
              ],
              [
                121.24635674421073,
                25.115137297739953
              ],
              [
                121.24645582663217,
                25.115137297739953
              ],
              [
                121.24645582663217,
                25.115226895880877
              ],
              [
                121.24655490905363,
                25.115226895880877
              ],
              [
                121.24655490905363,
                25.115316494021798
              ],
              [
                121.24665399147509,
                25.115316494021798
              ],
              [
                121.24665399147509,
                25.115495690303643
              ],
              [
                121.24675307389654,
                25.115495690303643
              ],
              [
                121.24675307389654,
                25.115585288444567
              ],
              [
                121.246852156318,
                25.115585288444567
              ],
              [
                121.246852156318,
                25.115674886585488
              ],
              [
                121.24705032116091,
                25.115674886585488
              ],
              [
                121.24705032116091,
                25.11576448472641
              ],
              [
                121.24724848600383,
                25.11576448472641
              ],
              [
                121.24724848600383,
                25.115854082867333
              ],
              [
                121.24794206295401,
                25.115854082867333
              ],
              [
                121.24794206295401,
                25.115943681008254
              ],
              [
                121.24833839263982,
                25.115943681008254
              ],
              [
                121.24833839263982,
                25.115854082867333
              ],
              [
                121.24843747506128,
                25.115854082867333
              ],
              [
                121.24843747506128,
                25.11576448472641
              ],
              [
                121.24853655748274,
                25.11576448472641
              ],
              [
                121.24853655748274,
                25.115674886585488
              ],
              [
                121.2486356399042,
                25.115674886585488
              ],
              [
                121.2486356399042,
                25.115585288444567
              ],
              [
                121.24873472232565,
                25.115585288444567
              ],
              [
                121.24873472232565,
                25.115495690303643
              ],
              [
                121.24883380474711,
                25.115495690303643
              ],
              [
                121.24883380474711,
                25.115406092162722
              ],
              [
                121.24903196959002,
                25.115406092162722
              ],
              [
                121.24903196959002,
                25.115495690303643
              ],
              [
                121.24913105201146,
                25.115495690303643
              ],
              [
                121.24913105201146,
                25.115585288444567
              ],
              [
                121.24903196959002,
                25.115585288444567
              ],
              [
                121.24903196959002,
                25.115674886585488
              ],
              [
                121.24893288716856,
                25.115674886585488
              ],
              [
                121.24893288716856,
                25.115854082867333
              ],
              [
                121.24873472232565,
                25.115854082867333
              ],
              [
                121.24873472232565,
                25.115943681008254
              ],
              [
                121.2486356399042,
                25.115943681008254
              ],
              [
                121.2486356399042,
                25.11603327914918
              ],
              [
                121.24853655748274,
                25.11603327914918
              ],
              [
                121.24853655748274,
                25.1161228772901
              ],
              [
                121.24843747506128,
                25.1161228772901
              ],
              [
                121.24843747506128,
                25.116302073571944
              ],
              [
                121.24833839263982,
                25.116302073571944
              ],
              [
                121.24833839263982,
                25.116839662417476
              ],
              [
                121.24843747506128,
                25.116839662417476
              ],
              [
                121.24843747506128,
                25.11701885869932
              ],
              [
                121.24853655748274,
                25.11701885869932
              ],
              [
                121.24853655748274,
                25.117108456840242
              ],
              [
                121.2486356399042,
                25.117108456840242
              ],
              [
                121.2486356399042,
                25.117198054981166
              ],
              [
                121.24873472232565,
                25.117198054981166
              ],
              [
                121.24873472232565,
                25.117287653122087
              ],
              [
                121.24883380474711,
                25.117287653122087
              ],
              [
                121.24883380474711,
                25.11737725126301
              ],
              [
                121.24893288716856,
                25.11737725126301
              ],
              [
                121.24893288716856,
                25.117466849403932
              ],
              [
                121.24903196959002,
                25.117466849403932
              ],
              [
                121.24903196959002,
                25.117556447544853
              ],
              [
                121.24893288716856,
                25.117556447544853
              ],
              [
                121.24893288716856,
                25.117646045685778
              ],
              [
                121.24883380474711,
                25.117646045685778
              ],
              [
                121.24883380474711,
                25.1177356438267
              ],
              [
                121.24873472232565,
                25.1177356438267
              ],
              [
                121.24873472232565,
                25.117825241967623
              ],
              [
                121.24853655748274,
                25.117825241967623
              ],
              [
                121.24853655748274,
                25.117914840108543
              ],
              [
                121.24843747506128,
                25.117914840108543
              ],
              [
                121.24843747506128,
                25.118004438249464
              ],
              [
                121.24833839263982,
                25.118004438249464
              ],
              [
                121.24833839263982,
                25.11809403639039
              ],
              [
                121.24823931021837,
                25.11809403639039
              ],
              [
                121.24823931021837,
                25.11818363453131
              ],
              [
                121.24804114537547,
                25.11818363453131
              ],
              [
                121.24804114537547,
                25.118273232672234
              ],
              [
                121.24794206295401,
                25.118273232672234
              ],
              [
                121.24794206295401,
                25.118362830813155
              ],
              [
                121.24784298053255,
                25.118362830813155
              ],
              [
                121.24784298053255,
                25.118452428954075
              ],
              [
                121.2477438981111,
                25.118452428954075
              ]
            ]
          ],
          [
            [
              [
                121.24179895282379,
                25.11298694235782
              ],
              [
                121.24179895282379,
                25.112897344216897
              ],
              [
                121.24199711766668,
                25.112897344216897
              ],
              [
                121.24199711766668,
                25.11298694235782
              ],
              [
                121.24179895282379,
                25.11298694235782
              ]
            ]
          ],
          [
            [
              [
                121.24160078798087,
                25.112897344216897
              ],
              [
                121.24160078798087,
                25.112807746075976
              ],
              [
                121.24179895282379,
                25.112807746075976
              ],
              [
                121.24179895282379,
                25.112897344216897
              ],
              [
                121.24160078798087,
                25.112897344216897
              ]
            ]
          ],
          [
            [
              [
                121.24457326062453,
                25.11298694235782
              ],
              [
                121.24457326062453,
                25.112897344216897
              ],
              [
                121.24447417820308,
                25.112897344216897
              ],
              [
                121.24447417820308,
                25.112807746075976
              ],
              [
                121.24467234304598,
                25.112807746075976
              ],
              [
                121.24467234304598,
                25.112897344216897
              ],
              [
                121.24477142546743,
                25.112897344216897
              ],
              [
                121.24477142546743,
                25.11298694235782
              ],
              [
                121.24457326062453,
                25.11298694235782
              ]
            ]
          ],
          [
            [
              [
                121.24140262313796,
                25.112807746075976
              ],
              [
                121.24140262313796,
                25.112718147935055
              ],
              [
                121.24150170555941,
                25.112718147935055
              ],
              [
                121.24150170555941,
                25.112807746075976
              ],
              [
                121.24140262313796,
                25.112807746075976
              ]
            ]
          ],
          [
            [
              [
                121.24110537587359,
                25.112718147935055
              ],
              [
                121.24110537587359,
                25.11262854979413
              ],
              [
                121.2413035407165,
                25.11262854979413
              ],
              [
                121.2413035407165,
                25.112718147935055
              ],
              [
                121.24110537587359,
                25.112718147935055
              ]
            ]
          ],
          [
            [
              [
                121.24090721103069,
                25.11262854979413
              ],
              [
                121.24090721103069,
                25.11253895165321
              ],
              [
                121.24110537587359,
                25.11253895165321
              ],
              [
                121.24110537587359,
                25.11262854979413
              ],
              [
                121.24090721103069,
                25.11262854979413
              ]
            ]
          ],
          [
            [
              [
                121.21465036934504,
                25.109582213002774
              ],
              [
                121.21465036934504,
                25.109492614861853
              ],
              [
                121.21435312208067,
                25.109492614861853
              ],
              [
                121.21435312208067,
                25.109403016720933
              ],
              [
                121.21524486387376,
                25.109403016720933
              ],
              [
                121.21524486387376,
                25.109582213002774
              ],
              [
                121.21465036934504,
                25.109582213002774
              ]
            ]
          ],
          [
            [
              [
                121.21365954513048,
                25.109223820439087
              ],
              [
                121.21365954513048,
                25.109134222298163
              ],
              [
                121.2138577099734,
                25.109134222298163
              ],
              [
                121.2138577099734,
                25.109223820439087
              ],
              [
                121.21365954513048,
                25.109223820439087
              ]
            ]
          ],
          [
            [
              [
                121.24477142546743,
                25.112807746075976
              ],
              [
                121.24477142546743,
                25.112718147935055
              ],
              [
                121.24447417820308,
                25.112718147935055
              ],
              [
                121.24447417820308,
                25.11262854979413
              ],
              [
                121.2441769309387,
                25.11262854979413
              ],
              [
                121.2441769309387,
                25.11253895165321
              ],
              [
                121.24387968367434,
                25.11253895165321
              ],
              [
                121.24387968367434,
                25.111911764666754
              ],
              [
                121.24378060125288,
                25.111911764666754
              ],
              [
                121.24378060125288,
                25.111105381398453
              ],
              [
                121.24387968367434,
                25.111105381398453
              ],
              [
                121.24387968367434,
                25.11056779255292
              ],
              [
                121.2439787660958,
                25.11056779255292
              ],
              [
                121.2439787660958,
                25.110298998130155
              ],
              [
                121.24407784851725,
                25.110298998130155
              ],
              [
                121.24407784851725,
                25.11011980184831
              ],
              [
                121.2441769309387,
                25.11011980184831
              ],
              [
                121.2441769309387,
                25.109851007425544
              ],
              [
                121.24427601336016,
                25.109851007425544
              ],
              [
                121.24427601336016,
                25.1096718111437
              ],
              [
                121.24437509578162,
                25.1096718111437
              ],
              [
                121.24437509578162,
                25.109582213002774
              ],
              [
                121.24447417820308,
                25.109582213002774
              ],
              [
                121.24447417820308,
                25.109492614861853
              ],
              [
                121.24457326062453,
                25.109492614861853
              ],
              [
                121.24457326062453,
                25.109403016720933
              ],
              [
                121.24467234304598,
                25.109403016720933
              ],
              [
                121.24467234304598,
                25.109313418580008
              ],
              [
                121.24477142546743,
                25.109313418580008
              ],
              [
                121.24477142546743,
                25.109134222298163
              ],
              [
                121.24487050788889,
                25.109134222298163
              ],
              [
                121.24487050788889,
                25.109044624157242
              ],
              [
                121.24496959031035,
                25.109044624157242
              ],
              [
                121.24496959031035,
                25.10895502601632
              ],
              [
                121.2450686727318,
                25.10895502601632
              ],
              [
                121.2450686727318,
                25.108865427875397
              ],
              [
                121.24516775515326,
                25.108865427875397
              ],
              [
                121.24516775515326,
                25.108775829734476
              ],
              [
                121.24526683757472,
                25.108775829734476
              ],
              [
                121.24526683757472,
                25.108686231593552
              ],
              [
                121.24546500241763,
                25.108686231593552
              ],
              [
                121.24546500241763,
                25.10859663345263
              ],
              [
                121.24556408483907,
                25.10859663345263
              ],
              [
                121.24556408483907,
                25.10850703531171
              ],
              [
                121.24576224968199,
                25.10850703531171
              ],
              [
                121.24576224968199,
                25.108417437170786
              ],
              [
                121.2459604145249,
                25.108417437170786
              ],
              [
                121.2459604145249,
                25.108327839029865
              ],
              [
                121.24615857936782,
                25.108327839029865
              ],
              [
                121.24615857936782,
                25.10823824088894
              ],
              [
                121.24645582663217,
                25.10823824088894
              ],
              [
                121.24645582663217,
                25.10814864274802
              ],
              [
                121.24665399147509,
                25.10814864274802
              ],
              [
                121.24665399147509,
                25.1080590446071
              ],
              [
                121.24695123873946,
                25.1080590446071
              ],
              [
                121.24695123873946,
                25.107969446466175
              ],
              [
                121.24705032116091,
                25.107969446466175
              ],
              [
                121.24705032116091,
                25.107879848325254
              ],
              [
                121.24714940358237,
                25.107879848325254
              ],
              [
                121.24714940358237,
                25.107969446466175
              ],
              [
                121.24724848600383,
                25.107969446466175
              ],
              [
                121.24724848600383,
                25.1080590446071
              ],
              [
                121.24744665084673,
                25.1080590446071
              ],
              [
                121.24744665084673,
                25.10814864274802
              ],
              [
                121.24754573326818,
                25.10814864274802
              ],
              [
                121.24754573326818,
                25.10823824088894
              ],
              [
                121.2477438981111,
                25.10823824088894
              ],
              [
                121.2477438981111,
                25.108327839029865
              ],
              [
                121.24784298053255,
                25.108327839029865
              ],
              [
                121.24784298053255,
                25.108417437170786
              ],
              [
                121.24764481568964,
                25.108417437170786
              ],
              [
                121.24764481568964,
                25.10850703531171
              ],
              [
                121.24744665084673,
                25.10850703531171
              ],
              [
                121.24744665084673,
                25.10859663345263
              ],
              [
                121.24724848600383,
                25.10859663345263
              ],
              [
                121.24724848600383,
                25.108686231593552
              ],
              [
                121.24695123873946,
                25.108686231593552
              ],
              [
                121.24695123873946,
                25.108775829734476
              ],
              [
                121.24665399147509,
                25.108775829734476
              ],
              [
                121.24665399147509,
                25.108865427875397
              ],
              [
                121.24645582663217,
                25.108865427875397
              ],
              [
                121.24645582663217,
                25.10895502601632
              ],
              [
                121.24625766178927,
                25.10895502601632
              ],
              [
                121.24625766178927,
                25.109044624157242
              ],
              [
                121.24605949694636,
                25.109044624157242
              ],
              [
                121.24605949694636,
                25.109134222298163
              ],
              [
                121.2459604145249,
                25.109134222298163
              ],
              [
                121.2459604145249,
                25.109223820439087
              ],
              [
                121.24576224968199,
                25.109223820439087
              ],
              [
                121.24576224968199,
                25.109313418580008
              ],
              [
                121.24556408483907,
                25.109313418580008
              ],
              [
                121.24556408483907,
                25.109403016720933
              ],
              [
                121.24546500241763,
                25.109403016720933
              ],
              [
                121.24546500241763,
                25.109492614861853
              ],
              [
                121.24536591999617,
                25.109492614861853
              ],
              [
                121.24536591999617,
                25.109582213002774
              ],
              [
                121.24526683757472,
                25.109582213002774
              ],
              [
                121.24526683757472,
                25.1096718111437
              ],
              [
                121.24516775515326,
                25.1096718111437
              ],
              [
                121.24516775515326,
                25.109851007425544
              ],
              [
                121.2450686727318,
                25.109851007425544
              ],
              [
                121.2450686727318,
                25.109940605566464
              ],
              [
                121.24496959031035,
                25.109940605566464
              ],
              [
                121.24496959031035,
                25.11011980184831
              ],
              [
                121.24487050788889,
                25.11011980184831
              ],
              [
                121.24487050788889,
                25.110298998130155
              ],
              [
                121.24477142546743,
                25.110298998130155
              ],
              [
                121.24477142546743,
                25.110478194411996
              ],
              [
                121.24467234304598,
                25.110478194411996
              ],
              [
                121.24467234304598,
                25.110926185116607
              ],
              [
                121.24457326062453,
                25.110926185116607
              ],
              [
                121.24457326062453,
                25.1120909609486
              ],
              [
                121.24467234304598,
                25.1120909609486
              ],
              [
                121.24467234304598,
                25.112270157230444
              ],
              [
                121.24477142546743,
                25.112270157230444
              ],
              [
                121.24477142546743,
                25.11253895165321
              ],
              [
                121.24487050788889,
                25.11253895165321
              ],
              [
                121.24487050788889,
                25.112718147935055
              ],
              [
                121.24496959031035,
                25.112718147935055
              ],
              [
                121.24496959031035,
                25.112807746075976
              ],
              [
                121.24477142546743,
                25.112807746075976
              ]
            ]
          ],
          [
            [
              [
                121.20791276468607,
                25.106446278070496
              ],
              [
                121.20791276468607,
                25.106356679929576
              ],
              [
                121.20801184710753,
                25.106356679929576
              ],
              [
                121.20801184710753,
                25.106446278070496
              ],
              [
                121.20791276468607,
                25.106446278070496
              ]
            ]
          ],
          [
            [
              [
                121.20771459984316,
                25.10626708178865
              ],
              [
                121.20771459984316,
                25.10617748364773
              ],
              [
                121.2076155174217,
                25.10617748364773
              ],
              [
                121.2076155174217,
                25.10608788550681
              ],
              [
                121.20781368226461,
                25.10608788550681
              ],
              [
                121.20781368226461,
                25.10626708178865
              ],
              [
                121.20771459984316,
                25.10626708178865
              ]
            ]
          ],
          [
            [
              [
                121.2074173525788,
                25.10608788550681
              ],
              [
                121.2074173525788,
                25.10581909108404
              ],
              [
                121.20751643500026,
                25.10581909108404
              ],
              [
                121.20751643500026,
                25.10608788550681
              ],
              [
                121.2074173525788,
                25.10608788550681
              ]
            ]
          ],
          [
            [
              [
                121.2067237756286,
                25.10411672640652
              ],
              [
                121.2067237756286,
                25.103937530124675
              ],
              [
                121.20662469320716,
                25.103937530124675
              ],
              [
                121.20662469320716,
                25.10375833384283
              ],
              [
                121.2067237756286,
                25.10375833384283
              ],
              [
                121.2067237756286,
                25.10384793198375
              ],
              [
                121.20682285805006,
                25.10384793198375
              ],
              [
                121.20682285805006,
                25.103937530124675
              ],
              [
                121.20692194047152,
                25.103937530124675
              ],
              [
                121.20692194047152,
                25.104027128265596
              ],
              [
                121.20682285805006,
                25.104027128265596
              ],
              [
                121.20682285805006,
                25.10411672640652
              ],
              [
                121.2067237756286,
                25.10411672640652
              ]
            ]
          ],
          [
            [
              [
                121.20929991858645,
                25.10366873570191
              ],
              [
                121.20929991858645,
                25.103579137560985
              ],
              [
                121.20969624827227,
                25.103579137560985
              ],
              [
                121.20969624827227,
                25.10366873570191
              ],
              [
                121.20929991858645,
                25.10366873570191
              ]
            ]
          ],
          [
            [
              [
                121.20969624827227,
                25.103579137560985
              ],
              [
                121.20969624827227,
                25.103489539420064
              ],
              [
                121.20979533069372,
                25.103489539420064
              ],
              [
                121.20979533069372,
                25.103579137560985
              ],
              [
                121.20969624827227,
                25.103579137560985
              ]
            ]
          ],
          [
            [
              [
                121.20979533069372,
                25.103489539420064
              ],
              [
                121.20979533069372,
                25.10339994127914
              ],
              [
                121.20989441311518,
                25.10339994127914
              ],
              [
                121.20989441311518,
                25.103489539420064
              ],
              [
                121.20979533069372,
                25.103489539420064
              ]
            ]
          ],
          [
            [
              [
                121.20632744594279,
                25.10384793198375
              ],
              [
                121.20632744594279,
                25.10375833384283
              ],
              [
                121.20612928109988,
                25.10375833384283
              ],
              [
                121.20612928109988,
                25.10339994127914
              ],
              [
                121.20622836352133,
                25.10339994127914
              ],
              [
                121.20622836352133,
                25.10331034313822
              ],
              [
                121.20632744594279,
                25.10331034313822
              ],
              [
                121.20632744594279,
                25.103489539420064
              ],
              [
                121.20642652836425,
                25.103489539420064
              ],
              [
                121.20642652836425,
                25.103579137560985
              ],
              [
                121.2065256107857,
                25.103579137560985
              ],
              [
                121.2065256107857,
                25.10366873570191
              ],
              [
                121.20662469320716,
                25.10366873570191
              ],
              [
                121.20662469320716,
                25.10375833384283
              ],
              [
                121.2065256107857,
                25.10375833384283
              ],
              [
                121.2065256107857,
                25.10384793198375
              ],
              [
                121.20632744594279,
                25.10384793198375
              ]
            ]
          ],
          [
            [
              [
                121.20900267132208,
                25.103489539420064
              ],
              [
                121.20900267132208,
                25.10331034313822
              ],
              [
                121.20910175374354,
                25.10331034313822
              ],
              [
                121.20910175374354,
                25.10339994127914
              ],
              [
                121.209200836165,
                25.10339994127914
              ],
              [
                121.209200836165,
                25.103489539420064
              ],
              [
                121.20900267132208,
                25.103489539420064
              ]
            ]
          ],
          [
            [
              [
                121.20999349553664,
                25.10339994127914
              ],
              [
                121.20999349553664,
                25.10331034313822
              ],
              [
                121.2100925779581,
                25.10331034313822
              ],
              [
                121.2100925779581,
                25.10339994127914
              ],
              [
                121.20999349553664,
                25.10339994127914
              ]
            ]
          ],
          [
            [
              [
                121.20494029204241,
                25.103579137560985
              ],
              [
                121.20494029204241,
                25.103489539420064
              ],
              [
                121.20484120962097,
                25.103489539420064
              ],
              [
                121.20484120962097,
                25.103220744997298
              ],
              [
                121.20503937446387,
                25.103220744997298
              ],
              [
                121.20503937446387,
                25.10331034313822
              ],
              [
                121.20523753930678,
                25.10331034313822
              ],
              [
                121.20523753930678,
                25.103489539420064
              ],
              [
                121.20513845688532,
                25.103489539420064
              ],
              [
                121.20513845688532,
                25.103579137560985
              ],
              [
                121.20494029204241,
                25.103579137560985
              ]
            ]
          ],
          [
            [
              [
                121.20890358890063,
                25.10331034313822
              ],
              [
                121.20890358890063,
                25.103220744997298
              ],
              [
                121.20900267132208,
                25.103220744997298
              ],
              [
                121.20900267132208,
                25.10331034313822
              ],
              [
                121.20890358890063,
                25.10331034313822
              ]
            ]
          ],
          [
            [
              [
                121.20573295141406,
                25.10366873570191
              ],
              [
                121.20573295141406,
                25.103579137560985
              ],
              [
                121.20533662172824,
                25.103579137560985
              ],
              [
                121.20533662172824,
                25.103489539420064
              ],
              [
                121.20543570414969,
                25.103489539420064
              ],
              [
                121.20543570414969,
                25.10339994127914
              ],
              [
                121.20553478657115,
                25.10339994127914
              ],
              [
                121.20553478657115,
                25.10331034313822
              ],
              [
                121.2056338689926,
                25.10331034313822
              ],
              [
                121.2056338689926,
                25.103220744997298
              ],
              [
                121.20573295141406,
                25.103220744997298
              ],
              [
                121.20573295141406,
                25.103131146856374
              ],
              [
                121.2058320338355,
                25.103131146856374
              ],
              [
                121.2058320338355,
                25.103041548715453
              ],
              [
                121.20593111625696,
                25.103041548715453
              ],
              [
                121.20593111625696,
                25.103131146856374
              ],
              [
                121.20603019867842,
                25.103131146856374
              ],
              [
                121.20603019867842,
                25.103220744997298
              ],
              [
                121.20612928109988,
                25.103220744997298
              ],
              [
                121.20612928109988,
                25.10331034313822
              ],
              [
                121.20603019867842,
                25.10331034313822
              ],
              [
                121.20603019867842,
                25.103579137560985
              ],
              [
                121.20593111625696,
                25.103579137560985
              ],
              [
                121.20593111625696,
                25.10366873570191
              ],
              [
                121.20573295141406,
                25.10366873570191
              ]
            ]
          ],
          [
            [
              [
                121.20523753930678,
                25.10331034313822
              ],
              [
                121.20523753930678,
                25.103220744997298
              ],
              [
                121.20513845688532,
                25.103220744997298
              ],
              [
                121.20513845688532,
                25.103041548715453
              ],
              [
                121.20523753930678,
                25.103041548715453
              ],
              [
                121.20523753930678,
                25.10295195057453
              ],
              [
                121.20543570414969,
                25.10295195057453
              ],
              [
                121.20543570414969,
                25.102862352433608
              ],
              [
                121.20553478657115,
                25.102862352433608
              ],
              [
                121.20553478657115,
                25.102772754292687
              ],
              [
                121.20573295141406,
                25.102772754292687
              ],
              [
                121.20573295141406,
                25.103041548715453
              ],
              [
                121.2056338689926,
                25.103041548715453
              ],
              [
                121.2056338689926,
                25.103131146856374
              ],
              [
                121.20553478657115,
                25.103131146856374
              ],
              [
                121.20553478657115,
                25.103220744997298
              ],
              [
                121.20543570414969,
                25.103220744997298
              ],
              [
                121.20543570414969,
                25.10331034313822
              ],
              [
                121.20523753930678,
                25.10331034313822
              ]
            ]
          ],
          [
            [
              [
                121.20503937446387,
                25.103041548715453
              ],
              [
                121.20503937446387,
                25.102862352433608
              ],
              [
                121.20494029204241,
                25.102862352433608
              ],
              [
                121.20494029204241,
                25.10259355801084
              ],
              [
                121.20513845688532,
                25.10259355801084
              ],
              [
                121.20513845688532,
                25.102503959869917
              ],
              [
                121.20533662172824,
                25.102503959869917
              ],
              [
                121.20533662172824,
                25.102414361728997
              ],
              [
                121.20543570414969,
                25.102414361728997
              ],
              [
                121.20543570414969,
                25.102503959869917
              ],
              [
                121.20553478657115,
                25.102503959869917
              ],
              [
                121.20553478657115,
                25.102683156151762
              ],
              [
                121.20543570414969,
                25.102683156151762
              ],
              [
                121.20543570414969,
                25.102772754292687
              ],
              [
                121.20533662172824,
                25.102772754292687
              ],
              [
                121.20533662172824,
                25.102862352433608
              ],
              [
                121.20523753930678,
                25.102862352433608
              ],
              [
                121.20523753930678,
                25.10295195057453
              ],
              [
                121.20513845688532,
                25.10295195057453
              ],
              [
                121.20513845688532,
                25.103041548715453
              ],
              [
                121.20503937446387,
                25.103041548715453
              ]
            ]
          ],
          [
            [
              [
                121.20464304477805,
                25.10331034313822
              ],
              [
                121.20464304477805,
                25.103220744997298
              ],
              [
                121.2045439623566,
                25.103220744997298
              ],
              [
                121.2045439623566,
                25.103041548715453
              ],
              [
                121.20444487993514,
                25.103041548715453
              ],
              [
                121.20444487993514,
                25.102862352433608
              ],
              [
                121.20434579751368,
                25.102862352433608
              ],
              [
                121.20434579751368,
                25.102772754292687
              ],
              [
                121.20424671509222,
                25.102772754292687
              ],
              [
                121.20424671509222,
                25.102503959869917
              ],
              [
                121.20414763267077,
                25.102503959869917
              ],
              [
                121.20414763267077,
                25.102324763588076
              ],
              [
                121.20424671509222,
                25.102324763588076
              ],
              [
                121.20424671509222,
                25.10223516544715
              ],
              [
                121.2045439623566,
                25.10223516544715
              ],
              [
                121.2045439623566,
                25.102414361728997
              ],
              [
                121.20464304477805,
                25.102414361728997
              ],
              [
                121.20464304477805,
                25.10259355801084
              ],
              [
                121.20474212719951,
                25.10259355801084
              ],
              [
                121.20474212719951,
                25.102683156151762
              ],
              [
                121.20464304477805,
                25.102683156151762
              ],
              [
                121.20464304477805,
                25.102772754292687
              ],
              [
                121.20484120962097,
                25.102772754292687
              ],
              [
                121.20484120962097,
                25.102862352433608
              ],
              [
                121.20494029204241,
                25.102862352433608
              ],
              [
                121.20494029204241,
                25.103131146856374
              ],
              [
                121.20484120962097,
                25.103131146856374
              ],
              [
                121.20484120962097,
                25.103220744997298
              ],
              [
                121.20474212719951,
                25.103220744997298
              ],
              [
                121.20474212719951,
                25.10331034313822
              ],
              [
                121.20464304477805,
                25.10331034313822
              ]
            ],
            [
              [
                121.20444487993514,
                25.102862352433608
              ],
              [
                121.2045439623566,
                25.102862352433608
              ],
              [
                121.2045439623566,
                25.102772754292687
              ],
              [
                121.20444487993514,
                25.102772754292687
              ],
              [
                121.20444487993514,
                25.102862352433608
              ]
            ]
          ],
          [
            [
              [
                121.20484120962097,
                25.10259355801084
              ],
              [
                121.20484120962097,
                25.102503959869917
              ],
              [
                121.20474212719951,
                25.102503959869917
              ],
              [
                121.20474212719951,
                25.102324763588076
              ],
              [
                121.20464304477805,
                25.102324763588076
              ],
              [
                121.20464304477805,
                25.10214556730623
              ],
              [
                121.20494029204241,
                25.10214556730623
              ],
              [
                121.20494029204241,
                25.102055969165306
              ],
              [
                121.20513845688532,
                25.102055969165306
              ],
              [
                121.20513845688532,
                25.10223516544715
              ],
              [
                121.20523753930678,
                25.10223516544715
              ],
              [
                121.20523753930678,
                25.102324763588076
              ],
              [
                121.20533662172824,
                25.102324763588076
              ],
              [
                121.20533662172824,
                25.102414361728997
              ],
              [
                121.20513845688532,
                25.102414361728997
              ],
              [
                121.20513845688532,
                25.102503959869917
              ],
              [
                121.20494029204241,
                25.102503959869917
              ],
              [
                121.20494029204241,
                25.10259355801084
              ],
              [
                121.20484120962097,
                25.10259355801084
              ]
            ]
          ],
          [
            [
              [
                121.20414763267077,
                25.102055969165306
              ],
              [
                121.20414763267077,
                25.10178717474254
              ],
              [
                121.20434579751368,
                25.10178717474254
              ],
              [
                121.20434579751368,
                25.10169757660162
              ],
              [
                121.20464304477805,
                25.10169757660162
              ],
              [
                121.20464304477805,
                25.101876772883465
              ],
              [
                121.20474212719951,
                25.101876772883465
              ],
              [
                121.20474212719951,
                25.10169757660162
              ],
              [
                121.20484120962097,
                25.10169757660162
              ],
              [
                121.20484120962097,
                25.10178717474254
              ],
              [
                121.20494029204241,
                25.10178717474254
              ],
              [
                121.20494029204241,
                25.101876772883465
              ],
              [
                121.20503937446387,
                25.101876772883465
              ],
              [
                121.20503937446387,
                25.101966371024385
              ],
              [
                121.20474212719951,
                25.101966371024385
              ],
              [
                121.20474212719951,
                25.102055969165306
              ],
              [
                121.20414763267077,
                25.102055969165306
              ]
            ]
          ],
          [
            [
              [
                121.20603019867842,
                25.10214556730623
              ],
              [
                121.20603019867842,
                25.102055969165306
              ],
              [
                121.20593111625696,
                25.102055969165306
              ],
              [
                121.20593111625696,
                25.101876772883465
              ],
              [
                121.2058320338355,
                25.101876772883465
              ],
              [
                121.2058320338355,
                25.10178717474254
              ],
              [
                121.20573295141406,
                25.10178717474254
              ],
              [
                121.20573295141406,
                25.10169757660162
              ],
              [
                121.2056338689926,
                25.10169757660162
              ],
              [
                121.2056338689926,
                25.101428782178854
              ],
              [
                121.20593111625696,
                25.101428782178854
              ],
              [
                121.20593111625696,
                25.101518380319774
              ],
              [
                121.20603019867842,
                25.101518380319774
              ],
              [
                121.20603019867842,
                25.101607978460695
              ],
              [
                121.20612928109988,
                25.101607978460695
              ],
              [
                121.20612928109988,
                25.10169757660162
              ],
              [
                121.20622836352133,
                25.10169757660162
              ],
              [
                121.20622836352133,
                25.10178717474254
              ],
              [
                121.20632744594279,
                25.10178717474254
              ],
              [
                121.20632744594279,
                25.102055969165306
              ],
              [
                121.20622836352133,
                25.102055969165306
              ],
              [
                121.20622836352133,
                25.10214556730623
              ],
              [
                121.20603019867842,
                25.10214556730623
              ]
            ]
          ],
          [
            [
              [
                121.20394946782787,
                25.10169757660162
              ],
              [
                121.20394946782787,
                25.101518380319774
              ],
              [
                121.20385038540641,
                25.101518380319774
              ],
              [
                121.20385038540641,
                25.10133918403793
              ],
              [
                121.20394946782787,
                25.10133918403793
              ],
              [
                121.20394946782787,
                25.10124958589701
              ],
              [
                121.20404855024931,
                25.10124958589701
              ],
              [
                121.20404855024931,
                25.101159987756084
              ],
              [
                121.20414763267077,
                25.101159987756084
              ],
              [
                121.20414763267077,
                25.101070389615163
              ],
              [
                121.20424671509222,
                25.101070389615163
              ],
              [
                121.20424671509222,
                25.101159987756084
              ],
              [
                121.20434579751368,
                25.101159987756084
              ],
              [
                121.20434579751368,
                25.10124958589701
              ],
              [
                121.20444487993514,
                25.10124958589701
              ],
              [
                121.20444487993514,
                25.10133918403793
              ],
              [
                121.2045439623566,
                25.10133918403793
              ],
              [
                121.2045439623566,
                25.101428782178854
              ],
              [
                121.20464304477805,
                25.101428782178854
              ],
              [
                121.20464304477805,
                25.101607978460695
              ],
              [
                121.20434579751368,
                25.101607978460695
              ],
              [
                121.20434579751368,
                25.10169757660162
              ],
              [
                121.20394946782787,
                25.10169757660162
              ]
            ]
          ],
          [
            [
              [
                121.20513845688532,
                25.10124958589701
              ],
              [
                121.20513845688532,
                25.101159987756084
              ],
              [
                121.20503937446387,
                25.101159987756084
              ],
              [
                121.20503937446387,
                25.100980791474242
              ],
              [
                121.20494029204241,
                25.100980791474242
              ],
              [
                121.20494029204241,
                25.100891193333318
              ],
              [
                121.20484120962097,
                25.100891193333318
              ],
              [
                121.20484120962097,
                25.100801595192397
              ],
              [
                121.20474212719951,
                25.100801595192397
              ],
              [
                121.20474212719951,
                25.100711997051473
              ],
              [
                121.20484120962097,
                25.100711997051473
              ],
              [
                121.20484120962097,
                25.100622398910552
              ],
              [
                121.20503937446387,
                25.100622398910552
              ],
              [
                121.20503937446387,
                25.100711997051473
              ],
              [
                121.20513845688532,
                25.100711997051473
              ],
              [
                121.20513845688532,
                25.100801595192397
              ],
              [
                121.20523753930678,
                25.100801595192397
              ],
              [
                121.20523753930678,
                25.100891193333318
              ],
              [
                121.20533662172824,
                25.100891193333318
              ],
              [
                121.20533662172824,
                25.100980791474242
              ],
              [
                121.20543570414969,
                25.100980791474242
              ],
              [
                121.20543570414969,
                25.10124958589701
              ],
              [
                121.20513845688532,
                25.10124958589701
              ]
            ]
          ],
          [
            [
              [
                121.20375130298495,
                25.100980791474242
              ],
              [
                121.20375130298495,
                25.100891193333318
              ],
              [
                121.2036522205635,
                25.100891193333318
              ],
              [
                121.2036522205635,
                25.100711997051473
              ],
              [
                121.20355313814204,
                25.100711997051473
              ],
              [
                121.20355313814204,
                25.100622398910552
              ],
              [
                121.20375130298495,
                25.100622398910552
              ],
              [
                121.20375130298495,
                25.100801595192397
              ],
              [
                121.20394946782787,
                25.100801595192397
              ],
              [
                121.20394946782787,
                25.100891193333318
              ],
              [
                121.20385038540641,
                25.100891193333318
              ],
              [
                121.20385038540641,
                25.100980791474242
              ],
              [
                121.20375130298495,
                25.100980791474242
              ]
            ]
          ],
          [
            [
              [
                121.2045439623566,
                25.100622398910552
              ],
              [
                121.2045439623566,
                25.10053280076963
              ],
              [
                121.20444487993514,
                25.10053280076963
              ],
              [
                121.20444487993514,
                25.100353604487786
              ],
              [
                121.20424671509222,
                25.100353604487786
              ],
              [
                121.20424671509222,
                25.10017440820594
              ],
              [
                121.20414763267077,
                25.10017440820594
              ],
              [
                121.20414763267077,
                25.099995211924096
              ],
              [
                121.20424671509222,
                25.099995211924096
              ],
              [
                121.20424671509222,
                25.100084810065017
              ],
              [
                121.20434579751368,
                25.100084810065017
              ],
              [
                121.20434579751368,
                25.10017440820594
              ],
              [
                121.20444487993514,
                25.10017440820594
              ],
              [
                121.20444487993514,
                25.100264006346862
              ],
              [
                121.2045439623566,
                25.100264006346862
              ],
              [
                121.2045439623566,
                25.100353604487786
              ],
              [
                121.20474212719951,
                25.100353604487786
              ],
              [
                121.20474212719951,
                25.100443202628707
              ],
              [
                121.20484120962097,
                25.100443202628707
              ],
              [
                121.20484120962097,
                25.100622398910552
              ],
              [
                121.2045439623566,
                25.100622398910552
              ]
            ]
          ],
          [
            [
              [
                121.24804114537547,
                25.108327839029865
              ],
              [
                121.24804114537547,
                25.10823824088894
              ],
              [
                121.24794206295401,
                25.10823824088894
              ],
              [
                121.24794206295401,
                25.10814864274802
              ],
              [
                121.2477438981111,
                25.10814864274802
              ],
              [
                121.2477438981111,
                25.1080590446071
              ],
              [
                121.24764481568964,
                25.1080590446071
              ],
              [
                121.24764481568964,
                25.107969446466175
              ],
              [
                121.24754573326818,
                25.107969446466175
              ],
              [
                121.24754573326818,
                25.107879848325254
              ],
              [
                121.24744665084673,
                25.107879848325254
              ],
              [
                121.24744665084673,
                25.10779025018433
              ],
              [
                121.24734756842527,
                25.10779025018433
              ],
              [
                121.24734756842527,
                25.10770065204341
              ],
              [
                121.24744665084673,
                25.10770065204341
              ],
              [
                121.24744665084673,
                25.107611053902485
              ],
              [
                121.2477438981111,
                25.107611053902485
              ],
              [
                121.2477438981111,
                25.107521455761564
              ],
              [
                121.24784298053255,
                25.107521455761564
              ],
              [
                121.24784298053255,
                25.107431857620643
              ],
              [
                121.24804114537547,
                25.107431857620643
              ],
              [
                121.24804114537547,
                25.10734225947972
              ],
              [
                121.24814022779692,
                25.10734225947972
              ],
              [
                121.24814022779692,
                25.107252661338798
              ],
              [
                121.24833839263982,
                25.107252661338798
              ],
              [
                121.24833839263982,
                25.107163063197873
              ],
              [
                121.24853655748274,
                25.107163063197873
              ],
              [
                121.24853655748274,
                25.107073465056953
              ],
              [
                121.2486356399042,
                25.107073465056953
              ],
              [
                121.2486356399042,
                25.106983866916032
              ],
              [
                121.24883380474711,
                25.106983866916032
              ],
              [
                121.24883380474711,
                25.106894268775108
              ],
              [
                121.24903196959002,
                25.106894268775108
              ],
              [
                121.24903196959002,
                25.106804670634187
              ],
              [
                121.24923013443292,
                25.106804670634187
              ],
              [
                121.24923013443292,
                25.106715072493262
              ],
              [
                121.24942829927583,
                25.106715072493262
              ],
              [
                121.24942829927583,
                25.10662547435234
              ],
              [
                121.24962646411875,
                25.10662547435234
              ],
              [
                121.24962646411875,
                25.10653587621142
              ],
              [
                121.24992371138312,
                25.10653587621142
              ],
              [
                121.24992371138312,
                25.106446278070496
              ],
              [
                121.25012187622602,
                25.106446278070496
              ],
              [
                121.25012187622602,
                25.106356679929576
              ],
              [
                121.25022095864747,
                25.106356679929576
              ],
              [
                121.25022095864747,
                25.10626708178865
              ],
              [
                121.25032004106893,
                25.10626708178865
              ],
              [
                121.25032004106893,
                25.10617748364773
              ],
              [
                121.25041912349039,
                25.10617748364773
              ],
              [
                121.25041912349039,
                25.10608788550681
              ],
              [
                121.25051820591185,
                25.10608788550681
              ],
              [
                121.25051820591185,
                25.105908689224965
              ],
              [
                121.2506172883333,
                25.105908689224965
              ],
              [
                121.2506172883333,
                25.10581909108404
              ],
              [
                121.25071637075476,
                25.10581909108404
              ],
              [
                121.25071637075476,
                25.1056398948022
              ],
              [
                121.25081545317622,
                25.1056398948022
              ],
              [
                121.25081545317622,
                25.105460698520353
              ],
              [
                121.25091453559767,
                25.105460698520353
              ],
              [
                121.25091453559767,
                25.105102305956663
              ],
              [
                121.25101361801912,
                25.105102305956663
              ],
              [
                121.25101361801912,
                25.10384793198375
              ],
              [
                121.25091453559767,
                25.10384793198375
              ],
              [
                121.25091453559767,
                25.103579137560985
              ],
              [
                121.25081545317622,
                25.103579137560985
              ],
              [
                121.25081545317622,
                25.103220744997298
              ],
              [
                121.25071637075476,
                25.103220744997298
              ],
              [
                121.25071637075476,
                25.10295195057453
              ],
              [
                121.2506172883333,
                25.10295195057453
              ],
              [
                121.2506172883333,
                25.102324763588076
              ],
              [
                121.25051820591185,
                25.102324763588076
              ],
              [
                121.25051820591185,
                25.101607978460695
              ],
              [
                121.25041912349039,
                25.101607978460695
              ],
              [
                121.25041912349039,
                25.100801595192397
              ],
              [
                121.25051820591185,
                25.100801595192397
              ],
              [
                121.25051820591185,
                25.099188828655794
              ],
              [
                121.25041912349039,
                25.099188828655794
              ],
              [
                121.25041912349039,
                25.098740837951183
              ],
              [
                121.2506172883333,
                25.098740837951183
              ],
              [
                121.2506172883333,
                25.098830436092108
              ],
              [
                121.25071637075476,
                25.098830436092108
              ],
              [
                121.25071637075476,
                25.09892003423303
              ],
              [
                121.25081545317622,
                25.09892003423303
              ],
              [
                121.25081545317622,
                25.099009632373953
              ],
              [
                121.25101361801912,
                25.099009632373953
              ],
              [
                121.25101361801912,
                25.099099230514874
              ],
              [
                121.25111270044057,
                25.099099230514874
              ],
              [
                121.25111270044057,
                25.099188828655794
              ],
              [
                121.25121178286203,
                25.099188828655794
              ],
              [
                121.25121178286203,
                25.09927842679672
              ],
              [
                121.25131086528349,
                25.09927842679672
              ],
              [
                121.25131086528349,
                25.099547221219485
              ],
              [
                121.25140994770494,
                25.099547221219485
              ],
              [
                121.25140994770494,
                25.100353604487786
              ],
              [
                121.2515090301264,
                25.100353604487786
              ],
              [
                121.2515090301264,
                25.101518380319774
              ],
              [
                121.25160811254786,
                25.101518380319774
              ],
              [
                121.25160811254786,
                25.10223516544715
              ],
              [
                121.25170719496931,
                25.10223516544715
              ],
              [
                121.25170719496931,
                25.10259355801084
              ],
              [
                121.25180627739077,
                25.10259355801084
              ],
              [
                121.25180627739077,
                25.10295195057453
              ],
              [
                121.25190535981221,
                25.10295195057453
              ],
              [
                121.25190535981221,
                25.10331034313822
              ],
              [
                121.25200444223367,
                25.10331034313822
              ],
              [
                121.25200444223367,
                25.10384793198375
              ],
              [
                121.25210352465513,
                25.10384793198375
              ],
              [
                121.25210352465513,
                25.105012707815742
              ],
              [
                121.25200444223367,
                25.105012707815742
              ],
              [
                121.25200444223367,
                25.10528150223851
              ],
              [
                121.25190535981221,
                25.10528150223851
              ],
              [
                121.25190535981221,
                25.105460698520353
              ],
              [
                121.25180627739077,
                25.105460698520353
              ],
              [
                121.25180627739077,
                25.1056398948022
              ],
              [
                121.25170719496931,
                25.1056398948022
              ],
              [
                121.25170719496931,
                25.10581909108404
              ],
              [
                121.25160811254786,
                25.10581909108404
              ],
              [
                121.25160811254786,
                25.105908689224965
              ],
              [
                121.2515090301264,
                25.105908689224965
              ],
              [
                121.2515090301264,
                25.10608788550681
              ],
              [
                121.25140994770494,
                25.10608788550681
              ],
              [
                121.25140994770494,
                25.10626708178865
              ],
              [
                121.25131086528349,
                25.10626708178865
              ],
              [
                121.25131086528349,
                25.106356679929576
              ],
              [
                121.25121178286203,
                25.106356679929576
              ],
              [
                121.25121178286203,
                25.10653587621142
              ],
              [
                121.25111270044057,
                25.10653587621142
              ],
              [
                121.25111270044057,
                25.10662547435234
              ],
              [
                121.25101361801912,
                25.10662547435234
              ],
              [
                121.25101361801912,
                25.106715072493262
              ],
              [
                121.25091453559767,
                25.106715072493262
              ],
              [
                121.25091453559767,
                25.106804670634187
              ],
              [
                121.25081545317622,
                25.106804670634187
              ],
              [
                121.25081545317622,
                25.106894268775108
              ],
              [
                121.25071637075476,
                25.106894268775108
              ],
              [
                121.25071637075476,
                25.106983866916032
              ],
              [
                121.25051820591185,
                25.106983866916032
              ],
              [
                121.25051820591185,
                25.107073465056953
              ],
              [
                121.25041912349039,
                25.107073465056953
              ],
              [
                121.25041912349039,
                25.107163063197873
              ],
              [
                121.25032004106893,
                25.107163063197873
              ],
              [
                121.25032004106893,
                25.107252661338798
              ],
              [
                121.25022095864747,
                25.107252661338798
              ],
              [
                121.25022095864747,
                25.10734225947972
              ],
              [
                121.25002279380456,
                25.10734225947972
              ],
              [
                121.25002279380456,
                25.107431857620643
              ],
              [
                121.24982462896166,
                25.107431857620643
              ],
              [
                121.24982462896166,
                25.107521455761564
              ],
              [
                121.2497255465402,
                25.107521455761564
              ],
              [
                121.2497255465402,
                25.107611053902485
              ],
              [
                121.24952738169729,
                25.107611053902485
              ],
              [
                121.24952738169729,
                25.10770065204341
              ],
              [
                121.24932921685438,
                25.10770065204341
              ],
              [
                121.24932921685438,
                25.10779025018433
              ],
              [
                121.24913105201146,
                25.10779025018433
              ],
              [
                121.24913105201146,
                25.107879848325254
              ],
              [
                121.24893288716856,
                25.107879848325254
              ],
              [
                121.24893288716856,
                25.107969446466175
              ],
              [
                121.24873472232565,
                25.107969446466175
              ],
              [
                121.24873472232565,
                25.1080590446071
              ],
              [
                121.24853655748274,
                25.1080590446071
              ],
              [
                121.24853655748274,
                25.10814864274802
              ],
              [
                121.24833839263982,
                25.10814864274802
              ],
              [
                121.24833839263982,
                25.10823824088894
              ],
              [
                121.24814022779692,
                25.10823824088894
              ],
              [
                121.24814022779692,
                25.108327839029865
              ],
              [
                121.24804114537547,
                25.108327839029865
              ]
            ]
          ],
          [
            [
              [
                121.19275315420342,
                25.096232090005362
              ],
              [
                121.19275315420342,
                25.09614249186444
              ],
              [
                121.19205957725323,
                25.09614249186444
              ],
              [
                121.19205957725323,
                25.095963295582596
              ],
              [
                121.19215865967469,
                25.095963295582596
              ],
              [
                121.19215865967469,
                25.09587369744167
              ],
              [
                121.19245590693905,
                25.09587369744167
              ],
              [
                121.19245590693905,
                25.095963295582596
              ],
              [
                121.19265407178196,
                25.095963295582596
              ],
              [
                121.19265407178196,
                25.096052893723517
              ],
              [
                121.19295131904633,
                25.096052893723517
              ],
              [
                121.19295131904633,
                25.09614249186444
              ],
              [
                121.19285223662487,
                25.09614249186444
              ],
              [
                121.19285223662487,
                25.096232090005362
              ],
              [
                121.19275315420342,
                25.096232090005362
              ]
            ]
          ],
          [
            [
              [
                121.19186141241032,
                25.096052893723517
              ],
              [
                121.19186141241032,
                25.095963295582596
              ],
              [
                121.19156416514595,
                25.095963295582596
              ],
              [
                121.19156416514595,
                25.09587369744167
              ],
              [
                121.19136600030303,
                25.09587369744167
              ],
              [
                121.19136600030303,
                25.09578409930075
              ],
              [
                121.19146508272449,
                25.09578409930075
              ],
              [
                121.19146508272449,
                25.095604903018906
              ],
              [
                121.19156416514595,
                25.095604903018906
              ],
              [
                121.19156416514595,
                25.09569450115983
              ],
              [
                121.19186141241032,
                25.09569450115983
              ],
              [
                121.19186141241032,
                25.09578409930075
              ],
              [
                121.19205957725323,
                25.09578409930075
              ],
              [
                121.19205957725323,
                25.09587369744167
              ],
              [
                121.19196049483178,
                25.09587369744167
              ],
              [
                121.19196049483178,
                25.096052893723517
              ],
              [
                121.19186141241032,
                25.096052893723517
              ]
            ]
          ],
          [
            [
              [
                121.19116783546013,
                25.09587369744167
              ],
              [
                121.19116783546013,
                25.09578409930075
              ],
              [
                121.19096967061722,
                25.09578409930075
              ],
              [
                121.19096967061722,
                25.09569450115983
              ],
              [
                121.19087058819576,
                25.09569450115983
              ],
              [
                121.19087058819576,
                25.095604903018906
              ],
              [
                121.19077150577431,
                25.095604903018906
              ],
              [
                121.19077150577431,
                25.095515304877985
              ],
              [
                121.19067242335285,
                25.095515304877985
              ],
              [
                121.19067242335285,
                25.09542570673706
              ],
              [
                121.19077150577431,
                25.09542570673706
              ],
              [
                121.19077150577431,
                25.09533610859614
              ],
              [
                121.19087058819576,
                25.09533610859614
              ],
              [
                121.19087058819576,
                25.09542570673706
              ],
              [
                121.19116783546013,
                25.09542570673706
              ],
              [
                121.19116783546013,
                25.095515304877985
              ],
              [
                121.19146508272449,
                25.095515304877985
              ],
              [
                121.19146508272449,
                25.095604903018906
              ],
              [
                121.19136600030303,
                25.095604903018906
              ],
              [
                121.19136600030303,
                25.09578409930075
              ],
              [
                121.19126691788159,
                25.09578409930075
              ],
              [
                121.19126691788159,
                25.09587369744167
              ],
              [
                121.19116783546013,
                25.09587369744167
              ]
            ]
          ],
          [
            [
              [
                121.18938435187394,
                25.09381294020046
              ],
              [
                121.18938435187394,
                25.09372334205954
              ],
              [
                121.18928526945248,
                25.09372334205954
              ],
              [
                121.18928526945248,
                25.093633743918616
              ],
              [
                121.1894834342954,
                25.093633743918616
              ],
              [
                121.1894834342954,
                25.09381294020046
              ],
              [
                121.18938435187394,
                25.09381294020046
              ]
            ]
          ],
          [
            [
              [
                121.18225041752916,
                25.091483388536485
              ],
              [
                121.18225041752916,
                25.09139379039556
              ],
              [
                121.18185408784333,
                25.09139379039556
              ],
              [
                121.18185408784333,
                25.09130419225464
              ],
              [
                121.18175500542188,
                25.09130419225464
              ],
              [
                121.18175500542188,
                25.091214594113715
              ],
              [
                121.18185408784333,
                25.091214594113715
              ],
              [
                121.18185408784333,
                25.091124995972795
              ],
              [
                121.18175500542188,
                25.091124995972795
              ],
              [
                121.18175500542188,
                25.091035397831874
              ],
              [
                121.1814577581575,
                25.091035397831874
              ],
              [
                121.1814577581575,
                25.09094579969095
              ],
              [
                121.1812595933146,
                25.09094579969095
              ],
              [
                121.1812595933146,
                25.09085620155003
              ],
              [
                121.1810614284717,
                25.09085620155003
              ],
              [
                121.1810614284717,
                25.090766603409104
              ],
              [
                121.18096234605024,
                25.090766603409104
              ],
              [
                121.18096234605024,
                25.090677005268184
              ],
              [
                121.18086326362878,
                25.090677005268184
              ],
              [
                121.18086326362878,
                25.090587407127263
              ],
              [
                121.18066509878587,
                25.090587407127263
              ],
              [
                121.18066509878587,
                25.09049780898634
              ],
              [
                121.18056601636441,
                25.09049780898634
              ],
              [
                121.18056601636441,
                25.090408210845418
              ],
              [
                121.18036785152151,
                25.090408210845418
              ],
              [
                121.18036785152151,
                25.090318612704493
              ],
              [
                121.18026876910005,
                25.090318612704493
              ],
              [
                121.18026876910005,
                25.090229014563572
              ],
              [
                121.18007060425714,
                25.090229014563572
              ],
              [
                121.18007060425714,
                25.09013941642265
              ],
              [
                121.17997152183568,
                25.09013941642265
              ],
              [
                121.17997152183568,
                25.090049818281727
              ],
              [
                121.17987243941423,
                25.090049818281727
              ],
              [
                121.17987243941423,
                25.089960220140807
              ],
              [
                121.17967427457131,
                25.089960220140807
              ],
              [
                121.17967427457131,
                25.089870621999882
              ],
              [
                121.17957519214987,
                25.089870621999882
              ],
              [
                121.17957519214987,
                25.08978102385896
              ],
              [
                121.17937702730696,
                25.08978102385896
              ],
              [
                121.17937702730696,
                25.08969142571804
              ],
              [
                121.1792779448855,
                25.08969142571804
              ],
              [
                121.1792779448855,
                25.089601827577116
              ],
              [
                121.17917886246404,
                25.089601827577116
              ],
              [
                121.17917886246404,
                25.089512229436195
              ],
              [
                121.17898069762113,
                25.089512229436195
              ],
              [
                121.17898069762113,
                25.08942263129527
              ],
              [
                121.17888161519967,
                25.08942263129527
              ],
              [
                121.17888161519967,
                25.08933303315435
              ],
              [
                121.17878253277821,
                25.08933303315435
              ],
              [
                121.17878253277821,
                25.08924343501343
              ],
              [
                121.17858436793531,
                25.08924343501343
              ],
              [
                121.17858436793531,
                25.089153836872505
              ],
              [
                121.17848528551386,
                25.089153836872505
              ],
              [
                121.17848528551386,
                25.089064238731584
              ],
              [
                121.1783862030924,
                25.089064238731584
              ],
              [
                121.1783862030924,
                25.08897464059066
              ],
              [
                121.17818803824949,
                25.08897464059066
              ],
              [
                121.17818803824949,
                25.08888504244974
              ],
              [
                121.17808895582803,
                25.08888504244974
              ],
              [
                121.17808895582803,
                25.088705846167894
              ],
              [
                121.17798987340657,
                25.088705846167894
              ],
              [
                121.17798987340657,
                25.088616248026973
              ],
              [
                121.17789079098512,
                25.088616248026973
              ],
              [
                121.17789079098512,
                25.08852664988605
              ],
              [
                121.1774944612993,
                25.08852664988605
              ],
              [
                121.1774944612993,
                25.088437051745128
              ],
              [
                121.17729629645639,
                25.088437051745128
              ],
              [
                121.17729629645639,
                25.088347453604204
              ],
              [
                121.17709813161348,
                25.088347453604204
              ],
              [
                121.17709813161348,
                25.088257855463283
              ],
              [
                121.17699904919202,
                25.088257855463283
              ],
              [
                121.17699904919202,
                25.088168257322362
              ],
              [
                121.17689996677056,
                25.088168257322362
              ],
              [
                121.17689996677056,
                25.088078659181438
              ],
              [
                121.17680088434912,
                25.088078659181438
              ],
              [
                121.17680088434912,
                25.087989061040517
              ],
              [
                121.17670180192766,
                25.087989061040517
              ],
              [
                121.17670180192766,
                25.087809864758672
              ],
              [
                121.17689996677056,
                25.087809864758672
              ],
              [
                121.17689996677056,
                25.087899462899593
              ],
              [
                121.17709813161348,
                25.087899462899593
              ],
              [
                121.17709813161348,
                25.087989061040517
              ],
              [
                121.17719721403493,
                25.087989061040517
              ],
              [
                121.17719721403493,
                25.088078659181438
              ],
              [
                121.17729629645639,
                25.088078659181438
              ],
              [
                121.17729629645639,
                25.087899462899593
              ],
              [
                121.17719721403493,
                25.087899462899593
              ],
              [
                121.17719721403493,
                25.08772026661775
              ],
              [
                121.17709813161348,
                25.08772026661775
              ],
              [
                121.17709813161348,
                25.087630668476827
              ],
              [
                121.17699904919202,
                25.087630668476827
              ],
              [
                121.17699904919202,
                25.08745147219498
              ],
              [
                121.17729629645639,
                25.08745147219498
              ],
              [
                121.17729629645639,
                25.087541070335906
              ],
              [
                121.1774944612993,
                25.087541070335906
              ],
              [
                121.1774944612993,
                25.08772026661775
              ],
              [
                121.17759354372076,
                25.08772026661775
              ],
              [
                121.17759354372076,
                25.087809864758672
              ],
              [
                121.17808895582803,
                25.087809864758672
              ],
              [
                121.17808895582803,
                25.087899462899593
              ],
              [
                121.17828712067094,
                25.087899462899593
              ],
              [
                121.17828712067094,
                25.087989061040517
              ],
              [
                121.1783862030924,
                25.087989061040517
              ],
              [
                121.1783862030924,
                25.088078659181438
              ],
              [
                121.17858436793531,
                25.088078659181438
              ],
              [
                121.17858436793531,
                25.088168257322362
              ],
              [
                121.17878253277821,
                25.088168257322362
              ],
              [
                121.17878253277821,
                25.088257855463283
              ],
              [
                121.17888161519967,
                25.088257855463283
              ],
              [
                121.17888161519967,
                25.088347453604204
              ],
              [
                121.17907978004258,
                25.088347453604204
              ],
              [
                121.17907978004258,
                25.088437051745128
              ],
              [
                121.17917886246404,
                25.088437051745128
              ],
              [
                121.17917886246404,
                25.08852664988605
              ],
              [
                121.17937702730696,
                25.08852664988605
              ],
              [
                121.17937702730696,
                25.088616248026973
              ],
              [
                121.17957519214987,
                25.088616248026973
              ],
              [
                121.17957519214987,
                25.088705846167894
              ],
              [
                121.17977335699277,
                25.088705846167894
              ],
              [
                121.17977335699277,
                25.08879544430882
              ],
              [
                121.17987243941423,
                25.08879544430882
              ],
              [
                121.17987243941423,
                25.08888504244974
              ],
              [
                121.18007060425714,
                25.08888504244974
              ],
              [
                121.18007060425714,
                25.08897464059066
              ],
              [
                121.1801696866786,
                25.08897464059066
              ],
              [
                121.1801696866786,
                25.089064238731584
              ],
              [
                121.18036785152151,
                25.089064238731584
              ],
              [
                121.18036785152151,
                25.089153836872505
              ],
              [
                121.18046693394297,
                25.089153836872505
              ],
              [
                121.18046693394297,
                25.08924343501343
              ],
              [
                121.18066509878587,
                25.08924343501343
              ],
              [
                121.18066509878587,
                25.08933303315435
              ],
              [
                121.18086326362878,
                25.08933303315435
              ],
              [
                121.18086326362878,
                25.08942263129527
              ],
              [
                121.18096234605024,
                25.08942263129527
              ],
              [
                121.18096234605024,
                25.089512229436195
              ],
              [
                121.1810614284717,
                25.089512229436195
              ],
              [
                121.1810614284717,
                25.089601827577116
              ],
              [
                121.18116051089315,
                25.089601827577116
              ],
              [
                121.18116051089315,
                25.08978102385896
              ],
              [
                121.1812595933146,
                25.08978102385896
              ],
              [
                121.1812595933146,
                25.08969142571804
              ],
              [
                121.18155684057896,
                25.08969142571804
              ],
              [
                121.18155684057896,
                25.08978102385896
              ],
              [
                121.18175500542188,
                25.08978102385896
              ],
              [
                121.18175500542188,
                25.089870621999882
              ],
              [
                121.18195317026479,
                25.089870621999882
              ],
              [
                121.18195317026479,
                25.089960220140807
              ],
              [
                121.18205225268625,
                25.089960220140807
              ],
              [
                121.18205225268625,
                25.090049818281727
              ],
              [
                121.1821513351077,
                25.090049818281727
              ],
              [
                121.1821513351077,
                25.09013941642265
              ],
              [
                121.18225041752916,
                25.09013941642265
              ],
              [
                121.18225041752916,
                25.090318612704493
              ],
              [
                121.18254766479352,
                25.090318612704493
              ],
              [
                121.18254766479352,
                25.090408210845418
              ],
              [
                121.18264674721497,
                25.090408210845418
              ],
              [
                121.18264674721497,
                25.09049780898634
              ],
              [
                121.18284491205789,
                25.09049780898634
              ],
              [
                121.18284491205789,
                25.090587407127263
              ],
              [
                121.1830430769008,
                25.090587407127263
              ],
              [
                121.1830430769008,
                25.090766603409104
              ],
              [
                121.18314215932226,
                25.090766603409104
              ],
              [
                121.18314215932226,
                25.09085620155003
              ],
              [
                121.1830430769008,
                25.09085620155003
              ],
              [
                121.1830430769008,
                25.09094579969095
              ],
              [
                121.18294399447934,
                25.09094579969095
              ],
              [
                121.18294399447934,
                25.091035397831874
              ],
              [
                121.18284491205789,
                25.091035397831874
              ],
              [
                121.18284491205789,
                25.091124995972795
              ],
              [
                121.18274582963643,
                25.091124995972795
              ],
              [
                121.18274582963643,
                25.091035397831874
              ],
              [
                121.18254766479352,
                25.091035397831874
              ],
              [
                121.18254766479352,
                25.09094579969095
              ],
              [
                121.1823494999506,
                25.09094579969095
              ],
              [
                121.1823494999506,
                25.091035397831874
              ],
              [
                121.18244858237206,
                25.091035397831874
              ],
              [
                121.18244858237206,
                25.091124995972795
              ],
              [
                121.18264674721497,
                25.091124995972795
              ],
              [
                121.18264674721497,
                25.09130419225464
              ],
              [
                121.18274582963643,
                25.09130419225464
              ],
              [
                121.18274582963643,
                25.09139379039556
              ],
              [
                121.18264674721497,
                25.09139379039556
              ],
              [
                121.18264674721497,
                25.091483388536485
              ],
              [
                121.18225041752916,
                25.091483388536485
              ]
            ]
          ],
          [
            [
              [
                121.17036052695452,
                25.08539071495377
              ],
              [
                121.17036052695452,
                25.08530111681285
              ],
              [
                121.17164859843344,
                25.08530111681285
              ],
              [
                121.17164859843344,
                25.085032322390084
              ],
              [
                121.17303575233382,
                25.085032322390084
              ],
              [
                121.17303575233382,
                25.085211518671926
              ],
              [
                121.17273850506945,
                25.085211518671926
              ],
              [
                121.17273850506945,
                25.08530111681285
              ],
              [
                121.17254034022653,
                25.08530111681285
              ],
              [
                121.17254034022653,
                25.08539071495377
              ],
              [
                121.17036052695452,
                25.08539071495377
              ]
            ]
          ],
          [
            [
              [
                121.16966695000434,
                25.085211518671926
              ],
              [
                121.16966695000434,
                25.085121920531005
              ],
              [
                121.16936970273997,
                25.085121920531005
              ],
              [
                121.16936970273997,
                25.085032322390084
              ],
              [
                121.1699641972687,
                25.085032322390084
              ],
              [
                121.1699641972687,
                25.085211518671926
              ],
              [
                121.16966695000434,
                25.085211518671926
              ]
            ]
          ],
          [
            [
              [
                121.16837887852542,
                25.08485312610824
              ],
              [
                121.16837887852542,
                25.084763527967315
              ],
              [
                121.16887429063269,
                25.084763527967315
              ],
              [
                121.16887429063269,
                25.08485312610824
              ],
              [
                121.16837887852542,
                25.08485312610824
              ]
            ]
          ],
          [
            [
              [
                121.16788346641813,
                25.084763527967315
              ],
              [
                121.16788346641813,
                25.084673929826394
              ],
              [
                121.16758621915378,
                25.084673929826394
              ],
              [
                121.16758621915378,
                25.08458433168547
              ],
              [
                121.16738805431086,
                25.08458433168547
              ],
              [
                121.16738805431086,
                25.08449473354455
              ],
              [
                121.16718988946795,
                25.08449473354455
              ],
              [
                121.16718988946795,
                25.084405135403628
              ],
              [
                121.16808163126105,
                25.084405135403628
              ],
              [
                121.16808163126105,
                25.084763527967315
              ],
              [
                121.16788346641813,
                25.084763527967315
              ]
            ]
          ],
          [
            [
              [
                121.16679355978214,
                25.084315537262704
              ],
              [
                121.16679355978214,
                25.084225939121783
              ],
              [
                121.16659539493922,
                25.084225939121783
              ],
              [
                121.16659539493922,
                25.08413634098086
              ],
              [
                121.16699172462503,
                25.08413634098086
              ],
              [
                121.16699172462503,
                25.084315537262704
              ],
              [
                121.16679355978214,
                25.084315537262704
              ]
            ]
          ],
          [
            [
              [
                121.1661990652534,
                25.084046742839938
              ],
              [
                121.1661990652534,
                25.083957144699017
              ],
              [
                121.1660009004105,
                25.083957144699017
              ],
              [
                121.1660009004105,
                25.083867546558093
              ],
              [
                121.16639723009631,
                25.083867546558093
              ],
              [
                121.16639723009631,
                25.084046742839938
              ],
              [
                121.1661990652534,
                25.084046742839938
              ]
            ]
          ],
          [
            [
              [
                121.16540640588175,
                25.083688350276248
              ],
              [
                121.16540640588175,
                25.083598752135327
              ],
              [
                121.16560457072467,
                25.083598752135327
              ],
              [
                121.16560457072467,
                25.083688350276248
              ],
              [
                121.16540640588175,
                25.083688350276248
              ]
            ]
          ],
          [
            [
              [
                121.17333299959817,
                25.083867546558093
              ],
              [
                121.17333299959817,
                25.083777948417172
              ],
              [
                121.17323391717673,
                25.083777948417172
              ],
              [
                121.17323391717673,
                25.08341955585348
              ],
              [
                121.17333299959817,
                25.08341955585348
              ],
              [
                121.17333299959817,
                25.08332995771256
              ],
              [
                121.17343208201963,
                25.08332995771256
              ],
              [
                121.17343208201963,
                25.083509153994406
              ],
              [
                121.17353116444109,
                25.083509153994406
              ],
              [
                121.17353116444109,
                25.083867546558093
              ],
              [
                121.17333299959817,
                25.083867546558093
              ]
            ]
          ],
          [
            [
              [
                121.16481191135303,
                25.08341955585348
              ],
              [
                121.16481191135303,
                25.08332995771256
              ],
              [
                121.16501007619594,
                25.08332995771256
              ],
              [
                121.16501007619594,
                25.08341955585348
              ],
              [
                121.16481191135303,
                25.08341955585348
              ]
            ]
          ],
          [
            [
              [
                121.15510183405041,
                25.080014826498438
              ],
              [
                121.15510183405041,
                25.079925228357514
              ],
              [
                121.15520091647187,
                25.079925228357514
              ],
              [
                121.15520091647187,
                25.080014826498438
              ],
              [
                121.15510183405041,
                25.080014826498438
              ]
            ]
          ],
          [
            [
              [
                121.15520091647187,
                25.079925228357514
              ],
              [
                121.15520091647187,
                25.079835630216593
              ],
              [
                121.15529999889331,
                25.079835630216593
              ],
              [
                121.15529999889331,
                25.079925228357514
              ],
              [
                121.15520091647187,
                25.079925228357514
              ]
            ]
          ],
          [
            [
              [
                121.15529999889331,
                25.079835630216593
              ],
              [
                121.15529999889331,
                25.079746032075672
              ],
              [
                121.15539908131477,
                25.079746032075672
              ],
              [
                121.15539908131477,
                25.079835630216593
              ],
              [
                121.15529999889331,
                25.079835630216593
              ]
            ]
          ],
          [
            [
              [
                121.15539908131477,
                25.079746032075672
              ],
              [
                121.15539908131477,
                25.079656433934748
              ],
              [
                121.15549816373623,
                25.079656433934748
              ],
              [
                121.15549816373623,
                25.079746032075672
              ],
              [
                121.15539908131477,
                25.079746032075672
              ]
            ]
          ],
          [
            [
              [
                121.15212936140675,
                25.07929804137106
              ],
              [
                121.15212936140675,
                25.079208443230137
              ],
              [
                121.1522284438282,
                25.079208443230137
              ],
              [
                121.1522284438282,
                25.07929804137106
              ],
              [
                121.15212936140675,
                25.07929804137106
              ]
            ]
          ],
          [
            [
              [
                121.149355053606,
                25.1249930932414
              ],
              [
                121.149355053606,
                25.07902924694829
              ],
              [
                121.15074220750637,
                25.07902924694829
              ],
              [
                121.15074220750637,
                25.079118845089216
              ],
              [
                121.15084128992783,
                25.079118845089216
              ],
              [
                121.15084128992783,
                25.079208443230137
              ],
              [
                121.15133670203511,
                25.079208443230137
              ],
              [
                121.15133670203511,
                25.07929804137106
              ],
              [
                121.1520302789853,
                25.07929804137106
              ],
              [
                121.1520302789853,
                25.07938763951198
              ],
              [
                121.15272385593548,
                25.07938763951198
              ],
              [
                121.15272385593548,
                25.079477237652902
              ],
              [
                121.15321926804276,
                25.079477237652902
              ],
              [
                121.15321926804276,
                25.079566835793827
              ],
              [
                121.15351651530712,
                25.079566835793827
              ],
              [
                121.15351651530712,
                25.079656433934748
              ],
              [
                121.15391284499294,
                25.079656433934748
              ],
              [
                121.15391284499294,
                25.079746032075672
              ],
              [
                121.15411100983586,
                25.079746032075672
              ],
              [
                121.15411100983586,
                25.079835630216593
              ],
              [
                121.15440825710021,
                25.079835630216593
              ],
              [
                121.15440825710021,
                25.079925228357514
              ],
              [
                121.15460642194313,
                25.079925228357514
              ],
              [
                121.15460642194313,
                25.080014826498438
              ],
              [
                121.1549036692075,
                25.080014826498438
              ],
              [
                121.1549036692075,
                25.08010442463936
              ],
              [
                121.15500275162896,
                25.08010442463936
              ],
              [
                121.15500275162896,
                25.080014826498438
              ],
              [
                121.15510183405041,
                25.080014826498438
              ],
              [
                121.15510183405041,
                25.080194022780283
              ],
              [
                121.15529999889331,
                25.080194022780283
              ],
              [
                121.15529999889331,
                25.080283620921204
              ],
              [
                121.15559724615768,
                25.080283620921204
              ],
              [
                121.15559724615768,
                25.080373219062125
              ],
              [
                121.15589449342205,
                25.080373219062125
              ],
              [
                121.15589449342205,
                25.08046281720305
              ],
              [
                121.15629082310787,
                25.08046281720305
              ],
              [
                121.15629082310787,
                25.08055241534397
              ],
              [
                121.15658807037224,
                25.08055241534397
              ],
              [
                121.15658807037224,
                25.080642013484894
              ],
              [
                121.15688531763661,
                25.080642013484894
              ],
              [
                121.15688531763661,
                25.080731611625815
              ],
              [
                121.15718256490096,
                25.080731611625815
              ],
              [
                121.15718256490096,
                25.080821209766736
              ],
              [
                121.15747981216533,
                25.080821209766736
              ],
              [
                121.15747981216533,
                25.08091080790766
              ],
              [
                121.1577770594297,
                25.08091080790766
              ],
              [
                121.1577770594297,
                25.08100040604858
              ],
              [
                121.15807430669406,
                25.08100040604858
              ],
              [
                121.15807430669406,
                25.081090004189505
              ],
              [
                121.15847063637989,
                25.081090004189505
              ],
              [
                121.15847063637989,
                25.081179602330426
              ],
              [
                121.15876788364426,
                25.081179602330426
              ],
              [
                121.15876788364426,
                25.08126920047135
              ],
              [
                121.15906513090862,
                25.08126920047135
              ],
              [
                121.15906513090862,
                25.08135879861227
              ],
              [
                121.15936237817299,
                25.08135879861227
              ],
              [
                121.15936237817299,
                25.081448396753192
              ],
              [
                121.1597587078588,
                25.081448396753192
              ],
              [
                121.1597587078588,
                25.081537994894116
              ],
              [
                121.16005595512317,
                25.081537994894116
              ],
              [
                121.16005595512317,
                25.081627593035037
              ],
              [
                121.16025411996608,
                25.081627593035037
              ],
              [
                121.16025411996608,
                25.08171719117596
              ],
              [
                121.160452284809,
                25.08171719117596
              ],
              [
                121.160452284809,
                25.081806789316882
              ],
              [
                121.16074953207335,
                25.081806789316882
              ],
              [
                121.16074953207335,
                25.081896387457803
              ],
              [
                121.16094769691627,
                25.081896387457803
              ],
              [
                121.16094769691627,
                25.081985985598727
              ],
              [
                121.16124494418064,
                25.081985985598727
              ],
              [
                121.16124494418064,
                25.08207558373965
              ],
              [
                121.16144310902355,
                25.08207558373965
              ],
              [
                121.16144310902355,
                25.082165181880573
              ],
              [
                121.16164127386645,
                25.082165181880573
              ],
              [
                121.16164127386645,
                25.082254780021493
              ],
              [
                121.16183943870936,
                25.082254780021493
              ],
              [
                121.16183943870936,
                25.082344378162414
              ],
              [
                121.16213668597373,
                25.082344378162414
              ],
              [
                121.16213668597373,
                25.08243397630334
              ],
              [
                121.16233485081665,
                25.08243397630334
              ],
              [
                121.16233485081665,
                25.08252357444426
              ],
              [
                121.162632098081,
                25.08252357444426
              ],
              [
                121.162632098081,
                25.082613172585184
              ],
              [
                121.16283026292392,
                25.082613172585184
              ],
              [
                121.16283026292392,
                25.082702770726105
              ],
              [
                121.16302842776683,
                25.082702770726105
              ],
              [
                121.16302842776683,
                25.082792368867025
              ],
              [
                121.16322659260975,
                25.082792368867025
              ],
              [
                121.16322659260975,
                25.08288196700795
              ],
              [
                121.16342475745265,
                25.08288196700795
              ],
              [
                121.16342475745265,
                25.08297156514887
              ],
              [
                121.16362292229556,
                25.08297156514887
              ],
              [
                121.16362292229556,
                25.083061163289795
              ],
              [
                121.16382108713847,
                25.083061163289795
              ],
              [
                121.16382108713847,
                25.083150761430716
              ],
              [
                121.16411833440284,
                25.083150761430716
              ],
              [
                121.16411833440284,
                25.083240359571636
              ],
              [
                121.16431649924574,
                25.083240359571636
              ],
              [
                121.16431649924574,
                25.08332995771256
              ],
              [
                121.16451466408866,
                25.08332995771256
              ],
              [
                121.16451466408866,
                25.08341955585348
              ],
              [
                121.16471282893157,
                25.08341955585348
              ],
              [
                121.16471282893157,
                25.083509153994406
              ],
              [
                121.16491099377448,
                25.083509153994406
              ],
              [
                121.16491099377448,
                25.083598752135327
              ],
              [
                121.1651091586174,
                25.083598752135327
              ],
              [
                121.1651091586174,
                25.083688350276248
              ],
              [
                121.1653073234603,
                25.083688350276248
              ],
              [
                121.1653073234603,
                25.083777948417172
              ],
              [
                121.16550548830321,
                25.083777948417172
              ],
              [
                121.16550548830321,
                25.083867546558093
              ],
              [
                121.16570365314612,
                25.083867546558093
              ],
              [
                121.16570365314612,
                25.083957144699017
              ],
              [
                121.16590181798904,
                25.083957144699017
              ],
              [
                121.16590181798904,
                25.084046742839938
              ],
              [
                121.16609998283194,
                25.084046742839938
              ],
              [
                121.16609998283194,
                25.08413634098086
              ],
              [
                121.16629814767485,
                25.08413634098086
              ],
              [
                121.16629814767485,
                25.084225939121783
              ],
              [
                121.16649631251776,
                25.084225939121783
              ],
              [
                121.16649631251776,
                25.084315537262704
              ],
              [
                121.16669447736068,
                25.084315537262704
              ],
              [
                121.16669447736068,
                25.084405135403628
              ],
              [
                121.16689264220359,
                25.084405135403628
              ],
              [
                121.16689264220359,
                25.08449473354455
              ],
              [
                121.16709080704649,
                25.08449473354455
              ],
              [
                121.16709080704649,
                25.08458433168547
              ],
              [
                121.1672889718894,
                25.08458433168547
              ],
              [
                121.1672889718894,
                25.084673929826394
              ],
              [
                121.16748713673232,
                25.084673929826394
              ],
              [
                121.16748713673232,
                25.084763527967315
              ],
              [
                121.16778438399669,
                25.084763527967315
              ],
              [
                121.16778438399669,
                25.08485312610824
              ],
              [
                121.16827979610396,
                25.08485312610824
              ],
              [
                121.16827979610396,
                25.08494272424916
              ],
              [
                121.16877520821123,
                25.08494272424916
              ],
              [
                121.16877520821123,
                25.085032322390084
              ],
              [
                121.16897337305414,
                25.085032322390084
              ],
              [
                121.16897337305414,
                25.085121920531005
              ],
              [
                121.16927062031851,
                25.085121920531005
              ],
              [
                121.16927062031851,
                25.085211518671926
              ],
              [
                121.16956786758288,
                25.085211518671926
              ],
              [
                121.16956786758288,
                25.08530111681285
              ],
              [
                121.16986511484724,
                25.08530111681285
              ],
              [
                121.16986511484724,
                25.08539071495377
              ],
              [
                121.17026144453307,
                25.08539071495377
              ],
              [
                121.17026144453307,
                25.085480313094696
              ],
              [
                121.17263942264799,
                25.085480313094696
              ],
              [
                121.17263942264799,
                25.08539071495377
              ],
              [
                121.1728375874909,
                25.08539071495377
              ],
              [
                121.1728375874909,
                25.08530111681285
              ],
              [
                121.17313483475527,
                25.08530111681285
              ],
              [
                121.17313483475527,
                25.085121920531005
              ],
              [
                121.17323391717673,
                25.085121920531005
              ],
              [
                121.17323391717673,
                25.08494272424916
              ],
              [
                121.17333299959817,
                25.08494272424916
              ],
              [
                121.17333299959817,
                25.084763527967315
              ],
              [
                121.17343208201963,
                25.084763527967315
              ],
              [
                121.17343208201963,
                25.08458433168547
              ],
              [
                121.17353116444109,
                25.08458433168547
              ],
              [
                121.17353116444109,
                25.084225939121783
              ],
              [
                121.17343208201963,
                25.084225939121783
              ],
              [
                121.17343208201963,
                25.084405135403628
              ],
              [
                121.17323391717673,
                25.084405135403628
              ],
              [
                121.17323391717673,
                25.084225939121783
              ],
              [
                121.17333299959817,
                25.084225939121783
              ],
              [
                121.17333299959817,
                25.08413634098086
              ],
              [
                121.17343208201963,
                25.08413634098086
              ],
              [
                121.17343208201963,
                25.083957144699017
              ],
              [
                121.17353116444109,
                25.083957144699017
              ],
              [
                121.17353116444109,
                25.08413634098086
              ],
              [
                121.17363024686254,
                25.08413634098086
              ],
              [
                121.17363024686254,
                25.083688350276248
              ],
              [
                121.173729329284,
                25.083688350276248
              ],
              [
                121.173729329284,
                25.083598752135327
              ],
              [
                121.17363024686254,
                25.083598752135327
              ],
              [
                121.17363024686254,
                25.08341955585348
              ],
              [
                121.17353116444109,
                25.08341955585348
              ],
              [
                121.17353116444109,
                25.083150761430716
              ],
              [
                121.17343208201963,
                25.083150761430716
              ],
              [
                121.17343208201963,
                25.083061163289795
              ],
              [
                121.17333299959817,
                25.083061163289795
              ],
              [
                121.17333299959817,
                25.08288196700795
              ],
              [
                121.17323391717673,
                25.08288196700795
              ],
              [
                121.17323391717673,
                25.082792368867025
              ],
              [
                121.17313483475527,
                25.082792368867025
              ],
              [
                121.17313483475527,
                25.082613172585184
              ],
              [
                121.17303575233382,
                25.082613172585184
              ],
              [
                121.17303575233382,
                25.08252357444426
              ],
              [
                121.17293666991236,
                25.08252357444426
              ],
              [
                121.17293666991236,
                25.08243397630334
              ],
              [
                121.1728375874909,
                25.08243397630334
              ],
              [
                121.1728375874909,
                25.082254780021493
              ],
              [
                121.17273850506945,
                25.082254780021493
              ],
              [
                121.17273850506945,
                25.08135879861227
              ],
              [
                121.17303575233382,
                25.08135879861227
              ],
              [
                121.17303575233382,
                25.081448396753192
              ],
              [
                121.17323391717673,
                25.081448396753192
              ],
              [
                121.17323391717673,
                25.081985985598727
              ],
              [
                121.17333299959817,
                25.081985985598727
              ],
              [
                121.17333299959817,
                25.082165181880573
              ],
              [
                121.17343208201963,
                25.082165181880573
              ],
              [
                121.17343208201963,
                25.082344378162414
              ],
              [
                121.17353116444109,
                25.082344378162414
              ],
              [
                121.17353116444109,
                25.08243397630334
              ],
              [
                121.17363024686254,
                25.08243397630334
              ],
              [
                121.17363024686254,
                25.082613172585184
              ],
              [
                121.173729329284,
                25.082613172585184
              ],
              [
                121.173729329284,
                25.082792368867025
              ],
              [
                121.17382841170546,
                25.082792368867025
              ],
              [
                121.17382841170546,
                25.08297156514887
              ],
              [
                121.17392749412691,
                25.08297156514887
              ],
              [
                121.17392749412691,
                25.083150761430716
              ],
              [
                121.17402657654837,
                25.083150761430716
              ],
              [
                121.17402657654837,
                25.08332995771256
              ],
              [
                121.17422474139127,
                25.08332995771256
              ],
              [
                121.17422474139127,
                25.08341955585348
              ],
              [
                121.17432382381273,
                25.08341955585348
              ],
              [
                121.17432382381273,
                25.08332995771256
              ],
              [
                121.17442290623418,
                25.08332995771256
              ],
              [
                121.17442290623418,
                25.083061163289795
              ],
              [
                121.17452198865564,
                25.083061163289795
              ],
              [
                121.17452198865564,
                25.08288196700795
              ],
              [
                121.1746210710771,
                25.08288196700795
              ],
              [
                121.1746210710771,
                25.082613172585184
              ],
              [
                121.17472015349855,
                25.082613172585184
              ],
              [
                121.17472015349855,
                25.082344378162414
              ],
              [
                121.17481923592001,
                25.082344378162414
              ],
              [
                121.17481923592001,
                25.082165181880573
              ],
              [
                121.17491831834147,
                25.082165181880573
              ],
              [
                121.17491831834147,
                25.08207558373965
              ],
              [
                121.17501740076293,
                25.08207558373965
              ],
              [
                121.17501740076293,
                25.081985985598727
              ],
              [
                121.17541373044874,
                25.081985985598727
              ],
              [
                121.17541373044874,
                25.082254780021493
              ],
              [
                121.17531464802728,
                25.082254780021493
              ],
              [
                121.17531464802728,
                25.08252357444426
              ],
              [
                121.17521556560582,
                25.08252357444426
              ],
              [
                121.17521556560582,
                25.082702770726105
              ],
              [
                121.17511648318437,
                25.082702770726105
              ],
              [
                121.17511648318437,
                25.08297156514887
              ],
              [
                121.17501740076293,
                25.08297156514887
              ],
              [
                121.17501740076293,
                25.083150761430716
              ],
              [
                121.17491831834147,
                25.083150761430716
              ],
              [
                121.17491831834147,
                25.08332995771256
              ],
              [
                121.17511648318437,
                25.08332995771256
              ],
              [
                121.17511648318437,
                25.08341955585348
              ],
              [
                121.17521556560582,
                25.08341955585348
              ],
              [
                121.17521556560582,
                25.083509153994406
              ],
              [
                121.17531464802728,
                25.083509153994406
              ],
              [
                121.17531464802728,
                25.083867546558093
              ],
              [
                121.17541373044874,
                25.083867546558093
              ],
              [
                121.17541373044874,
                25.08413634098086
              ],
              [
                121.1755128128702,
                25.08413634098086
              ],
              [
                121.1755128128702,
                25.084405135403628
              ],
              [
                121.17561189529165,
                25.084405135403628
              ],
              [
                121.17561189529165,
                25.08458433168547
              ],
              [
                121.17571097771311,
                25.08458433168547
              ],
              [
                121.17571097771311,
                25.08485312610824
              ],
              [
                121.17581006013457,
                25.08485312610824
              ],
              [
                121.17581006013457,
                25.085121920531005
              ],
              [
                121.17590914255602,
                25.085121920531005
              ],
              [
                121.17590914255602,
                25.08539071495377
              ],
              [
                121.17600822497747,
                25.08539071495377
              ],
              [
                121.17600822497747,
                25.085569911235616
              ],
              [
                121.17610730739892,
                25.085569911235616
              ],
              [
                121.17610730739892,
                25.085838705658382
              ],
              [
                121.17620638982038,
                25.085838705658382
              ],
              [
                121.17620638982038,
                25.086017901940227
              ],
              [
                121.17630547224184,
                25.086017901940227
              ],
              [
                121.17630547224184,
                25.086286696362993
              ],
              [
                121.17640455466329,
                25.086286696362993
              ],
              [
                121.17640455466329,
                25.08655549078576
              ],
              [
                121.17650363708475,
                25.08655549078576
              ],
              [
                121.17650363708475,
                25.086645088926684
              ],
              [
                121.1766027195062,
                25.086645088926684
              ],
              [
                121.1766027195062,
                25.086734687067604
              ],
              [
                121.17670180192766,
                25.086734687067604
              ],
              [
                121.17670180192766,
                25.08682428520853
              ],
              [
                121.17680088434912,
                25.08682428520853
              ],
              [
                121.17680088434912,
                25.08691388334945
              ],
              [
                121.17699904919202,
                25.08691388334945
              ],
              [
                121.17699904919202,
                25.08700348149037
              ],
              [
                121.17719721403493,
                25.08700348149037
              ],
              [
                121.17719721403493,
                25.087093079631295
              ],
              [
                121.17709813161348,
                25.087093079631295
              ],
              [
                121.17709813161348,
                25.087182677772216
              ],
              [
                121.17699904919202,
                25.087182677772216
              ],
              [
                121.17699904919202,
                25.08727227591314
              ],
              [
                121.17689996677056,
                25.08727227591314
              ],
              [
                121.17689996677056,
                25.08745147219498
              ],
              [
                121.17680088434912,
                25.08745147219498
              ],
              [
                121.17680088434912,
                25.087541070335906
              ],
              [
                121.17670180192766,
                25.087541070335906
              ],
              [
                121.17670180192766,
                25.087630668476827
              ],
              [
                121.1766027195062,
                25.087630668476827
              ],
              [
                121.1766027195062,
                25.087809864758672
              ],
              [
                121.17650363708475,
                25.087809864758672
              ],
              [
                121.17650363708475,
                25.087899462899593
              ],
              [
                121.17620638982038,
                25.087899462899593
              ],
              [
                121.17620638982038,
                25.087809864758672
              ],
              [
                121.17600822497747,
                25.087809864758672
              ],
              [
                121.17600822497747,
                25.08772026661775
              ],
              [
                121.17581006013457,
                25.08772026661775
              ],
              [
                121.17581006013457,
                25.087630668476827
              ],
              [
                121.17561189529165,
                25.087630668476827
              ],
              [
                121.17561189529165,
                25.087809864758672
              ],
              [
                121.1755128128702,
                25.087809864758672
              ],
              [
                121.1755128128702,
                25.088257855463283
              ],
              [
                121.17561189529165,
                25.088257855463283
              ],
              [
                121.17561189529165,
                25.08852664988605
              ],
              [
                121.17571097771311,
                25.08852664988605
              ],
              [
                121.17571097771311,
                25.08897464059066
              ],
              [
                121.17581006013457,
                25.08897464059066
              ],
              [
                121.17581006013457,
                25.089064238731584
              ],
              [
                121.17590914255602,
                25.089064238731584
              ],
              [
                121.17590914255602,
                25.089153836872505
              ],
              [
                121.17610730739892,
                25.089153836872505
              ],
              [
                121.17610730739892,
                25.08924343501343
              ],
              [
                121.17620638982038,
                25.08924343501343
              ],
              [
                121.17620638982038,
                25.08933303315435
              ],
              [
                121.17640455466329,
                25.08933303315435
              ],
              [
                121.17640455466329,
                25.08942263129527
              ],
              [
                121.1766027195062,
                25.08942263129527
              ],
              [
                121.1766027195062,
                25.089512229436195
              ],
              [
                121.17680088434912,
                25.089512229436195
              ],
              [
                121.17680088434912,
                25.089601827577116
              ],
              [
                121.17689996677056,
                25.089601827577116
              ],
              [
                121.17689996677056,
                25.08969142571804
              ],
              [
                121.17709813161348,
                25.08969142571804
              ],
              [
                121.17709813161348,
                25.08978102385896
              ],
              [
                121.17719721403493,
                25.08978102385896
              ],
              [
                121.17719721403493,
                25.089870621999882
              ],
              [
                121.17739537887785,
                25.089870621999882
              ],
              [
                121.17739537887785,
                25.089960220140807
              ],
              [
                121.17759354372076,
                25.089960220140807
              ],
              [
                121.17759354372076,
                25.090049818281727
              ],
              [
                121.17769262614222,
                25.090049818281727
              ],
              [
                121.17769262614222,
                25.09013941642265
              ],
              [
                121.17789079098512,
                25.09013941642265
              ],
              [
                121.17789079098512,
                25.090229014563572
              ],
              [
                121.17808895582803,
                25.090229014563572
              ],
              [
                121.17808895582803,
                25.090318612704493
              ],
              [
                121.17828712067094,
                25.090318612704493
              ],
              [
                121.17828712067094,
                25.090408210845418
              ],
              [
                121.1783862030924,
                25.090408210845418
              ],
              [
                121.1783862030924,
                25.09049780898634
              ],
              [
                121.17858436793531,
                25.09049780898634
              ],
              [
                121.17858436793531,
                25.090587407127263
              ],
              [
                121.17878253277821,
                25.090587407127263
              ],
              [
                121.17878253277821,
                25.090677005268184
              ],
              [
                121.17898069762113,
                25.090677005268184
              ],
              [
                121.17898069762113,
                25.090766603409104
              ],
              [
                121.17907978004258,
                25.090766603409104
              ],
              [
                121.17907978004258,
                25.09085620155003
              ],
              [
                121.1792779448855,
                25.09085620155003
              ],
              [
                121.1792779448855,
                25.09094579969095
              ],
              [
                121.17947610972841,
                25.09094579969095
              ],
              [
                121.17947610972841,
                25.091035397831874
              ],
              [
                121.17967427457131,
                25.091035397831874
              ],
              [
                121.17967427457131,
                25.091124995972795
              ],
              [
                121.17977335699277,
                25.091124995972795
              ],
              [
                121.17977335699277,
                25.091214594113715
              ],
              [
                121.17997152183568,
                25.091214594113715
              ],
              [
                121.17997152183568,
                25.09130419225464
              ],
              [
                121.1801696866786,
                25.09130419225464
              ],
              [
                121.1801696866786,
                25.09139379039556
              ],
              [
                121.18036785152151,
                25.09139379039556
              ],
              [
                121.18036785152151,
                25.091483388536485
              ],
              [
                121.18056601636441,
                25.091483388536485
              ],
              [
                121.18056601636441,
                25.091572986677406
              ],
              [
                121.18076418120732,
                25.091572986677406
              ],
              [
                121.18076418120732,
                25.091662584818327
              ],
              [
                121.18096234605024,
                25.091662584818327
              ],
              [
                121.18096234605024,
                25.09175218295925
              ],
              [
                121.18116051089315,
                25.09175218295925
              ],
              [
                121.18116051089315,
                25.09184178110017
              ],
              [
                121.18135867573606,
                25.09184178110017
              ],
              [
                121.18135867573606,
                25.091931379241096
              ],
              [
                121.18155684057896,
                25.091931379241096
              ],
              [
                121.18155684057896,
                25.092020977382017
              ],
              [
                121.18175500542188,
                25.092020977382017
              ],
              [
                121.18175500542188,
                25.092110575522938
              ],
              [
                121.18195317026479,
                25.092110575522938
              ],
              [
                121.18195317026479,
                25.092200173663862
              ],
              [
                121.1821513351077,
                25.092200173663862
              ],
              [
                121.1821513351077,
                25.092289771804783
              ],
              [
                121.1823494999506,
                25.092289771804783
              ],
              [
                121.1823494999506,
                25.092379369945707
              ],
              [
                121.18254766479352,
                25.092379369945707
              ],
              [
                121.18254766479352,
                25.092468968086628
              ],
              [
                121.18264674721497,
                25.092468968086628
              ],
              [
                121.18264674721497,
                25.092558566227552
              ],
              [
                121.18284491205789,
                25.092558566227552
              ],
              [
                121.18284491205789,
                25.092648164368473
              ],
              [
                121.1830430769008,
                25.092648164368473
              ],
              [
                121.1830430769008,
                25.092737762509394
              ],
              [
                121.1832412417437,
                25.092737762509394
              ],
              [
                121.1832412417437,
                25.09282736065032
              ],
              [
                121.18343940658661,
                25.09282736065032
              ],
              [
                121.18343940658661,
                25.09291695879124
              ],
              [
                121.18363757142953,
                25.09291695879124
              ],
              [
                121.18363757142953,
                25.093006556932163
              ],
              [
                121.18383573627244,
                25.093006556932163
              ],
              [
                121.18383573627244,
                25.093096155073084
              ],
              [
                121.1839348186939,
                25.093096155073084
              ],
              [
                121.1839348186939,
                25.093185753214005
              ],
              [
                121.1841329835368,
                25.093185753214005
              ],
              [
                121.1841329835368,
                25.09327535135493
              ],
              [
                121.18433114837971,
                25.09327535135493
              ],
              [
                121.18433114837971,
                25.09336494949585
              ],
              [
                121.18462839564408,
                25.09336494949585
              ],
              [
                121.18462839564408,
                25.093454547636775
              ],
              [
                121.18492564290845,
                25.093454547636775
              ],
              [
                121.18492564290845,
                25.093544145777695
              ],
              [
                121.18512380775135,
                25.093544145777695
              ],
              [
                121.18512380775135,
                25.093633743918616
              ],
              [
                121.18542105501572,
                25.093633743918616
              ],
              [
                121.18542105501572,
                25.09372334205954
              ],
              [
                121.18561921985864,
                25.09372334205954
              ],
              [
                121.18561921985864,
                25.09381294020046
              ],
              [
                121.18591646712301,
                25.09381294020046
              ],
              [
                121.18591646712301,
                25.093902538341386
              ],
              [
                121.18651096165173,
                25.093902538341386
              ],
              [
                121.18651096165173,
                25.09381294020046
              ],
              [
                121.18710545618046,
                25.09381294020046
              ],
              [
                121.18710545618046,
                25.09372334205954
              ],
              [
                121.18779903313064,
                25.09372334205954
              ],
              [
                121.18779903313064,
                25.093633743918616
              ],
              [
                121.18849261008084,
                25.093633743918616
              ],
              [
                121.18849261008084,
                25.09372334205954
              ],
              [
                121.18869077492374,
                25.09372334205954
              ],
              [
                121.18869077492374,
                25.09381294020046
              ],
              [
                121.18888893976666,
                25.09381294020046
              ],
              [
                121.18888893976666,
                25.093902538341386
              ],
              [
                121.18918618703103,
                25.093902538341386
              ],
              [
                121.18918618703103,
                25.093992136482306
              ],
              [
                121.18938435187394,
                25.093992136482306
              ],
              [
                121.18938435187394,
                25.093902538341386
              ],
              [
                121.1894834342954,
                25.093902538341386
              ],
              [
                121.1894834342954,
                25.093992136482306
              ],
              [
                121.18987976398121,
                25.093992136482306
              ],
              [
                121.18987976398121,
                25.094081734623227
              ],
              [
                121.18997884640267,
                25.094081734623227
              ],
              [
                121.18997884640267,
                25.09417133276415
              ],
              [
                121.19007792882412,
                25.09417133276415
              ],
              [
                121.19007792882412,
                25.094260930905072
              ],
              [
                121.19027609366704,
                25.094260930905072
              ],
              [
                121.19027609366704,
                25.094350529045997
              ],
              [
                121.1905733409314,
                25.094350529045997
              ],
              [
                121.1905733409314,
                25.094440127186918
              ],
              [
                121.19077150577431,
                25.094440127186918
              ],
              [
                121.19077150577431,
                25.094350529045997
              ],
              [
                121.19096967061722,
                25.094350529045997
              ],
              [
                121.19096967061722,
                25.094440127186918
              ],
              [
                121.19146508272449,
                25.094440127186918
              ],
              [
                121.19146508272449,
                25.09452972532784
              ],
              [
                121.1916632475674,
                25.09452972532784
              ],
              [
                121.1916632475674,
                25.094619323468763
              ],
              [
                121.19186141241032,
                25.094619323468763
              ],
              [
                121.19186141241032,
                25.094708921609683
              ],
              [
                121.19196049483178,
                25.094708921609683
              ],
              [
                121.19196049483178,
                25.094798519750608
              ],
              [
                121.19215865967469,
                25.094798519750608
              ],
              [
                121.19215865967469,
                25.09488811789153
              ],
              [
                121.19235682451759,
                25.09488811789153
              ],
              [
                121.19235682451759,
                25.09497771603245
              ],
              [
                121.19245590693905,
                25.09497771603245
              ],
              [
                121.19245590693905,
                25.095067314173374
              ],
              [
                121.19265407178196,
                25.095067314173374
              ],
              [
                121.19265407178196,
                25.095156912314295
              ],
              [
                121.19285223662487,
                25.095156912314295
              ],
              [
                121.19285223662487,
                25.09524651045522
              ],
              [
                121.19305040146779,
                25.09524651045522
              ],
              [
                121.19305040146779,
                25.09542570673706
              ],
              [
                121.19314948388923,
                25.09542570673706
              ],
              [
                121.19314948388923,
                25.09533610859614
              ],
              [
                121.19334764873214,
                25.09533610859614
              ],
              [
                121.19334764873214,
                25.09542570673706
              ],
              [
                121.19354581357506,
                25.09542570673706
              ],
              [
                121.19354581357506,
                25.095515304877985
              ],
              [
                121.19394214326088,
                25.095515304877985
              ],
              [
                121.19394214326088,
                25.095604903018906
              ],
              [
                121.1952302147398,
                25.095604903018906
              ],
              [
                121.1952302147398,
                25.095515304877985
              ],
              [
                121.19542837958271,
                25.095515304877985
              ],
              [
                121.19542837958271,
                25.09542570673706
              ],
              [
                121.19552746200416,
                25.09542570673706
              ],
              [
                121.19552746200416,
                25.09533610859614
              ],
              [
                121.19562654442562,
                25.09533610859614
              ],
              [
                121.19562654442562,
                25.09524651045522
              ],
              [
                121.19572562684708,
                25.09524651045522
              ],
              [
                121.19572562684708,
                25.095156912314295
              ],
              [
                121.19582470926854,
                25.095156912314295
              ],
              [
                121.19582470926854,
                25.09488811789153
              ],
              [
                121.19592379168998,
                25.09488811789153
              ],
              [
                121.19592379168998,
                25.094350529045997
              ],
              [
                121.19602287411143,
                25.094350529045997
              ],
              [
                121.19602287411143,
                25.09372334205954
              ],
              [
                121.19612195653289,
                25.09372334205954
              ],
              [
                121.19612195653289,
                25.093633743918616
              ],
              [
                121.19641920379726,
                25.093633743918616
              ],
              [
                121.19641920379726,
                25.09372334205954
              ],
              [
                121.19661736864018,
                25.09372334205954
              ],
              [
                121.19661736864018,
                25.094081734623227
              ],
              [
                121.19651828621872,
                25.094081734623227
              ],
              [
                121.19651828621872,
                25.094798519750608
              ],
              [
                121.19641920379726,
                25.094798519750608
              ],
              [
                121.19641920379726,
                25.095156912314295
              ],
              [
                121.1963201213758,
                25.095156912314295
              ],
              [
                121.1963201213758,
                25.09533610859614
              ],
              [
                121.19622103895435,
                25.09533610859614
              ],
              [
                121.19622103895435,
                25.095515304877985
              ],
              [
                121.19612195653289,
                25.095515304877985
              ],
              [
                121.19612195653289,
                25.09569450115983
              ],
              [
                121.19602287411143,
                25.09569450115983
              ],
              [
                121.19602287411143,
                25.09578409930075
              ],
              [
                121.19582470926854,
                25.09578409930075
              ],
              [
                121.19582470926854,
                25.09587369744167
              ],
              [
                121.19562654442562,
                25.09587369744167
              ],
              [
                121.19562654442562,
                25.095963295582596
              ],
              [
                121.19542837958271,
                25.095963295582596
              ],
              [
                121.19542837958271,
                25.096052893723517
              ],
              [
                121.19513113231834,
                25.096052893723517
              ],
              [
                121.19513113231834,
                25.09614249186444
              ],
              [
                121.1943384729467,
                25.09614249186444
              ],
              [
                121.1943384729467,
                25.096232090005362
              ],
              [
                121.19364489599651,
                25.096232090005362
              ],
              [
                121.19364489599651,
                25.09614249186444
              ],
              [
                121.1934467311536,
                25.09614249186444
              ],
              [
                121.1934467311536,
                25.096052893723517
              ],
              [
                121.19314948388923,
                25.096052893723517
              ],
              [
                121.19314948388923,
                25.095963295582596
              ],
              [
                121.19285223662487,
                25.095963295582596
              ],
              [
                121.19285223662487,
                25.09587369744167
              ],
              [
                121.19265407178196,
                25.09587369744167
              ],
              [
                121.19265407178196,
                25.09578409930075
              ],
              [
                121.19245590693905,
                25.09578409930075
              ],
              [
                121.19245590693905,
                25.09569450115983
              ],
              [
                121.19215865967469,
                25.09569450115983
              ],
              [
                121.19215865967469,
                25.095604903018906
              ],
              [
                121.19196049483178,
                25.095604903018906
              ],
              [
                121.19196049483178,
                25.095515304877985
              ],
              [
                121.1916632475674,
                25.095515304877985
              ],
              [
                121.1916632475674,
                25.09542570673706
              ],
              [
                121.19146508272449,
                25.09542570673706
              ],
              [
                121.19146508272449,
                25.09533610859614
              ],
              [
                121.19126691788159,
                25.09533610859614
              ],
              [
                121.19126691788159,
                25.09524651045522
              ],
              [
                121.19096967061722,
                25.09524651045522
              ],
              [
                121.19096967061722,
                25.095156912314295
              ],
              [
                121.19077150577431,
                25.095156912314295
              ],
              [
                121.19077150577431,
                25.095067314173374
              ],
              [
                121.19027609366704,
                25.095067314173374
              ],
              [
                121.19027609366704,
                25.095156912314295
              ],
              [
                121.19007792882412,
                25.095156912314295
              ],
              [
                121.19007792882412,
                25.095067314173374
              ],
              [
                121.18997884640267,
                25.095067314173374
              ],
              [
                121.18997884640267,
                25.095604903018906
              ],
              [
                121.19007792882412,
                25.095604903018906
              ],
              [
                121.19007792882412,
                25.09569450115983
              ],
              [
                121.19017701124558,
                25.09569450115983
              ],
              [
                121.19017701124558,
                25.09578409930075
              ],
              [
                121.19027609366704,
                25.09578409930075
              ],
              [
                121.19027609366704,
                25.09587369744167
              ],
              [
                121.1903751760885,
                25.09587369744167
              ],
              [
                121.1903751760885,
                25.095963295582596
              ],
              [
                121.19047425850994,
                25.095963295582596
              ],
              [
                121.19047425850994,
                25.096052893723517
              ],
              [
                121.1905733409314,
                25.096052893723517
              ],
              [
                121.1905733409314,
                25.09614249186444
              ],
              [
                121.19077150577431,
                25.09614249186444
              ],
              [
                121.19077150577431,
                25.096232090005362
              ],
              [
                121.19087058819576,
                25.096232090005362
              ],
              [
                121.19087058819576,
                25.096321688146283
              ],
              [
                121.19096967061722,
                25.096321688146283
              ],
              [
                121.19096967061722,
                25.096411286287207
              ],
              [
                121.19116783546013,
                25.096411286287207
              ],
              [
                121.19116783546013,
                25.096500884428128
              ],
              [
                121.19126691788159,
                25.096500884428128
              ],
              [
                121.19126691788159,
                25.096590482569052
              ],
              [
                121.19136600030303,
                25.096590482569052
              ],
              [
                121.19136600030303,
                25.096680080709973
              ],
              [
                121.19156416514595,
                25.096680080709973
              ],
              [
                121.19156416514595,
                25.096769678850897
              ],
              [
                121.1916632475674,
                25.096769678850897
              ],
              [
                121.1916632475674,
                25.096859276991818
              ],
              [
                121.19176232998886,
                25.096859276991818
              ],
              [
                121.19176232998886,
                25.09694887513274
              ],
              [
                121.19196049483178,
                25.09694887513274
              ],
              [
                121.19196049483178,
                25.097038473273663
              ],
              [
                121.19205957725323,
                25.097038473273663
              ],
              [
                121.19205957725323,
                25.097128071414584
              ],
              [
                121.19215865967469,
                25.097128071414584
              ],
              [
                121.19215865967469,
                25.09721766955551
              ],
              [
                121.19235682451759,
                25.09721766955551
              ],
              [
                121.19235682451759,
                25.09730726769643
              ],
              [
                121.19245590693905,
                25.09730726769643
              ],
              [
                121.19245590693905,
                25.09739686583735
              ],
              [
                121.1925549893605,
                25.09739686583735
              ],
              [
                121.1925549893605,
                25.097486463978274
              ],
              [
                121.19275315420342,
                25.097486463978274
              ],
              [
                121.19275315420342,
                25.097576062119195
              ],
              [
                121.19285223662487,
                25.097576062119195
              ],
              [
                121.19285223662487,
                25.09766566026012
              ],
              [
                121.19295131904633,
                25.09766566026012
              ],
              [
                121.19295131904633,
                25.09775525840104
              ],
              [
                121.19314948388923,
                25.09775525840104
              ],
              [
                121.19314948388923,
                25.09784485654196
              ],
              [
                121.19324856631069,
                25.09784485654196
              ],
              [
                121.19324856631069,
                25.097934454682886
              ],
              [
                121.19334764873214,
                25.097934454682886
              ],
              [
                121.19334764873214,
                25.098024052823806
              ],
              [
                121.19354581357506,
                25.098024052823806
              ],
              [
                121.19354581357506,
                25.09811365096473
              ],
              [
                121.19364489599651,
                25.09811365096473
              ],
              [
                121.19364489599651,
                25.09820324910565
              ],
              [
                121.19374397841797,
                25.09820324910565
              ],
              [
                121.19374397841797,
                25.098292847246572
              ],
              [
                121.19394214326088,
                25.098292847246572
              ],
              [
                121.19394214326088,
                25.098382445387497
              ],
              [
                121.19404122568233,
                25.098382445387497
              ],
              [
                121.19404122568233,
                25.098472043528417
              ],
              [
                121.19414030810378,
                25.098472043528417
              ],
              [
                121.19414030810378,
                25.098561641669342
              ],
              [
                121.1943384729467,
                25.098561641669342
              ],
              [
                121.1943384729467,
                25.098651239810263
              ],
              [
                121.19443755536815,
                25.098651239810263
              ],
              [
                121.19443755536815,
                25.098740837951183
              ],
              [
                121.19453663778961,
                25.098740837951183
              ],
              [
                121.19453663778961,
                25.098830436092108
              ],
              [
                121.19473480263252,
                25.098830436092108
              ],
              [
                121.19473480263252,
                25.09892003423303
              ],
              [
                121.19483388505398,
                25.09892003423303
              ],
              [
                121.19483388505398,
                25.099009632373953
              ],
              [
                121.19493296747544,
                25.099009632373953
              ],
              [
                121.19493296747544,
                25.099099230514874
              ],
              [
                121.19503204989688,
                25.099099230514874
              ],
              [
                121.19503204989688,
                25.099188828655794
              ],
              [
                121.1952302147398,
                25.099188828655794
              ],
              [
                121.1952302147398,
                25.09927842679672
              ],
              [
                121.19532929716125,
                25.09927842679672
              ],
              [
                121.19532929716125,
                25.09936802493764
              ],
              [
                121.19542837958271,
                25.09936802493764
              ],
              [
                121.19542837958271,
                25.099457623078564
              ],
              [
                121.19552746200416,
                25.099457623078564
              ],
              [
                121.19552746200416,
                25.099547221219485
              ],
              [
                121.19562654442562,
                25.099547221219485
              ],
              [
                121.19562654442562,
                25.099636819360406
              ],
              [
                121.19572562684708,
                25.099636819360406
              ],
              [
                121.19572562684708,
                25.09972641750133
              ],
              [
                121.19592379168998,
                25.09972641750133
              ],
              [
                121.19592379168998,
                25.09981601564225
              ],
              [
                121.19602287411143,
                25.09981601564225
              ],
              [
                121.19602287411143,
                25.099905613783175
              ],
              [
                121.19612195653289,
                25.099905613783175
              ],
              [
                121.19612195653289,
                25.099995211924096
              ],
              [
                121.19622103895435,
                25.099995211924096
              ],
              [
                121.19622103895435,
                25.10017440820594
              ],
              [
                121.1963201213758,
                25.10017440820594
              ],
              [
                121.1963201213758,
                25.100622398910552
              ],
              [
                121.19641920379726,
                25.100622398910552
              ],
              [
                121.19641920379726,
                25.100801595192397
              ],
              [
                121.19651828621872,
                25.100801595192397
              ],
              [
                121.19651828621872,
                25.100891193333318
              ],
              [
                121.19661736864018,
                25.100891193333318
              ],
              [
                121.19661736864018,
                25.101070389615163
              ],
              [
                121.19671645106163,
                25.101070389615163
              ],
              [
                121.19671645106163,
                25.10124958589701
              ],
              [
                121.19681553348308,
                25.10124958589701
              ],
              [
                121.19681553348308,
                25.10133918403793
              ],
              [
                121.19691461590453,
                25.10133918403793
              ],
              [
                121.19691461590453,
                25.101428782178854
              ],
              [
                121.19701369832599,
                25.101428782178854
              ],
              [
                121.19701369832599,
                25.101518380319774
              ],
              [
                121.19711278074745,
                25.101518380319774
              ],
              [
                121.19711278074745,
                25.101607978460695
              ],
              [
                121.1972118631689,
                25.101607978460695
              ],
              [
                121.1972118631689,
                25.10169757660162
              ],
              [
                121.19741002801182,
                25.10169757660162
              ],
              [
                121.19741002801182,
                25.10178717474254
              ],
              [
                121.19750911043327,
                25.10178717474254
              ],
              [
                121.19750911043327,
                25.101876772883465
              ],
              [
                121.19770727527617,
                25.101876772883465
              ],
              [
                121.19770727527617,
                25.101966371024385
              ],
              [
                121.19780635769763,
                25.101966371024385
              ],
              [
                121.19780635769763,
                25.102055969165306
              ],
              [
                121.19800452254054,
                25.102055969165306
              ],
              [
                121.19800452254054,
                25.10214556730623
              ],
              [
                121.19820268738346,
                25.10214556730623
              ],
              [
                121.19820268738346,
                25.10223516544715
              ],
              [
                121.19840085222637,
                25.10223516544715
              ],
              [
                121.19840085222637,
                25.102324763588076
              ],
              [
                121.19859901706927,
                25.102324763588076
              ],
              [
                121.19859901706927,
                25.102414361728997
              ],
              [
                121.19879718191218,
                25.102414361728997
              ],
              [
                121.19879718191218,
                25.102503959869917
              ],
              [
                121.19909442917655,
                25.102503959869917
              ],
              [
                121.19909442917655,
                25.10259355801084
              ],
              [
                121.19929259401947,
                25.10259355801084
              ],
              [
                121.19929259401947,
                25.102683156151762
              ],
              [
                121.19958984128382,
                25.102683156151762
              ],
              [
                121.19958984128382,
                25.102772754292687
              ],
              [
                121.19978800612674,
                25.102772754292687
              ],
              [
                121.19978800612674,
                25.102862352433608
              ],
              [
                121.20008525339111,
                25.102862352433608
              ],
              [
                121.20008525339111,
                25.10295195057453
              ],
              [
                121.20038250065546,
                25.10295195057453
              ],
              [
                121.20038250065546,
                25.103041548715453
              ],
              [
                121.20058066549838,
                25.103041548715453
              ],
              [
                121.20058066549838,
                25.103131146856374
              ],
              [
                121.20087791276275,
                25.103131146856374
              ],
              [
                121.20087791276275,
                25.103220744997298
              ],
              [
                121.20107607760566,
                25.103220744997298
              ],
              [
                121.20107607760566,
                25.10331034313822
              ],
              [
                121.20127424244856,
                25.10331034313822
              ],
              [
                121.20127424244856,
                25.10339994127914
              ],
              [
                121.20147240729148,
                25.10339994127914
              ],
              [
                121.20147240729148,
                25.103489539420064
              ],
              [
                121.20176965455585,
                25.103489539420064
              ],
              [
                121.20176965455585,
                25.103579137560985
              ],
              [
                121.20196781939876,
                25.103579137560985
              ],
              [
                121.20196781939876,
                25.10366873570191
              ],
              [
                121.20226506666312,
                25.10366873570191
              ],
              [
                121.20226506666312,
                25.10375833384283
              ],
              [
                121.20256231392749,
                25.10375833384283
              ],
              [
                121.20256231392749,
                25.10384793198375
              ],
              [
                121.2027604787704,
                25.10384793198375
              ],
              [
                121.2027604787704,
                25.103937530124675
              ],
              [
                121.20295864361331,
                25.103937530124675
              ],
              [
                121.20295864361331,
                25.104027128265596
              ],
              [
                121.20315680845621,
                25.104027128265596
              ],
              [
                121.20315680845621,
                25.10411672640652
              ],
              [
                121.20335497329913,
                25.10411672640652
              ],
              [
                121.20335497329913,
                25.10420632454744
              ],
              [
                121.2036522205635,
                25.10420632454744
              ],
              [
                121.2036522205635,
                25.104295922688365
              ],
              [
                121.20385038540641,
                25.104295922688365
              ],
              [
                121.20385038540641,
                25.104385520829286
              ],
              [
                121.20404855024931,
                25.104385520829286
              ],
              [
                121.20404855024931,
                25.104475118970207
              ],
              [
                121.20424671509222,
                25.104475118970207
              ],
              [
                121.20424671509222,
                25.10456471711113
              ],
              [
                121.20434579751368,
                25.10456471711113
              ],
              [
                121.20434579751368,
                25.104654315252052
              ],
              [
                121.20464304477805,
                25.104654315252052
              ],
              [
                121.20464304477805,
                25.104743913392976
              ],
              [
                121.20474212719951,
                25.104743913392976
              ],
              [
                121.20474212719951,
                25.104833511533897
              ],
              [
                121.20494029204241,
                25.104833511533897
              ],
              [
                121.20494029204241,
                25.104923109674818
              ],
              [
                121.20513845688532,
                25.104923109674818
              ],
              [
                121.20513845688532,
                25.105012707815742
              ],
              [
                121.20533662172824,
                25.105012707815742
              ],
              [
                121.20533662172824,
                25.105102305956663
              ],
              [
                121.20553478657115,
                25.105102305956663
              ],
              [
                121.20553478657115,
                25.105191904097587
              ],
              [
                121.2056338689926,
                25.105191904097587
              ],
              [
                121.2056338689926,
                25.10528150223851
              ],
              [
                121.20573295141406,
                25.10528150223851
              ],
              [
                121.20573295141406,
                25.10537110037943
              ],
              [
                121.2058320338355,
                25.10537110037943
              ],
              [
                121.2058320338355,
                25.105460698520353
              ],
              [
                121.20593111625696,
                25.105460698520353
              ],
              [
                121.20593111625696,
                25.105550296661274
              ],
              [
                121.20603019867842,
                25.105550296661274
              ],
              [
                121.20603019867842,
                25.1056398948022
              ],
              [
                121.20622836352133,
                25.1056398948022
              ],
              [
                121.20622836352133,
                25.10572949294312
              ],
              [
                121.20642652836425,
                25.10572949294312
              ],
              [
                121.20642652836425,
                25.10581909108404
              ],
              [
                121.20662469320716,
                25.10581909108404
              ],
              [
                121.20662469320716,
                25.105908689224965
              ],
              [
                121.20692194047152,
                25.105908689224965
              ],
              [
                121.20692194047152,
                25.105998287365885
              ],
              [
                121.20712010531443,
                25.105998287365885
              ],
              [
                121.20712010531443,
                25.1056398948022
              ],
              [
                121.20721918773589,
                25.1056398948022
              ],
              [
                121.20721918773589,
                25.10537110037943
              ],
              [
                121.20712010531443,
                25.10537110037943
              ],
              [
                121.20712010531443,
                25.104743913392976
              ],
              [
                121.20721918773589,
                25.104743913392976
              ],
              [
                121.20721918773589,
                25.104654315252052
              ],
              [
                121.20712010531443,
                25.104654315252052
              ],
              [
                121.20712010531443,
                25.104027128265596
              ],
              [
                121.20702102289297,
                25.104027128265596
              ],
              [
                121.20702102289297,
                25.10384793198375
              ],
              [
                121.20692194047152,
                25.10384793198375
              ],
              [
                121.20692194047152,
                25.10375833384283
              ],
              [
                121.20682285805006,
                25.10375833384283
              ],
              [
                121.20682285805006,
                25.10366873570191
              ],
              [
                121.2067237756286,
                25.10366873570191
              ],
              [
                121.2067237756286,
                25.103579137560985
              ],
              [
                121.20662469320716,
                25.103579137560985
              ],
              [
                121.20662469320716,
                25.10339994127914
              ],
              [
                121.2065256107857,
                25.10339994127914
              ],
              [
                121.2065256107857,
                25.10331034313822
              ],
              [
                121.20642652836425,
                25.10331034313822
              ],
              [
                121.20642652836425,
                25.103220744997298
              ],
              [
                121.20632744594279,
                25.103220744997298
              ],
              [
                121.20632744594279,
                25.103131146856374
              ],
              [
                121.20622836352133,
                25.103131146856374
              ],
              [
                121.20622836352133,
                25.10295195057453
              ],
              [
                121.20612928109988,
                25.10295195057453
              ],
              [
                121.20612928109988,
                25.102862352433608
              ],
              [
                121.20603019867842,
                25.102862352433608
              ],
              [
                121.20603019867842,
                25.102772754292687
              ],
              [
                121.20593111625696,
                25.102772754292687
              ],
              [
                121.20593111625696,
                25.102683156151762
              ],
              [
                121.2058320338355,
                25.102683156151762
              ],
              [
                121.2058320338355,
                25.102503959869917
              ],
              [
                121.20573295141406,
                25.102503959869917
              ],
              [
                121.20573295141406,
                25.102414361728997
              ],
              [
                121.2056338689926,
                25.102414361728997
              ],
              [
                121.2056338689926,
                25.102324763588076
              ],
              [
                121.20553478657115,
                25.102324763588076
              ],
              [
                121.20553478657115,
                25.10223516544715
              ],
              [
                121.20543570414969,
                25.10223516544715
              ],
              [
                121.20543570414969,
                25.10214556730623
              ],
              [
                121.20533662172824,
                25.10214556730623
              ],
              [
                121.20533662172824,
                25.101966371024385
              ],
              [
                121.20523753930678,
                25.101966371024385
              ],
              [
                121.20523753930678,
                25.101876772883465
              ],
              [
                121.20513845688532,
                25.101876772883465
              ],
              [
                121.20513845688532,
                25.10178717474254
              ],
              [
                121.20503937446387,
                25.10178717474254
              ],
              [
                121.20503937446387,
                25.10169757660162
              ],
              [
                121.20494029204241,
                25.10169757660162
              ],
              [
                121.20494029204241,
                25.101607978460695
              ],
              [
                121.20484120962097,
                25.101607978460695
              ],
              [
                121.20484120962097,
                25.101428782178854
              ],
              [
                121.20474212719951,
                25.101428782178854
              ],
              [
                121.20474212719951,
                25.10133918403793
              ],
              [
                121.20464304477805,
                25.10133918403793
              ],
              [
                121.20464304477805,
                25.10124958589701
              ],
              [
                121.2045439623566,
                25.10124958589701
              ],
              [
                121.2045439623566,
                25.101159987756084
              ],
              [
                121.20444487993514,
                25.101159987756084
              ],
              [
                121.20444487993514,
                25.101070389615163
              ],
              [
                121.20434579751368,
                25.101070389615163
              ],
              [
                121.20434579751368,
                25.100980791474242
              ],
              [
                121.20424671509222,
                25.100980791474242
              ],
              [
                121.20424671509222,
                25.100891193333318
              ],
              [
                121.20414763267077,
                25.100891193333318
              ],
              [
                121.20414763267077,
                25.100801595192397
              ],
              [
                121.20404855024931,
                25.100801595192397
              ],
              [
                121.20404855024931,
                25.100711997051473
              ],
              [
                121.20394946782787,
                25.100711997051473
              ],
              [
                121.20394946782787,
                25.100622398910552
              ],
              [
                121.20385038540641,
                25.100622398910552
              ],
              [
                121.20385038540641,
                25.10053280076963
              ],
              [
                121.20375130298495,
                25.10053280076963
              ],
              [
                121.20375130298495,
                25.100353604487786
              ],
              [
                121.2036522205635,
                25.100353604487786
              ],
              [
                121.2036522205635,
                25.100264006346862
              ],
              [
                121.20355313814204,
                25.100264006346862
              ],
              [
                121.20355313814204,
                25.10017440820594
              ],
              [
                121.20345405572058,
                25.10017440820594
              ],
              [
                121.20345405572058,
                25.100084810065017
              ],
              [
                121.20335497329913,
                25.100084810065017
              ],
              [
                121.20335497329913,
                25.099995211924096
              ],
              [
                121.20325589087767,
                25.099995211924096
              ],
              [
                121.20325589087767,
                25.099905613783175
              ],
              [
                121.20315680845621,
                25.099905613783175
              ],
              [
                121.20315680845621,
                25.09981601564225
              ],
              [
                121.20305772603477,
                25.09981601564225
              ],
              [
                121.20305772603477,
                25.09972641750133
              ],
              [
                121.20295864361331,
                25.09972641750133
              ],
              [
                121.20295864361331,
                25.099636819360406
              ],
              [
                121.20285956119186,
                25.099636819360406
              ],
              [
                121.20285956119186,
                25.099547221219485
              ],
              [
                121.2027604787704,
                25.099547221219485
              ],
              [
                121.2027604787704,
                25.09936802493764
              ],
              [
                121.20266139634894,
                25.09936802493764
              ],
              [
                121.20266139634894,
                25.099099230514874
              ],
              [
                121.2027604787704,
                25.099099230514874
              ],
              [
                121.2027604787704,
                25.099009632373953
              ],
              [
                121.20285956119186,
                25.099009632373953
              ],
              [
                121.20285956119186,
                25.098830436092108
              ],
              [
                121.20295864361331,
                25.098830436092108
              ],
              [
                121.20295864361331,
                25.098651239810263
              ],
              [
                121.20305772603477,
                25.098651239810263
              ],
              [
                121.20305772603477,
                25.098561641669342
              ],
              [
                121.20315680845621,
                25.098561641669342
              ],
              [
                121.20315680845621,
                25.098382445387497
              ],
              [
                121.20335497329913,
                25.098382445387497
              ],
              [
                121.20335497329913,
                25.098472043528417
              ],
              [
                121.20355313814204,
                25.098472043528417
              ],
              [
                121.20355313814204,
                25.098651239810263
              ],
              [
                121.20345405572058,
                25.098651239810263
              ],
              [
                121.20345405572058,
                25.098740837951183
              ],
              [
                121.20335497329913,
                25.098740837951183
              ],
              [
                121.20335497329913,
                25.09892003423303
              ],
              [
                121.20325589087767,
                25.09892003423303
              ],
              [
                121.20325589087767,
                25.099009632373953
              ],
              [
                121.20315680845621,
                25.099009632373953
              ],
              [
                121.20315680845621,
                25.09936802493764
              ],
              [
                121.20325589087767,
                25.09936802493764
              ],
              [
                121.20325589087767,
                25.099457623078564
              ],
              [
                121.20335497329913,
                25.099457623078564
              ],
              [
                121.20335497329913,
                25.099547221219485
              ],
              [
                121.20345405572058,
                25.099547221219485
              ],
              [
                121.20345405572058,
                25.099636819360406
              ],
              [
                121.20355313814204,
                25.099636819360406
              ],
              [
                121.20355313814204,
                25.09972641750133
              ],
              [
                121.2036522205635,
                25.09972641750133
              ],
              [
                121.2036522205635,
                25.09981601564225
              ],
              [
                121.20375130298495,
                25.09981601564225
              ],
              [
                121.20375130298495,
                25.099995211924096
              ],
              [
                121.20385038540641,
                25.099995211924096
              ],
              [
                121.20385038540641,
                25.100084810065017
              ],
              [
                121.20394946782787,
                25.100084810065017
              ],
              [
                121.20394946782787,
                25.10017440820594
              ],
              [
                121.20404855024931,
                25.10017440820594
              ],
              [
                121.20404855024931,
                25.100264006346862
              ],
              [
                121.20414763267077,
                25.100264006346862
              ],
              [
                121.20414763267077,
                25.100353604487786
              ],
              [
                121.20424671509222,
                25.100353604487786
              ],
              [
                121.20424671509222,
                25.100443202628707
              ],
              [
                121.20434579751368,
                25.100443202628707
              ],
              [
                121.20434579751368,
                25.10053280076963
              ],
              [
                121.20444487993514,
                25.10053280076963
              ],
              [
                121.20444487993514,
                25.100622398910552
              ],
              [
                121.2045439623566,
                25.100622398910552
              ],
              [
                121.2045439623566,
                25.100801595192397
              ],
              [
                121.20464304477805,
                25.100801595192397
              ],
              [
                121.20464304477805,
                25.100891193333318
              ],
              [
                121.20474212719951,
                25.100891193333318
              ],
              [
                121.20474212719951,
                25.100980791474242
              ],
              [
                121.20484120962097,
                25.100980791474242
              ],
              [
                121.20484120962097,
                25.101070389615163
              ],
              [
                121.20494029204241,
                25.101070389615163
              ],
              [
                121.20494029204241,
                25.101159987756084
              ],
              [
                121.20503937446387,
                25.101159987756084
              ],
              [
                121.20503937446387,
                25.10124958589701
              ],
              [
                121.20513845688532,
                25.10124958589701
              ],
              [
                121.20513845688532,
                25.101428782178854
              ],
              [
                121.20533662172824,
                25.101428782178854
              ],
              [
                121.20533662172824,
                25.101518380319774
              ],
              [
                121.20543570414969,
                25.101518380319774
              ],
              [
                121.20543570414969,
                25.101607978460695
              ],
              [
                121.20553478657115,
                25.101607978460695
              ],
              [
                121.20553478657115,
                25.10178717474254
              ],
              [
                121.2056338689926,
                25.10178717474254
              ],
              [
                121.2056338689926,
                25.101876772883465
              ],
              [
                121.20573295141406,
                25.101876772883465
              ],
              [
                121.20573295141406,
                25.101966371024385
              ],
              [
                121.2058320338355,
                25.101966371024385
              ],
              [
                121.2058320338355,
                25.102055969165306
              ],
              [
                121.20593111625696,
                25.102055969165306
              ],
              [
                121.20593111625696,
                25.10214556730623
              ],
              [
                121.20603019867842,
                25.10214556730623
              ],
              [
                121.20603019867842,
                25.10223516544715
              ],
              [
                121.20612928109988,
                25.10223516544715
              ],
              [
                121.20612928109988,
                25.102324763588076
              ],
              [
                121.20622836352133,
                25.102324763588076
              ],
              [
                121.20622836352133,
                25.102503959869917
              ],
              [
                121.20642652836425,
                25.102503959869917
              ],
              [
                121.20642652836425,
                25.102683156151762
              ],
              [
                121.2065256107857,
                25.102683156151762
              ],
              [
                121.2065256107857,
                25.102772754292687
              ],
              [
                121.20662469320716,
                25.102772754292687
              ],
              [
                121.20662469320716,
                25.102862352433608
              ],
              [
                121.2067237756286,
                25.102862352433608
              ],
              [
                121.2067237756286,
                25.10295195057453
              ],
              [
                121.20682285805006,
                25.10295195057453
              ],
              [
                121.20682285805006,
                25.103041548715453
              ],
              [
                121.20692194047152,
                25.103041548715453
              ],
              [
                121.20692194047152,
                25.103131146856374
              ],
              [
                121.20712010531443,
                25.103131146856374
              ],
              [
                121.20712010531443,
                25.103220744997298
              ],
              [
                121.20751643500026,
                25.103220744997298
              ],
              [
                121.20751643500026,
                25.10331034313822
              ],
              [
                121.20771459984316,
                25.10331034313822
              ],
              [
                121.20771459984316,
                25.103220744997298
              ],
              [
                121.20801184710753,
                25.103220744997298
              ],
              [
                121.20801184710753,
                25.103131146856374
              ],
              [
                121.20821001195044,
                25.103131146856374
              ],
              [
                121.20821001195044,
                25.103041548715453
              ],
              [
                121.20870542405771,
                25.103041548715453
              ],
              [
                121.20870542405771,
                25.103131146856374
              ],
              [
                121.20890358890063,
                25.103131146856374
              ],
              [
                121.20890358890063,
                25.103220744997298
              ],
              [
                121.20840817679336,
                25.103220744997298
              ],
              [
                121.20840817679336,
                25.10331034313822
              ],
              [
                121.2083090943719,
                25.10331034313822
              ],
              [
                121.2083090943719,
                25.10339994127914
              ],
              [
                121.20821001195044,
                25.10339994127914
              ],
              [
                121.20821001195044,
                25.103489539420064
              ],
              [
                121.20811092952898,
                25.103489539420064
              ],
              [
                121.20811092952898,
                25.103579137560985
              ],
              [
                121.20801184710753,
                25.103579137560985
              ],
              [
                121.20801184710753,
                25.10384793198375
              ],
              [
                121.20791276468607,
                25.10384793198375
              ],
              [
                121.20791276468607,
                25.104654315252052
              ],
              [
                121.20781368226461,
                25.104654315252052
              ],
              [
                121.20781368226461,
                25.104743913392976
              ],
              [
                121.20771459984316,
                25.104743913392976
              ],
              [
                121.20771459984316,
                25.104654315252052
              ],
              [
                121.2076155174217,
                25.104654315252052
              ],
              [
                121.2076155174217,
                25.105102305956663
              ],
              [
                121.20751643500026,
                25.105102305956663
              ],
              [
                121.20751643500026,
                25.10528150223851
              ],
              [
                121.2074173525788,
                25.10528150223851
              ],
              [
                121.2074173525788,
                25.10537110037943
              ],
              [
                121.20731827015734,
                25.10537110037943
              ],
              [
                121.20731827015734,
                25.10617748364773
              ],
              [
                121.20751643500026,
                25.10617748364773
              ],
              [
                121.20751643500026,
                25.10626708178865
              ],
              [
                121.2076155174217,
                25.10626708178865
              ],
              [
                121.2076155174217,
                25.106356679929576
              ],
              [
                121.20771459984316,
                25.106356679929576
              ],
              [
                121.20771459984316,
                25.106446278070496
              ],
              [
                121.20781368226461,
                25.106446278070496
              ],
              [
                121.20781368226461,
                25.10653587621142
              ],
              [
                121.20801184710753,
                25.10653587621142
              ],
              [
                121.20801184710753,
                25.10662547435234
              ],
              [
                121.20811092952898,
                25.10662547435234
              ],
              [
                121.20811092952898,
                25.106715072493262
              ],
              [
                121.20821001195044,
                25.106715072493262
              ],
              [
                121.20821001195044,
                25.106804670634187
              ],
              [
                121.2083090943719,
                25.106804670634187
              ],
              [
                121.2083090943719,
                25.106894268775108
              ],
              [
                121.20910175374354,
                25.106894268775108
              ],
              [
                121.20910175374354,
                25.106983866916032
              ],
              [
                121.2100925779581,
                25.106983866916032
              ],
              [
                121.2100925779581,
                25.107073465056953
              ],
              [
                121.21038982522245,
                25.107073465056953
              ],
              [
                121.21038982522245,
                25.107163063197873
              ],
              [
                121.21058799006536,
                25.107163063197873
              ],
              [
                121.21058799006536,
                25.107252661338798
              ],
              [
                121.21068707248682,
                25.107252661338798
              ],
              [
                121.21068707248682,
                25.10734225947972
              ],
              [
                121.21078615490828,
                25.10734225947972
              ],
              [
                121.21078615490828,
                25.107431857620643
              ],
              [
                121.21088523732973,
                25.107431857620643
              ],
              [
                121.21088523732973,
                25.107611053902485
              ],
              [
                121.21098431975119,
                25.107611053902485
              ],
              [
                121.21098431975119,
                25.10770065204341
              ],
              [
                121.21108340217265,
                25.10770065204341
              ],
              [
                121.21108340217265,
                25.1080590446071
              ],
              [
                121.2111824845941,
                25.1080590446071
              ],
              [
                121.2111824845941,
                25.10814864274802
              ],
              [
                121.21128156701555,
                25.10814864274802
              ],
              [
                121.21128156701555,
                25.10823824088894
              ],
              [
                121.211380649437,
                25.10823824088894
              ],
              [
                121.211380649437,
                25.108327839029865
              ],
              [
                121.21157881427992,
                25.108327839029865
              ],
              [
                121.21157881427992,
                25.108417437170786
              ],
              [
                121.21167789670137,
                25.108417437170786
              ],
              [
                121.21167789670137,
                25.10850703531171
              ],
              [
                121.21177697912283,
                25.10850703531171
              ],
              [
                121.21177697912283,
                25.10859663345263
              ],
              [
                121.21197514396574,
                25.10859663345263
              ],
              [
                121.21197514396574,
                25.108686231593552
              ],
              [
                121.21237147365156,
                25.108686231593552
              ],
              [
                121.21237147365156,
                25.108775829734476
              ],
              [
                121.21266872091593,
                25.108775829734476
              ],
              [
                121.21266872091593,
                25.108865427875397
              ],
              [
                121.21286688575884,
                25.108865427875397
              ],
              [
                121.21286688575884,
                25.10895502601632
              ],
              [
                121.21306505060174,
                25.10895502601632
              ],
              [
                121.21306505060174,
                25.109044624157242
              ],
              [
                121.21326321544466,
                25.109044624157242
              ],
              [
                121.21326321544466,
                25.109134222298163
              ],
              [
                121.21346138028757,
                25.109134222298163
              ],
              [
                121.21346138028757,
                25.109223820439087
              ],
              [
                121.21356046270903,
                25.109223820439087
              ],
              [
                121.21356046270903,
                25.109313418580008
              ],
              [
                121.2138577099734,
                25.109313418580008
              ],
              [
                121.2138577099734,
                25.109403016720933
              ],
              [
                121.2140558748163,
                25.109403016720933
              ],
              [
                121.2140558748163,
                25.109492614861853
              ],
              [
                121.21425403965921,
                25.109492614861853
              ],
              [
                121.21425403965921,
                25.109582213002774
              ],
              [
                121.21455128692358,
                25.109582213002774
              ],
              [
                121.21455128692358,
                25.1096718111437
              ],
              [
                121.21534394629522,
                25.1096718111437
              ],
              [
                121.21534394629522,
                25.10976140928462
              ],
              [
                121.2160375232454,
                25.10976140928462
              ],
              [
                121.2160375232454,
                25.109851007425544
              ],
              [
                121.21673110019559,
                25.109851007425544
              ],
              [
                121.21673110019559,
                25.109940605566464
              ],
              [
                121.21732559472433,
                25.109940605566464
              ],
              [
                121.21732559472433,
                25.110030203707385
              ],
              [
                121.21792008925306,
                25.110030203707385
              ],
              [
                121.21792008925306,
                25.11011980184831
              ],
              [
                121.21861366620324,
                25.11011980184831
              ],
              [
                121.21861366620324,
                25.11020939998923
              ],
              [
                121.21920816073198,
                25.11020939998923
              ],
              [
                121.21920816073198,
                25.110298998130155
              ],
              [
                121.21980265526071,
                25.110298998130155
              ],
              [
                121.21980265526071,
                25.110388596271076
              ],
              [
                121.22029806736798,
                25.110388596271076
              ],
              [
                121.22029806736798,
                25.110478194411996
              ],
              [
                121.2206943970538,
                25.110478194411996
              ],
              [
                121.2206943970538,
                25.11056779255292
              ],
              [
                121.22118980916107,
                25.11056779255292
              ],
              [
                121.22118980916107,
                25.11065739069384
              ],
              [
                121.2215861388469,
                25.11065739069384
              ],
              [
                121.2215861388469,
                25.110746988834766
              ],
              [
                121.22198246853273,
                25.110746988834766
              ],
              [
                121.22198246853273,
                25.110836586975687
              ],
              [
                121.22218063337563,
                25.110836586975687
              ],
              [
                121.22218063337563,
                25.110926185116607
              ],
              [
                121.22267604548291,
                25.110926185116607
              ],
              [
                121.22267604548291,
                25.111015783257532
              ],
              [
                121.2233696224331,
                25.111015783257532
              ],
              [
                121.2233696224331,
                25.111105381398453
              ],
              [
                121.22416228180474,
                25.111105381398453
              ],
              [
                121.22416228180474,
                25.111194979539377
              ],
              [
                121.22515310601929,
                25.111194979539377
              ],
              [
                121.22515310601929,
                25.111284577680298
              ],
              [
                121.22584668296948,
                25.111284577680298
              ],
              [
                121.22584668296948,
                25.11137417582122
              ],
              [
                121.2262430126553,
                25.11137417582122
              ],
              [
                121.2262430126553,
                25.111463773962143
              ],
              [
                121.22663934234112,
                25.111463773962143
              ],
              [
                121.22663934234112,
                25.111553372103064
              ],
              [
                121.22723383686986,
                25.111553372103064
              ],
              [
                121.22723383686986,
                25.111642970243988
              ],
              [
                121.22763016655567,
                25.111642970243988
              ],
              [
                121.22763016655567,
                25.11173256838491
              ],
              [
                121.22792741382004,
                25.11173256838491
              ],
              [
                121.22792741382004,
                25.111822166525833
              ],
              [
                121.22822466108441,
                25.111822166525833
              ],
              [
                121.22822466108441,
                25.111911764666754
              ],
              [
                121.22872007319168,
                25.111911764666754
              ],
              [
                121.22872007319168,
                25.112001362807675
              ],
              [
                121.22931456772041,
                25.112001362807675
              ],
              [
                121.22931456772041,
                25.1120909609486
              ],
              [
                121.22980997982769,
                25.1120909609486
              ],
              [
                121.22980997982769,
                25.11218055908952
              ],
              [
                121.2302063095135,
                25.11218055908952
              ],
              [
                121.2302063095135,
                25.112270157230444
              ],
              [
                121.23050355677788,
                25.112270157230444
              ],
              [
                121.23050355677788,
                25.112359755371365
              ],
              [
                121.23070172162079,
                25.112359755371365
              ],
              [
                121.23070172162079,
                25.112449353512286
              ],
              [
                121.23099896888516,
                25.112449353512286
              ],
              [
                121.23099896888516,
                25.11253895165321
              ],
              [
                121.23119713372806,
                25.11253895165321
              ],
              [
                121.23119713372806,
                25.11262854979413
              ],
              [
                121.23129621614952,
                25.11262854979413
              ],
              [
                121.23129621614952,
                25.112718147935055
              ],
              [
                121.23149438099243,
                25.112718147935055
              ],
              [
                121.23149438099243,
                25.112807746075976
              ],
              [
                121.23159346341389,
                25.112807746075976
              ],
              [
                121.23159346341389,
                25.112897344216897
              ],
              [
                121.23169254583534,
                25.112897344216897
              ],
              [
                121.23169254583534,
                25.11298694235782
              ],
              [
                121.23189071067826,
                25.11298694235782
              ],
              [
                121.23189071067826,
                25.113076540498742
              ],
              [
                121.2319897930997,
                25.113076540498742
              ],
              [
                121.2319897930997,
                25.113255736780587
              ],
              [
                121.23208887552116,
                25.113255736780587
              ],
              [
                121.23208887552116,
                25.113345334921508
              ],
              [
                121.23218795794261,
                25.113345334921508
              ],
              [
                121.23218795794261,
                25.113524531203353
              ],
              [
                121.23228704036407,
                25.113524531203353
              ],
              [
                121.23228704036407,
                25.1137037274852
              ],
              [
                121.23238612278553,
                25.1137037274852
              ],
              [
                121.23238612278553,
                25.113882923767044
              ],
              [
                121.23248520520698,
                25.113882923767044
              ],
              [
                121.23248520520698,
                25.11415171818981
              ],
              [
                121.23258428762844,
                25.11415171818981
              ],
              [
                121.23258428762844,
                25.114330914471655
              ],
              [
                121.2326833700499,
                25.114330914471655
              ],
              [
                121.2326833700499,
                25.1145101107535
              ],
              [
                121.23278245247135,
                25.1145101107535
              ],
              [
                121.23278245247135,
                25.11459970889442
              ],
              [
                121.2328815348928,
                25.11459970889442
              ],
              [
                121.2328815348928,
                25.114778905176266
              ],
              [
                121.23307969973571,
                25.114778905176266
              ],
              [
                121.23307969973571,
                25.114868503317187
              ],
              [
                121.23337694700008,
                25.114868503317187
              ],
              [
                121.23337694700008,
                25.11495810145811
              ],
              [
                121.2337732766859,
                25.11495810145811
              ],
              [
                121.2337732766859,
                25.11504769959903
              ],
              [
                121.23634941964374,
                25.11504769959903
              ],
              [
                121.23634941964374,
                25.115137297739953
              ],
              [
                121.23704299659393,
                25.115137297739953
              ],
              [
                121.23704299659393,
                25.115226895880877
              ],
              [
                121.23773657354411,
                25.115226895880877
              ],
              [
                121.23773657354411,
                25.115316494021798
              ],
              [
                121.23813290322994,
                25.115316494021798
              ],
              [
                121.23813290322994,
                25.115406092162722
              ],
              [
                121.23852923291575,
                25.115406092162722
              ],
              [
                121.23852923291575,
                25.115495690303643
              ],
              [
                121.23882648018012,
                25.115495690303643
              ],
              [
                121.23882648018012,
                25.115585288444567
              ],
              [
                121.23902464502304,
                25.115585288444567
              ],
              [
                121.23902464502304,
                25.115674886585488
              ],
              [
                121.23932189228739,
                25.115674886585488
              ],
              [
                121.23932189228739,
                25.11576448472641
              ],
              [
                121.23942097470885,
                25.11576448472641
              ],
              [
                121.23942097470885,
                25.115854082867333
              ],
              [
                121.2395200571303,
                25.115854082867333
              ],
              [
                121.2395200571303,
                25.117108456840242
              ],
              [
                121.23942097470885,
                25.117108456840242
              ],
              [
                121.23942097470885,
                25.118452428954075
              ],
              [
                121.23932189228739,
                25.118452428954075
              ],
              [
                121.23932189228739,
                25.119706802926988
              ],
              [
                121.23922280986594,
                25.119706802926988
              ],
              [
                121.23922280986594,
                25.120781980618055
              ],
              [
                121.23932189228739,
                25.120781980618055
              ],
              [
                121.23932189228739,
                25.120065195490678
              ],
              [
                121.23942097470885,
                25.120065195490678
              ],
              [
                121.23942097470885,
                25.118810821517766
              ],
              [
                121.2395200571303,
                25.118810821517766
              ],
              [
                121.2395200571303,
                25.117646045685778
              ],
              [
                121.23961913955176,
                25.117646045685778
              ],
              [
                121.23961913955176,
                25.11657086799471
              ],
              [
                121.24070904618777,
                25.11657086799471
              ],
              [
                121.24070904618777,
                25.11666046613563
              ],
              [
                121.2413035407165,
                25.11666046613563
              ],
              [
                121.2413035407165,
                25.116750064276555
              ],
              [
                121.24140262313796,
                25.116750064276555
              ],
              [
                121.24140262313796,
                25.1169292605584
              ],
              [
                121.24160078798087,
                25.1169292605584
              ],
              [
                121.24160078798087,
                25.116839662417476
              ],
              [
                121.24150170555941,
                25.116839662417476
              ],
              [
                121.24150170555941,
                25.11666046613563
              ],
              [
                121.24140262313796,
                25.11666046613563
              ],
              [
                121.24140262313796,
                25.11648126985379
              ],
              [
                121.24011455165903,
                25.11648126985379
              ],
              [
                121.24011455165903,
                25.116391671712865
              ],
              [
                121.23981730439468,
                25.116391671712865
              ],
              [
                121.23981730439468,
                25.11621247543102
              ],
              [
                121.23991638681613,
                25.11621247543102
              ],
              [
                121.23991638681613,
                25.115226895880877
              ],
              [
                121.24140262313796,
                25.115226895880877
              ],
              [
                121.24140262313796,
                25.11576448472641
              ],
              [
                121.24160078798087,
                25.11576448472641
              ],
              [
                121.24160078798087,
                25.11603327914918
              ],
              [
                121.24169987040233,
                25.11603327914918
              ],
              [
                121.24169987040233,
                25.115854082867333
              ],
              [
                121.24179895282379,
                25.115854082867333
              ],
              [
                121.24179895282379,
                25.115943681008254
              ],
              [
                121.24189803524523,
                25.115943681008254
              ],
              [
                121.24189803524523,
                25.11603327914918
              ],
              [
                121.24209620008814,
                25.11603327914918
              ],
              [
                121.24209620008814,
                25.1161228772901
              ],
              [
                121.24249252977397,
                25.1161228772901
              ],
              [
                121.24249252977397,
                25.11603327914918
              ],
              [
                121.24269069461688,
                25.11603327914918
              ],
              [
                121.24269069461688,
                25.115943681008254
              ],
              [
                121.24278977703833,
                25.115943681008254
              ],
              [
                121.24278977703833,
                25.115854082867333
              ],
              [
                121.24298794188124,
                25.115854082867333
              ],
              [
                121.24298794188124,
                25.11576448472641
              ],
              [
                121.24318610672415,
                25.11576448472641
              ],
              [
                121.24318610672415,
                25.115854082867333
              ],
              [
                121.24328518914561,
                25.115854082867333
              ],
              [
                121.24328518914561,
                25.11603327914918
              ],
              [
                121.24338427156707,
                25.11603327914918
              ],
              [
                121.24338427156707,
                25.1161228772901
              ],
              [
                121.24348335398852,
                25.1161228772901
              ],
              [
                121.24348335398852,
                25.11648126985379
              ],
              [
                121.24328518914561,
                25.11648126985379
              ],
              [
                121.24328518914561,
                25.11657086799471
              ],
              [
                121.24318610672415,
                25.11657086799471
              ],
              [
                121.24318610672415,
                25.11666046613563
              ],
              [
                121.24298794188124,
                25.11666046613563
              ],
              [
                121.24298794188124,
                25.116750064276555
              ],
              [
                121.24288885945978,
                25.116750064276555
              ],
              [
                121.24288885945978,
                25.116839662417476
              ],
              [
                121.24278977703833,
                25.116839662417476
              ],
              [
                121.24278977703833,
                25.1169292605584
              ],
              [
                121.24259161219543,
                25.1169292605584
              ],
              [
                121.24259161219543,
                25.11701885869932
              ],
              [
                121.24249252977397,
                25.11701885869932
              ],
              [
                121.24249252977397,
                25.117108456840242
              ],
              [
                121.24269069461688,
                25.117108456840242
              ],
              [
                121.24269069461688,
                25.11701885869932
              ],
              [
                121.24278977703833,
                25.11701885869932
              ],
              [
                121.24278977703833,
                25.117108456840242
              ],
              [
                121.24288885945978,
                25.117108456840242
              ],
              [
                121.24288885945978,
                25.11701885869932
              ],
              [
                121.24298794188124,
                25.11701885869932
              ],
              [
                121.24298794188124,
                25.1169292605584
              ],
              [
                121.24318610672415,
                25.1169292605584
              ],
              [
                121.24318610672415,
                25.116839662417476
              ],
              [
                121.24338427156707,
                25.116839662417476
              ],
              [
                121.24338427156707,
                25.116750064276555
              ],
              [
                121.24348335398852,
                25.116750064276555
              ],
              [
                121.24348335398852,
                25.11666046613563
              ],
              [
                121.24368151883144,
                25.11666046613563
              ],
              [
                121.24368151883144,
                25.11657086799471
              ],
              [
                121.24387968367434,
                25.11657086799471
              ],
              [
                121.24387968367434,
                25.11666046613563
              ],
              [
                121.2439787660958,
                25.11666046613563
              ],
              [
                121.2439787660958,
                25.116839662417476
              ],
              [
                121.24407784851725,
                25.116839662417476
              ],
              [
                121.24407784851725,
                25.1169292605584
              ],
              [
                121.2441769309387,
                25.1169292605584
              ],
              [
                121.2441769309387,
                25.117108456840242
              ],
              [
                121.24427601336016,
                25.117108456840242
              ],
              [
                121.24427601336016,
                25.117198054981166
              ],
              [
                121.24437509578162,
                25.117198054981166
              ],
              [
                121.24437509578162,
                25.11737725126301
              ],
              [
                121.24447417820308,
                25.11737725126301
              ],
              [
                121.24447417820308,
                25.117466849403932
              ],
              [
                121.24457326062453,
                25.117466849403932
              ],
              [
                121.24457326062453,
                25.117646045685778
              ],
              [
                121.24477142546743,
                25.117646045685778
              ],
              [
                121.24477142546743,
                25.1177356438267
              ],
              [
                121.24487050788889,
                25.1177356438267
              ],
              [
                121.24487050788889,
                25.117646045685778
              ],
              [
                121.24496959031035,
                25.117646045685778
              ],
              [
                121.24496959031035,
                25.117556447544853
              ],
              [
                121.24516775515326,
                25.117556447544853
              ],
              [
                121.24516775515326,
                25.117466849403932
              ],
              [
                121.24526683757472,
                25.117466849403932
              ],
              [
                121.24526683757472,
                25.11737725126301
              ],
              [
                121.24546500241763,
                25.11737725126301
              ],
              [
                121.24546500241763,
                25.117287653122087
              ],
              [
                121.24556408483907,
                25.117287653122087
              ],
              [
                121.24556408483907,
                25.11737725126301
              ],
              [
                121.24566316726053,
                25.11737725126301
              ],
              [
                121.24566316726053,
                25.117466849403932
              ],
              [
                121.24586133210344,
                25.117466849403932
              ],
              [
                121.24586133210344,
                25.117556447544853
              ],
              [
                121.2459604145249,
                25.117556447544853
              ],
              [
                121.2459604145249,
                25.117646045685778
              ],
              [
                121.24615857936782,
                25.117646045685778
              ],
              [
                121.24615857936782,
                25.1177356438267
              ],
              [
                121.24625766178927,
                25.1177356438267
              ],
              [
                121.24625766178927,
                25.117825241967623
              ],
              [
                121.24645582663217,
                25.117825241967623
              ],
              [
                121.24645582663217,
                25.117914840108543
              ],
              [
                121.24655490905363,
                25.117914840108543
              ],
              [
                121.24655490905363,
                25.118004438249464
              ],
              [
                121.24645582663217,
                25.118004438249464
              ],
              [
                121.24645582663217,
                25.118273232672234
              ],
              [
                121.24605949694636,
                25.118273232672234
              ],
              [
                121.24605949694636,
                25.11818363453131
              ],
              [
                121.24576224968199,
                25.11818363453131
              ],
              [
                121.24576224968199,
                25.11809403639039
              ],
              [
                121.24546500241763,
                25.11809403639039
              ],
              [
                121.24546500241763,
                25.118004438249464
              ],
              [
                121.24516775515326,
                25.118004438249464
              ],
              [
                121.24516775515326,
                25.117914840108543
              ],
              [
                121.24487050788889,
                25.117914840108543
              ],
              [
                121.24487050788889,
                25.117825241967623
              ],
              [
                121.24467234304598,
                25.117825241967623
              ],
              [
                121.24467234304598,
                25.1177356438267
              ],
              [
                121.24437509578162,
                25.1177356438267
              ],
              [
                121.24437509578162,
                25.117825241967623
              ],
              [
                121.24427601336016,
                25.117825241967623
              ],
              [
                121.24427601336016,
                25.117914840108543
              ],
              [
                121.24407784851725,
                25.117914840108543
              ],
              [
                121.24407784851725,
                25.118004438249464
              ],
              [
                121.2439787660958,
                25.118004438249464
              ],
              [
                121.2439787660958,
                25.11809403639039
              ],
              [
                121.24378060125288,
                25.11809403639039
              ],
              [
                121.24378060125288,
                25.11818363453131
              ],
              [
                121.24348335398852,
                25.11818363453131
              ],
              [
                121.24348335398852,
                25.11809403639039
              ],
              [
                121.24338427156707,
                25.11809403639039
              ],
              [
                121.24338427156707,
                25.118004438249464
              ],
              [
                121.24328518914561,
                25.118004438249464
              ],
              [
                121.24328518914561,
                25.117914840108543
              ],
              [
                121.24318610672415,
                25.117914840108543
              ],
              [
                121.24318610672415,
                25.117825241967623
              ],
              [
                121.24298794188124,
                25.117825241967623
              ],
              [
                121.24298794188124,
                25.1177356438267
              ],
              [
                121.24288885945978,
                25.1177356438267
              ],
              [
                121.24288885945978,
                25.117646045685778
              ],
              [
                121.24278977703833,
                25.117646045685778
              ],
              [
                121.24278977703833,
                25.117556447544853
              ],
              [
                121.24269069461688,
                25.117556447544853
              ],
              [
                121.24269069461688,
                25.117646045685778
              ],
              [
                121.24249252977397,
                25.117646045685778
              ],
              [
                121.24249252977397,
                25.117914840108543
              ],
              [
                121.24269069461688,
                25.117914840108543
              ],
              [
                121.24269069461688,
                25.11809403639039
              ],
              [
                121.24278977703833,
                25.11809403639039
              ],
              [
                121.24278977703833,
                25.11818363453131
              ],
              [
                121.24288885945978,
                25.11818363453131
              ],
              [
                121.24288885945978,
                25.118362830813155
              ],
              [
                121.24298794188124,
                25.118362830813155
              ],
              [
                121.24298794188124,
                25.118542027095
              ],
              [
                121.24288885945978,
                25.118542027095
              ],
              [
                121.24288885945978,
                25.11863162523592
              ],
              [
                121.24278977703833,
                25.11863162523592
              ],
              [
                121.24278977703833,
                25.118721223376845
              ],
              [
                121.24259161219543,
                25.118721223376845
              ],
              [
                121.24259161219543,
                25.118810821517766
              ],
              [
                121.24239344735251,
                25.118810821517766
              ],
              [
                121.24239344735251,
                25.118900419658686
              ],
              [
                121.24229436493106,
                25.118900419658686
              ],
              [
                121.24229436493106,
                25.11899001779961
              ],
              [
                121.24209620008814,
                25.11899001779961
              ],
              [
                121.24209620008814,
                25.11907961594053
              ],
              [
                121.24189803524523,
                25.11907961594053
              ],
              [
                121.24189803524523,
                25.119169214081456
              ],
              [
                121.24150170555941,
                25.119169214081456
              ],
              [
                121.24150170555941,
                25.11907961594053
              ],
              [
                121.24140262313796,
                25.11907961594053
              ],
              [
                121.24140262313796,
                25.118900419658686
              ],
              [
                121.2413035407165,
                25.118900419658686
              ],
              [
                121.2413035407165,
                25.118721223376845
              ],
              [
                121.24120445829504,
                25.118721223376845
              ],
              [
                121.24120445829504,
                25.11863162523592
              ],
              [
                121.2413035407165,
                25.11863162523592
              ],
              [
                121.2413035407165,
                25.118542027095
              ],
              [
                121.24110537587359,
                25.118542027095
              ],
              [
                121.24110537587359,
                25.11863162523592
              ],
              [
                121.24100629345213,
                25.11863162523592
              ],
              [
                121.24100629345213,
                25.1193484103633
              ],
              [
                121.24080812860923,
                25.1193484103633
              ],
              [
                121.24080812860923,
                25.119438008504222
              ],
              [
                121.24169987040233,
                25.119438008504222
              ],
              [
                121.24169987040233,
                25.119617204786067
              ],
              [
                121.24179895282379,
                25.119617204786067
              ],
              [
                121.24179895282379,
                25.119796401067912
              ],
              [
                121.24169987040233,
                25.119796401067912
              ],
              [
                121.24169987040233,
                25.120333989913444
              ],
              [
                121.24160078798087,
                25.120333989913444
              ],
              [
                121.24160078798087,
                25.1209611768999
              ],
              [
                121.24150170555941,
                25.1209611768999
              ],
              [
                121.24150170555941,
                25.121319569463587
              ],
              [
                121.24160078798087,
                25.121319569463587
              ],
              [
                121.24160078798087,
                25.121140373181746
              ],
              [
                121.24209620008814,
                25.121140373181746
              ],
              [
                121.24209620008814,
                25.121229971322666
              ],
              [
                121.24278977703833,
                25.121229971322666
              ],
              [
                121.24278977703833,
                25.121140373181746
              ],
              [
                121.24556408483907,
                25.121140373181746
              ],
              [
                121.24556408483907,
                25.1209611768999
              ],
              [
                121.24566316726053,
                25.1209611768999
              ],
              [
                121.24566316726053,
                25.120871578758976
              ],
              [
                121.24576224968199,
                25.120871578758976
              ],
              [
                121.24576224968199,
                25.120692382477134
              ],
              [
                121.24586133210344,
                25.120692382477134
              ],
              [
                121.24586133210344,
                25.12051318619529
              ],
              [
                121.2459604145249,
                25.12051318619529
              ],
              [
                121.2459604145249,
                25.120333989913444
              ],
              [
                121.24605949694636,
                25.120333989913444
              ],
              [
                121.24605949694636,
                25.1201547936316
              ],
              [
                121.24615857936782,
                25.1201547936316
              ],
              [
                121.24615857936782,
                25.120065195490678
              ],
              [
                121.24625766178927,
                25.120065195490678
              ],
              [
                121.24625766178927,
                25.119796401067912
              ],
              [
                121.24635674421073,
                25.119796401067912
              ],
              [
                121.24635674421073,
                25.119617204786067
              ],
              [
                121.24645582663217,
                25.119617204786067
              ],
              [
                121.24645582663217,
                25.119527606645143
              ],
              [
                121.24655490905363,
                25.119527606645143
              ],
              [
                121.24655490905363,
                25.1193484103633
              ],
              [
                121.24665399147509,
                25.1193484103633
              ],
              [
                121.24665399147509,
                25.119258812222377
              ],
              [
                121.24675307389654,
                25.119258812222377
              ],
              [
                121.24675307389654,
                25.119169214081456
              ],
              [
                121.24695123873946,
                25.119169214081456
              ],
              [
                121.24695123873946,
                25.11907961594053
              ],
              [
                121.24724848600383,
                25.11907961594053
              ],
              [
                121.24724848600383,
                25.11899001779961
              ],
              [
                121.24764481568964,
                25.11899001779961
              ],
              [
                121.24764481568964,
                25.118900419658686
              ],
              [
                121.2477438981111,
                25.118900419658686
              ],
              [
                121.2477438981111,
                25.118810821517766
              ],
              [
                121.24784298053255,
                25.118810821517766
              ],
              [
                121.24784298053255,
                25.118542027095
              ],
              [
                121.24794206295401,
                25.118542027095
              ],
              [
                121.24794206295401,
                25.118452428954075
              ],
              [
                121.24804114537547,
                25.118452428954075
              ],
              [
                121.24804114537547,
                25.118362830813155
              ],
              [
                121.24823931021837,
                25.118362830813155
              ],
              [
                121.24823931021837,
                25.118273232672234
              ],
              [
                121.24833839263982,
                25.118273232672234
              ],
              [
                121.24833839263982,
                25.11818363453131
              ],
              [
                121.24843747506128,
                25.11818363453131
              ],
              [
                121.24843747506128,
                25.11809403639039
              ],
              [
                121.24853655748274,
                25.11809403639039
              ],
              [
                121.24853655748274,
                25.118004438249464
              ],
              [
                121.24873472232565,
                25.118004438249464
              ],
              [
                121.24873472232565,
                25.117914840108543
              ],
              [
                121.24883380474711,
                25.117914840108543
              ],
              [
                121.24883380474711,
                25.117825241967623
              ],
              [
                121.24893288716856,
                25.117825241967623
              ],
              [
                121.24893288716856,
                25.1177356438267
              ],
              [
                121.24903196959002,
                25.1177356438267
              ],
              [
                121.24903196959002,
                25.117646045685778
              ],
              [
                121.24913105201146,
                25.117646045685778
              ],
              [
                121.24913105201146,
                25.1177356438267
              ],
              [
                121.24962646411875,
                25.1177356438267
              ],
              [
                121.24962646411875,
                25.118004438249464
              ],
              [
                121.2497255465402,
                25.118004438249464
              ],
              [
                121.2497255465402,
                25.11818363453131
              ],
              [
                121.24982462896166,
                25.11818363453131
              ],
              [
                121.24982462896166,
                25.119438008504222
              ],
              [
                121.24992371138312,
                25.119438008504222
              ],
              [
                121.24992371138312,
                25.119527606645143
              ],
              [
                121.25002279380456,
                25.119527606645143
              ],
              [
                121.25002279380456,
                25.119617204786067
              ],
              [
                121.24992371138312,
                25.119617204786067
              ],
              [
                121.24992371138312,
                25.119706802926988
              ],
              [
                121.24982462896166,
                25.119706802926988
              ],
              [
                121.24982462896166,
                25.119796401067912
              ],
              [
                121.2497255465402,
                25.119796401067912
              ],
              [
                121.2497255465402,
                25.119975597349754
              ],
              [
                121.24952738169729,
                25.119975597349754
              ],
              [
                121.24952738169729,
                25.120065195490678
              ],
              [
                121.24932921685438,
                25.120065195490678
              ],
              [
                121.24932921685438,
                25.1201547936316
              ],
              [
                121.24942829927583,
                25.1201547936316
              ],
              [
                121.24942829927583,
                25.120423588054365
              ],
              [
                121.24952738169729,
                25.120423588054365
              ],
              [
                121.24952738169729,
                25.12051318619529
              ],
              [
                121.24962646411875,
                25.12051318619529
              ],
              [
                121.24962646411875,
                25.120692382477134
              ],
              [
                121.2497255465402,
                25.120692382477134
              ],
              [
                121.2497255465402,
                25.120781980618055
              ],
              [
                121.24982462896166,
                25.120781980618055
              ],
              [
                121.24982462896166,
                25.12105077504082
              ],
              [
                121.24992371138312,
                25.12105077504082
              ],
              [
                121.24992371138312,
                25.121140373181746
              ],
              [
                121.25002279380456,
                25.121140373181746
              ],
              [
                121.25002279380456,
                25.121319569463587
              ],
              [
                121.25012187622602,
                25.121319569463587
              ],
              [
                121.25012187622602,
                25.12140916760451
              ],
              [
                121.25032004106893,
                25.12140916760451
              ],
              [
                121.25032004106893,
                25.121498765745432
              ],
              [
                121.25051820591185,
                25.121498765745432
              ],
              [
                121.25051820591185,
                25.12140916760451
              ],
              [
                121.25091453559767,
                25.12140916760451
              ],
              [
                121.25091453559767,
                25.121319569463587
              ],
              [
                121.25131086528349,
                25.121319569463587
              ],
              [
                121.25131086528349,
                25.121229971322666
              ],
              [
                121.25190535981221,
                25.121229971322666
              ],
              [
                121.25190535981221,
                25.121140373181746
              ],
              [
                121.25249985434095,
                25.121140373181746
              ],
              [
                121.25249985434095,
                25.12105077504082
              ],
              [
                121.25309434886968,
                25.12105077504082
              ],
              [
                121.25309434886968,
                25.1209611768999
              ],
              [
                121.25378792581986,
                25.1209611768999
              ],
              [
                121.25378792581986,
                25.120871578758976
              ],
              [
                121.25428333792715,
                25.120871578758976
              ],
              [
                121.25428333792715,
                25.120781980618055
              ],
              [
                121.25557140940606,
                25.120781980618055
              ],
              [
                121.25557140940606,
                25.120692382477134
              ],
              [
                121.25606682151334,
                25.120692382477134
              ],
              [
                121.25606682151334,
                25.12060278433621
              ],
              [
                121.25685948088498,
                25.12060278433621
              ],
              [
                121.25685948088498,
                25.12051318619529
              ],
              [
                121.25735489299225,
                25.12051318619529
              ],
              [
                121.25735489299225,
                25.12060278433621
              ],
              [
                121.25765214025662,
                25.12060278433621
              ],
              [
                121.25765214025662,
                25.120692382477134
              ],
              [
                121.257949387521,
                25.120692382477134
              ],
              [
                121.257949387521,
                25.120781980618055
              ],
              [
                121.2581475523639,
                25.120781980618055
              ],
              [
                121.2581475523639,
                25.120871578758976
              ],
              [
                121.25834571720681,
                25.120871578758976
              ],
              [
                121.25834571720681,
                25.1209611768999
              ],
              [
                121.25844479962826,
                25.1209611768999
              ],
              [
                121.25844479962826,
                25.12105077504082
              ],
              [
                121.25864296447118,
                25.12105077504082
              ],
              [
                121.25864296447118,
                25.121140373181746
              ],
              [
                121.25874204689264,
                25.121140373181746
              ],
              [
                121.25874204689264,
                25.121319569463587
              ],
              [
                121.25884112931409,
                25.121319569463587
              ],
              [
                121.25884112931409,
                25.12140916760451
              ],
              [
                121.25894021173555,
                25.12140916760451
              ],
              [
                121.25894021173555,
                25.121588363886357
              ],
              [
                121.2592374589999,
                25.121588363886357
              ],
              [
                121.2592374589999,
                25.121677962027277
              ],
              [
                121.25953470626428,
                25.121677962027277
              ],
              [
                121.25953470626428,
                25.1217675601682
              ],
              [
                121.2599310359501,
                25.1217675601682
              ],
              [
                121.2599310359501,
                25.121857158309123
              ],
              [
                121.260129200793,
                25.121857158309123
              ],
              [
                121.260129200793,
                25.121946756450043
              ],
              [
                121.26062461290029,
                25.121946756450043
              ],
              [
                121.26062461290029,
                25.121857158309123
              ],
              [
                121.2610209425861,
                25.121857158309123
              ],
              [
                121.2610209425861,
                25.1217675601682
              ],
              [
                121.26131818985047,
                25.1217675601682
              ],
              [
                121.26131818985047,
                25.121677962027277
              ],
              [
                121.26141727227193,
                25.121677962027277
              ],
              [
                121.26141727227193,
                25.121588363886357
              ],
              [
                121.2617145195363,
                25.121588363886357
              ],
              [
                121.2617145195363,
                25.121498765745432
              ],
              [
                121.26201176680065,
                25.121498765745432
              ],
              [
                121.26201176680065,
                25.12140916760451
              ],
              [
                121.26270534375084,
                25.12140916760451
              ],
              [
                121.26270534375084,
                25.121319569463587
              ],
              [
                121.26320075585812,
                25.121319569463587
              ],
              [
                121.26320075585812,
                25.121229971322666
              ],
              [
                121.26359708554394,
                25.121229971322666
              ],
              [
                121.26359708554394,
                25.121140373181746
              ],
              [
                121.26399341522976,
                25.121140373181746
              ],
              [
                121.26399341522976,
                25.12105077504082
              ],
              [
                121.26429066249413,
                25.12105077504082
              ],
              [
                121.26429066249413,
                25.1209611768999
              ],
              [
                121.26468699217995,
                25.1209611768999
              ],
              [
                121.26468699217995,
                25.120871578758976
              ],
              [
                121.26498423944432,
                25.120871578758976
              ],
              [
                121.26498423944432,
                25.120781980618055
              ],
              [
                121.26528148670869,
                25.120781980618055
              ],
              [
                121.26528148670869,
                25.120692382477134
              ],
              [
                121.26547965155159,
                25.120692382477134
              ],
              [
                121.26547965155159,
                25.12060278433621
              ],
              [
                121.2656778163945,
                25.12060278433621
              ],
              [
                121.2656778163945,
                25.12051318619529
              ],
              [
                121.26597506365887,
                25.12051318619529
              ],
              [
                121.26597506365887,
                25.120423588054365
              ],
              [
                121.26617322850178,
                25.120423588054365
              ],
              [
                121.26617322850178,
                25.120333989913444
              ],
              [
                121.26637139334468,
                25.120333989913444
              ],
              [
                121.26637139334468,
                25.120244391772523
              ],
              [
                121.2665695581876,
                25.120244391772523
              ],
              [
                121.2665695581876,
                25.1201547936316
              ],
              [
                121.26686680545197,
                25.1201547936316
              ],
              [
                121.26686680545197,
                25.120065195490678
              ],
              [
                121.26706497029488,
                25.120065195490678
              ],
              [
                121.26706497029488,
                25.119975597349754
              ],
              [
                121.26726313513778,
                25.119975597349754
              ],
              [
                121.26726313513778,
                25.119885999208833
              ],
              [
                121.2674612999807,
                25.119885999208833
              ],
              [
                121.2674612999807,
                25.119796401067912
              ],
              [
                121.26765946482361,
                25.119796401067912
              ],
              [
                121.26765946482361,
                25.119706802926988
              ],
              [
                121.26785762966652,
                25.119706802926988
              ],
              [
                121.26785762966652,
                25.119617204786067
              ],
              [
                121.26805579450944,
                25.119617204786067
              ],
              [
                121.26805579450944,
                25.119527606645143
              ],
              [
                121.26825395935234,
                25.119527606645143
              ],
              [
                121.26825395935234,
                25.119438008504222
              ],
              [
                121.2685512066167,
                25.119438008504222
              ],
              [
                121.2685512066167,
                25.1193484103633
              ],
              [
                121.26894753630253,
                25.1193484103633
              ],
              [
                121.26894753630253,
                25.119258812222377
              ],
              [
                121.26904661872398,
                25.119258812222377
              ],
              [
                121.26904661872398,
                25.119169214081456
              ],
              [
                121.26924478356689,
                25.119169214081456
              ],
              [
                121.26924478356689,
                25.11907961594053
              ],
              [
                121.26954203083126,
                25.11907961594053
              ],
              [
                121.26954203083126,
                25.11899001779961
              ],
              [
                121.27003744293853,
                25.11899001779961
              ],
              [
                121.27003744293853,
                25.118900419658686
              ],
              [
                121.27013652535999,
                25.118900419658686
              ],
              [
                121.27013652535999,
                25.121140373181746
              ],
              [
                121.27003744293853,
                25.121140373181746
              ],
              [
                121.27003744293853,
                25.12293233600019
              ],
              [
                121.27043377262436,
                25.12293233600019
              ],
              [
                121.27043377262436,
                25.122842737859266
              ],
              [
                121.271226431996,
                25.122842737859266
              ],
              [
                121.271226431996,
                25.1249930932414
              ],
              [
                121.149355053606,
                25.1249930932414
              ]
            ],
            [
              [
                121.23961913955176,
                25.123111532282035
              ],
              [
                121.23981730439468,
                25.123111532282035
              ],
              [
                121.23981730439468,
                25.12302193414111
              ],
              [
                121.23991638681613,
                25.12302193414111
              ],
              [
                121.23991638681613,
                25.122842737859266
              ],
              [
                121.23981730439468,
                25.122842737859266
              ],
              [
                121.23981730439468,
                25.12293233600019
              ],
              [
                121.23971822197322,
                25.12293233600019
              ],
              [
                121.23971822197322,
                25.12302193414111
              ],
              [
                121.23961913955176,
                25.12302193414111
              ],
              [
                121.23961913955176,
                25.123111532282035
              ]
            ],
            [
              [
                121.24031271650195,
                25.12248434529558
              ],
              [
                121.24051088134486,
                25.12248434529558
              ],
              [
                121.24051088134486,
                25.122394747154654
              ],
              [
                121.24060996376632,
                25.122394747154654
              ],
              [
                121.24060996376632,
                25.122305149013734
              ],
              [
                121.24080812860923,
                25.122305149013734
              ],
              [
                121.24080812860923,
                25.12221555087281
              ],
              [
                121.24051088134486,
                25.12221555087281
              ],
              [
                121.24051088134486,
                25.122305149013734
              ],
              [
                121.2404117989234,
                25.122305149013734
              ],
              [
                121.2404117989234,
                25.122394747154654
              ],
              [
                121.24031271650195,
                25.122394747154654
              ],
              [
                121.24031271650195,
                25.12248434529558
              ]
            ],
            [
              [
                121.24080812860923,
                25.12221555087281
              ],
              [
                121.24110537587359,
                25.12221555087281
              ],
              [
                121.24110537587359,
                25.12212595273189
              ],
              [
                121.2413035407165,
                25.12212595273189
              ],
              [
                121.2413035407165,
                25.122036354590968
              ],
              [
                121.24100629345213,
                25.122036354590968
              ],
              [
                121.24100629345213,
                25.12212595273189
              ],
              [
                121.24080812860923,
                25.12212595273189
              ],
              [
                121.24080812860923,
                25.12221555087281
              ]
            ],
            [
              [
                121.2413035407165,
                25.122036354590968
              ],
              [
                121.24140262313796,
                25.122036354590968
              ],
              [
                121.24140262313796,
                25.121946756450043
              ],
              [
                121.2413035407165,
                25.121946756450043
              ],
              [
                121.2413035407165,
                25.122036354590968
              ]
            ],
            [
              [
                121.24140262313796,
                25.121857158309123
              ],
              [
                121.24150170555941,
                25.121857158309123
              ],
              [
                121.24150170555941,
                25.12140916760451
              ],
              [
                121.24140262313796,
                25.12140916760451
              ],
              [
                121.24140262313796,
                25.121857158309123
              ]
            ],
            [
              [
                121.2413035407165,
                25.118542027095
              ],
              [
                121.24150170555941,
                25.118542027095
              ],
              [
                121.24150170555941,
                25.118452428954075
              ],
              [
                121.2413035407165,
                25.118452428954075
              ],
              [
                121.2413035407165,
                25.118542027095
              ]
            ],
            [
              [
                121.24150170555941,
                25.118452428954075
              ],
              [
                121.24160078798087,
                25.118452428954075
              ],
              [
                121.24160078798087,
                25.118362830813155
              ],
              [
                121.24150170555941,
                25.118362830813155
              ],
              [
                121.24150170555941,
                25.118452428954075
              ]
            ],
            [
              [
                121.24209620008814,
                25.11818363453131
              ],
              [
                121.2421952825096,
                25.11818363453131
              ],
              [
                121.2421952825096,
                25.11809403639039
              ],
              [
                121.24209620008814,
                25.11809403639039
              ],
              [
                121.24209620008814,
                25.11818363453131
              ]
            ],
            [
              [
                121.2421952825096,
                25.11809403639039
              ],
              [
                121.24229436493106,
                25.11809403639039
              ],
              [
                121.24229436493106,
                25.118004438249464
              ],
              [
                121.2421952825096,
                25.118004438249464
              ],
              [
                121.2421952825096,
                25.11809403639039
              ]
            ],
            [
              [
                121.24229436493106,
                25.118004438249464
              ],
              [
                121.24249252977397,
                25.118004438249464
              ],
              [
                121.24249252977397,
                25.117914840108543
              ],
              [
                121.24229436493106,
                25.117914840108543
              ],
              [
                121.24229436493106,
                25.118004438249464
              ]
            ],
            [
              [
                121.24239344735251,
                25.117198054981166
              ],
              [
                121.24249252977397,
                25.117198054981166
              ],
              [
                121.24249252977397,
                25.117108456840242
              ],
              [
                121.24239344735251,
                25.117108456840242
              ],
              [
                121.24239344735251,
                25.117198054981166
              ]
            ],
            [
              [
                121.24150170555941,
                25.1161228772901
              ],
              [
                121.24160078798087,
                25.1161228772901
              ],
              [
                121.24160078798087,
                25.11603327914918
              ],
              [
                121.24150170555941,
                25.11603327914918
              ],
              [
                121.24150170555941,
                25.1161228772901
              ]
            ],
            [
              [
                121.19285223662487,
                25.09587369744167
              ],
              [
                121.19295131904633,
                25.09587369744167
              ],
              [
                121.19295131904633,
                25.09569450115983
              ],
              [
                121.19285223662487,
                25.09569450115983
              ],
              [
                121.19285223662487,
                25.09587369744167
              ]
            ],
            [
              [
                121.19295131904633,
                25.095604903018906
              ],
              [
                121.19305040146779,
                25.095604903018906
              ],
              [
                121.19305040146779,
                25.09542570673706
              ],
              [
                121.19295131904633,
                25.09542570673706
              ],
              [
                121.19295131904633,
                25.095604903018906
              ]
            ]
          ]
        ]
      }
    },
    {
      "type": "Feature",
      "properties": {
        "type": "permanent_ocean",
        "label": "永久海域"
      },
      "geometry": {
        "type": "MultiPolygon",
        "coordinates": [
          [
            [
              [
                121.24110537587359,
                25.122753139718345
              ],
              [
                121.24110537587359,
                25.1225739434365
              ],
              [
                121.24120445829504,
                25.1225739434365
              ],
              [
                121.24120445829504,
                25.122753139718345
              ],
              [
                121.24110537587359,
                25.122753139718345
              ]
            ]
          ],
          [
            [
              [
                121.25695856330644,
                25.1249930932414
              ],
              [
                121.25695856330644,
                25.12490349510048
              ],
              [
                121.2570576457279,
                25.12490349510048
              ],
              [
                121.2570576457279,
                25.124813896959555
              ],
              [
                121.25715672814935,
                25.124813896959555
              ],
              [
                121.25715672814935,
                25.124724298818634
              ],
              [
                121.25735489299225,
                25.124724298818634
              ],
              [
                121.25735489299225,
                25.12463470067771
              ],
              [
                121.25755305783517,
                25.12463470067771
              ],
              [
                121.25755305783517,
                25.12454510253679
              ],
              [
                121.25775122267808,
                25.12454510253679
              ],
              [
                121.25775122267808,
                25.12445550439587
              ],
              [
                121.257949387521,
                25.12445550439587
              ],
              [
                121.257949387521,
                25.124365906254944
              ],
              [
                121.2581475523639,
                25.124365906254944
              ],
              [
                121.2581475523639,
                25.124276308114023
              ],
              [
                121.25824663478535,
                25.124276308114023
              ],
              [
                121.25824663478535,
                25.1241867099731
              ],
              [
                121.25844479962826,
                25.1241867099731
              ],
              [
                121.25844479962826,
                25.124097111832178
              ],
              [
                121.25854388204972,
                25.124097111832178
              ],
              [
                121.25854388204972,
                25.124007513691257
              ],
              [
                121.25864296447118,
                25.124007513691257
              ],
              [
                121.25864296447118,
                25.123917915550333
              ],
              [
                121.25884112931409,
                25.123917915550333
              ],
              [
                121.25884112931409,
                25.123828317409412
              ],
              [
                121.25894021173555,
                25.123828317409412
              ],
              [
                121.25894021173555,
                25.123738719268488
              ],
              [
                121.25903929415699,
                25.123738719268488
              ],
              [
                121.25903929415699,
                25.123649121127567
              ],
              [
                121.25913837657845,
                25.123649121127567
              ],
              [
                121.25913837657845,
                25.123559522986646
              ],
              [
                121.2592374589999,
                25.123559522986646
              ],
              [
                121.2592374589999,
                25.123469924845722
              ],
              [
                121.25933654142136,
                25.123469924845722
              ],
              [
                121.25933654142136,
                25.1233803267048
              ],
              [
                121.25943562384282,
                25.1233803267048
              ],
              [
                121.25943562384282,
                25.123201130422956
              ],
              [
                121.25953470626428,
                25.123201130422956
              ],
              [
                121.25953470626428,
                25.123111532282035
              ],
              [
                121.25963378868573,
                25.123111532282035
              ],
              [
                121.25963378868573,
                25.12302193414111
              ],
              [
                121.25973287110719,
                25.12302193414111
              ],
              [
                121.25973287110719,
                25.12293233600019
              ],
              [
                121.25983195352865,
                25.12293233600019
              ],
              [
                121.25983195352865,
                25.122842737859266
              ],
              [
                121.2599310359501,
                25.122842737859266
              ],
              [
                121.2599310359501,
                25.122753139718345
              ],
              [
                121.260129200793,
                25.122753139718345
              ],
              [
                121.260129200793,
                25.12266354157742
              ],
              [
                121.26032736563592,
                25.12266354157742
              ],
              [
                121.26032736563592,
                25.1225739434365
              ],
              [
                121.2610209425861,
                25.1225739434365
              ],
              [
                121.2610209425861,
                25.12248434529558
              ],
              [
                121.26508332186577,
                25.12248434529558
              ],
              [
                121.26508332186577,
                25.1225739434365
              ],
              [
                121.26835304177379,
                25.1225739434365
              ],
              [
                121.26835304177379,
                25.12266354157742
              ],
              [
                121.26924478356689,
                25.12266354157742
              ],
              [
                121.26924478356689,
                25.1225739434365
              ],
              [
                121.27003744293853,
                25.1225739434365
              ],
              [
                121.27003744293853,
                25.1249930932414
              ],
              [
                121.25695856330644,
                25.1249930932414
              ]
            ]
          ],
          [
            [
              [
                121.25973287110719,
                25.12248434529558
              ],
              [
                121.25973287110719,
                25.12221555087281
              ],
              [
                121.260129200793,
                25.12221555087281
              ],
              [
                121.260129200793,
                25.12248434529558
              ],
              [
                121.25973287110719,
                25.12248434529558
              ]
            ]
          ],
          [
            [
              [
                121.24001546923759,
                25.122305149013734
              ],
              [
                121.24001546923759,
                25.12221555087281
              ],
              [
                121.24011455165903,
                25.12221555087281
              ],
              [
                121.24011455165903,
                25.122305149013734
              ],
              [
                121.24001546923759,
                25.122305149013734
              ]
            ]
          ],
          [
            [
              [
                121.24169987040233,
                25.12212595273189
              ],
              [
                121.24169987040233,
                25.1217675601682
              ],
              [
                121.24160078798087,
                25.1217675601682
              ],
              [
                121.24160078798087,
                25.121677962027277
              ],
              [
                121.24179895282379,
                25.121677962027277
              ],
              [
                121.24179895282379,
                25.12212595273189
              ],
              [
                121.24169987040233,
                25.12212595273189
              ]
            ]
          ],
          [
            [
              [
                121.25755305783517,
                25.121229971322666
              ],
              [
                121.25755305783517,
                25.121140373181746
              ],
              [
                121.25775122267808,
                25.121140373181746
              ],
              [
                121.25775122267808,
                25.121229971322666
              ],
              [
                121.25755305783517,
                25.121229971322666
              ]
            ]
          ],
          [
            [
              [
                121.26587598123741,
                25.12060278433621
              ],
              [
                121.26587598123741,
                25.12051318619529
              ],
              [
                121.26607414608033,
                25.12051318619529
              ],
              [
                121.26607414608033,
                25.12060278433621
              ],
              [
                121.26587598123741,
                25.12060278433621
              ]
            ]
          ],
          [
            [
              [
                121.2111824845941,
                25.108327839029865
              ],
              [
                121.2111824845941,
                25.10823824088894
              ],
              [
                121.21108340217265,
                25.10823824088894
              ],
              [
                121.21108340217265,
                25.1080590446071
              ],
              [
                121.2111824845941,
                25.1080590446071
              ],
              [
                121.2111824845941,
                25.10814864274802
              ],
              [
                121.21128156701555,
                25.10814864274802
              ],
              [
                121.21128156701555,
                25.10823824088894
              ],
              [
                121.211380649437,
                25.10823824088894
              ],
              [
                121.211380649437,
                25.108327839029865
              ],
              [
                121.2111824845941,
                25.108327839029865
              ]
            ]
          ],
          [
            [
              [
                121.20513845688532,
                25.105191904097587
              ],
              [
                121.20513845688532,
                25.105102305956663
              ],
              [
                121.20503937446387,
                25.105102305956663
              ],
              [
                121.20503937446387,
                25.104923109674818
              ],
              [
                121.20513845688532,
                25.104923109674818
              ],
              [
                121.20513845688532,
                25.105012707815742
              ],
              [
                121.20533662172824,
                25.105012707815742
              ],
              [
                121.20533662172824,
                25.105102305956663
              ],
              [
                121.20523753930678,
                25.105102305956663
              ],
              [
                121.20523753930678,
                25.105191904097587
              ],
              [
                121.20513845688532,
                25.105191904097587
              ]
            ]
          ],
          [
            [
              [
                121.2045439623566,
                25.104923109674818
              ],
              [
                121.2045439623566,
                25.104743913392976
              ],
              [
                121.20474212719951,
                25.104743913392976
              ],
              [
                121.20474212719951,
                25.104923109674818
              ],
              [
                121.2045439623566,
                25.104923109674818
              ]
            ]
          ],
          [
            [
              [
                121.20176965455585,
                25.103937530124675
              ],
              [
                121.20176965455585,
                25.10384793198375
              ],
              [
                121.2018687369773,
                25.10384793198375
              ],
              [
                121.2018687369773,
                25.103937530124675
              ],
              [
                121.20176965455585,
                25.103937530124675
              ]
            ]
          ],
          [
            [
              [
                121.20127424244856,
                25.10375833384283
              ],
              [
                121.20127424244856,
                25.103579137560985
              ],
              [
                121.2018687369773,
                25.103579137560985
              ],
              [
                121.2018687369773,
                25.10366873570191
              ],
              [
                121.20176965455585,
                25.10366873570191
              ],
              [
                121.20176965455585,
                25.10375833384283
              ],
              [
                121.20127424244856,
                25.10375833384283
              ]
            ]
          ],
          [
            [
              [
                121.20038250065546,
                25.103220744997298
              ],
              [
                121.20038250065546,
                25.103131146856374
              ],
              [
                121.20028341823402,
                25.103131146856374
              ],
              [
                121.20028341823402,
                25.103041548715453
              ],
              [
                121.20058066549838,
                25.103041548715453
              ],
              [
                121.20058066549838,
                25.103220744997298
              ],
              [
                121.20038250065546,
                25.103220744997298
              ]
            ]
          ],
          [
            [
              [
                121.19968892370528,
                25.10295195057453
              ],
              [
                121.19968892370528,
                25.102772754292687
              ],
              [
                121.19978800612674,
                25.102772754292687
              ],
              [
                121.19978800612674,
                25.102862352433608
              ],
              [
                121.19998617096965,
                25.102862352433608
              ],
              [
                121.19998617096965,
                25.10295195057453
              ],
              [
                121.19968892370528,
                25.10295195057453
              ]
            ]
          ],
          [
            [
              [
                121.19849993464783,
                25.102503959869917
              ],
              [
                121.19849993464783,
                25.102414361728997
              ],
              [
                121.19830176980491,
                25.102414361728997
              ],
              [
                121.19830176980491,
                25.10223516544715
              ],
              [
                121.19840085222637,
                25.10223516544715
              ],
              [
                121.19840085222637,
                25.102324763588076
              ],
              [
                121.19859901706927,
                25.102324763588076
              ],
              [
                121.19859901706927,
                25.102503959869917
              ],
              [
                121.19849993464783,
                25.102503959869917
              ]
            ]
          ],
          [
            [
              [
                121.1963201213758,
                25.101607978460695
              ],
              [
                121.1963201213758,
                25.101518380319774
              ],
              [
                121.19622103895435,
                25.101518380319774
              ],
              [
                121.19622103895435,
                25.101428782178854
              ],
              [
                121.19641920379726,
                25.101428782178854
              ],
              [
                121.19641920379726,
                25.10133918403793
              ],
              [
                121.19661736864018,
                25.10133918403793
              ],
              [
                121.19661736864018,
                25.10124958589701
              ],
              [
                121.19681553348308,
                25.10124958589701
              ],
              [
                121.19681553348308,
                25.10133918403793
              ],
              [
                121.19691461590453,
                25.10133918403793
              ],
              [
                121.19691461590453,
                25.101428782178854
              ],
              [
                121.19701369832599,
                25.101428782178854
              ],
              [
                121.19701369832599,
                25.101518380319774
              ],
              [
                121.19711278074745,
                25.101518380319774
              ],
              [
                121.19711278074745,
                25.101607978460695
              ],
              [
                121.19671645106163,
                25.101607978460695
              ],
              [
                121.19671645106163,
                25.101518380319774
              ],
              [
                121.19661736864018,
                25.101518380319774
              ],
              [
                121.19661736864018,
                25.101607978460695
              ],
              [
                121.1963201213758,
                25.101607978460695
              ]
            ]
          ],
          [
            [
              [
                121.19602287411143,
                25.10053280076963
              ],
              [
                121.19602287411143,
                25.100443202628707
              ],
              [
                121.19592379168998,
                25.100443202628707
              ],
              [
                121.19592379168998,
                25.100264006346862
              ],
              [
                121.19612195653289,
                25.100264006346862
              ],
              [
                121.19612195653289,
                25.10053280076963
              ],
              [
                121.19602287411143,
                25.10053280076963
              ]
            ]
          ],
          [
            [
              [
                121.19453663778961,
                25.099099230514874
              ],
              [
                121.19453663778961,
                25.09892003423303
              ],
              [
                121.19473480263252,
                25.09892003423303
              ],
              [
                121.19473480263252,
                25.099009632373953
              ],
              [
                121.19463572021107,
                25.099009632373953
              ],
              [
                121.19463572021107,
                25.099099230514874
              ],
              [
                121.19453663778961,
                25.099099230514874
              ]
            ]
          ],
          [
            [
              [
                121.19443755536815,
                25.09892003423303
              ],
              [
                121.19443755536815,
                25.098830436092108
              ],
              [
                121.19453663778961,
                25.098830436092108
              ],
              [
                121.19453663778961,
                25.09892003423303
              ],
              [
                121.19443755536815,
                25.09892003423303
              ]
            ]
          ],
          [
            [
              [
                121.19205957725323,
                25.09766566026012
              ],
              [
                121.19205957725323,
                25.097486463978274
              ],
              [
                121.19215865967469,
                25.097486463978274
              ],
              [
                121.19215865967469,
                25.09766566026012
              ],
              [
                121.19205957725323,
                25.09766566026012
              ]
            ]
          ],
          [
            [
              [
                121.18978068155975,
                25.096590482569052
              ],
              [
                121.18978068155975,
                25.096411286287207
              ],
              [
                121.19007792882412,
                25.096411286287207
              ],
              [
                121.19007792882412,
                25.096590482569052
              ],
              [
                121.18978068155975,
                25.096590482569052
              ]
            ]
          ],
          [
            [
              [
                121.18938435187394,
                25.096321688146283
              ],
              [
                121.18938435187394,
                25.096232090005362
              ],
              [
                121.18928526945248,
                25.096232090005362
              ],
              [
                121.18928526945248,
                25.096052893723517
              ],
              [
                121.18938435187394,
                25.096052893723517
              ],
              [
                121.18938435187394,
                25.09578409930075
              ],
              [
                121.1894834342954,
                25.09578409930075
              ],
              [
                121.1894834342954,
                25.09569450115983
              ],
              [
                121.18958251671684,
                25.09569450115983
              ],
              [
                121.18958251671684,
                25.09542570673706
              ],
              [
                121.1894834342954,
                25.09542570673706
              ],
              [
                121.1894834342954,
                25.09533610859614
              ],
              [
                121.18958251671684,
                25.09533610859614
              ],
              [
                121.18958251671684,
                25.095067314173374
              ],
              [
                121.1896815991383,
                25.095067314173374
              ],
              [
                121.1896815991383,
                25.095156912314295
              ],
              [
                121.18978068155975,
                25.095156912314295
              ],
              [
                121.18978068155975,
                25.09533610859614
              ],
              [
                121.18987976398121,
                25.09533610859614
              ],
              [
                121.18987976398121,
                25.095515304877985
              ],
              [
                121.18997884640267,
                25.095515304877985
              ],
              [
                121.18997884640267,
                25.09569450115983
              ],
              [
                121.18987976398121,
                25.09569450115983
              ],
              [
                121.18987976398121,
                25.09587369744167
              ],
              [
                121.18978068155975,
                25.09587369744167
              ],
              [
                121.18978068155975,
                25.095963295582596
              ],
              [
                121.1896815991383,
                25.095963295582596
              ],
              [
                121.1896815991383,
                25.096052893723517
              ],
              [
                121.18958251671684,
                25.096052893723517
              ],
              [
                121.18958251671684,
                25.09614249186444
              ],
              [
                121.1894834342954,
                25.09614249186444
              ],
              [
                121.1894834342954,
                25.096321688146283
              ],
              [
                121.18938435187394,
                25.096321688146283
              ]
            ]
          ],
          [
            [
              [
                121.149355053606,
                25.1249930932414
              ],
              [
                121.149355053606,
                25.083957144699017
              ],
              [
                121.15262477351402,
                25.083957144699017
              ],
              [
                121.15262477351402,
                25.083867546558093
              ],
              [
                121.1549036692075,
                25.083867546558093
              ],
              [
                121.1549036692075,
                25.083777948417172
              ],
              [
                121.15629082310787,
                25.083777948417172
              ],
              [
                121.15629082310787,
                25.083867546558093
              ],
              [
                121.15638990552932,
                25.083867546558093
              ],
              [
                121.15638990552932,
                25.083957144699017
              ],
              [
                121.15648898795078,
                25.083957144699017
              ],
              [
                121.15648898795078,
                25.08413634098086
              ],
              [
                121.15658807037224,
                25.08413634098086
              ],
              [
                121.15658807037224,
                25.084225939121783
              ],
              [
                121.1566871527937,
                25.084225939121783
              ],
              [
                121.1566871527937,
                25.084405135403628
              ],
              [
                121.15678623521515,
                25.084405135403628
              ],
              [
                121.15678623521515,
                25.08449473354455
              ],
              [
                121.15688531763661,
                25.08449473354455
              ],
              [
                121.15688531763661,
                25.084673929826394
              ],
              [
                121.15698440005806,
                25.084673929826394
              ],
              [
                121.15698440005806,
                25.08485312610824
              ],
              [
                121.1570834824795,
                25.08485312610824
              ],
              [
                121.1570834824795,
                25.085032322390084
              ],
              [
                121.15718256490096,
                25.085032322390084
              ],
              [
                121.15718256490096,
                25.08530111681285
              ],
              [
                121.15728164732242,
                25.08530111681285
              ],
              [
                121.15728164732242,
                25.085480313094696
              ],
              [
                121.15738072974388,
                25.085480313094696
              ],
              [
                121.15738072974388,
                25.08574910751746
              ],
              [
                121.15747981216533,
                25.08574910751746
              ],
              [
                121.15747981216533,
                25.085928303799307
              ],
              [
                121.15757889458679,
                25.085928303799307
              ],
              [
                121.15757889458679,
                25.086107500081148
              ],
              [
                121.15767797700825,
                25.086107500081148
              ],
              [
                121.15767797700825,
                25.086286696362993
              ],
              [
                121.1577770594297,
                25.086286696362993
              ],
              [
                121.1577770594297,
                25.08646589264484
              ],
              [
                121.15787614185116,
                25.08646589264484
              ],
              [
                121.15787614185116,
                25.086645088926684
              ],
              [
                121.1579752242726,
                25.086645088926684
              ],
              [
                121.1579752242726,
                25.08682428520853
              ],
              [
                121.15807430669406,
                25.08682428520853
              ],
              [
                121.15807430669406,
                25.08691388334945
              ],
              [
                121.15817338911552,
                25.08691388334945
              ],
              [
                121.15817338911552,
                25.08700348149037
              ],
              [
                121.15827247153697,
                25.08700348149037
              ],
              [
                121.15827247153697,
                25.087182677772216
              ],
              [
                121.15837155395843,
                25.087182677772216
              ],
              [
                121.15837155395843,
                25.08727227591314
              ],
              [
                121.15847063637989,
                25.08727227591314
              ],
              [
                121.15847063637989,
                25.08736187405406
              ],
              [
                121.15856971880135,
                25.08736187405406
              ],
              [
                121.15856971880135,
                25.08745147219498
              ],
              [
                121.1586688012228,
                25.08745147219498
              ],
              [
                121.1586688012228,
                25.087541070335906
              ],
              [
                121.15876788364426,
                25.087541070335906
              ],
              [
                121.15876788364426,
                25.087630668476827
              ],
              [
                121.1588669660657,
                25.087630668476827
              ],
              [
                121.1588669660657,
                25.08772026661775
              ],
              [
                121.15896604848716,
                25.08772026661775
              ],
              [
                121.15896604848716,
                25.087809864758672
              ],
              [
                121.15906513090862,
                25.087809864758672
              ],
              [
                121.15906513090862,
                25.087899462899593
              ],
              [
                121.15926329575153,
                25.087899462899593
              ],
              [
                121.15926329575153,
                25.087989061040517
              ],
              [
                121.15936237817299,
                25.087989061040517
              ],
              [
                121.15936237817299,
                25.088078659181438
              ],
              [
                121.1595605430159,
                25.088078659181438
              ],
              [
                121.1595605430159,
                25.088168257322362
              ],
              [
                121.15965962543736,
                25.088168257322362
              ],
              [
                121.15965962543736,
                25.088257855463283
              ],
              [
                121.15985779028026,
                25.088257855463283
              ],
              [
                121.15985779028026,
                25.088347453604204
              ],
              [
                121.16005595512317,
                25.088347453604204
              ],
              [
                121.16005595512317,
                25.088437051745128
              ],
              [
                121.16025411996608,
                25.088437051745128
              ],
              [
                121.16025411996608,
                25.08852664988605
              ],
              [
                121.16174035628791,
                25.08852664988605
              ],
              [
                121.16174035628791,
                25.088616248026973
              ],
              [
                121.16372200471702,
                25.088616248026973
              ],
              [
                121.16372200471702,
                25.088705846167894
              ],
              [
                121.16560457072467,
                25.088705846167894
              ],
              [
                121.16560457072467,
                25.08879544430882
              ],
              [
                121.16709080704649,
                25.08879544430882
              ],
              [
                121.16709080704649,
                25.08888504244974
              ],
              [
                121.16847796094687,
                25.08888504244974
              ],
              [
                121.16847796094687,
                25.08897464059066
              ],
              [
                121.16897337305414,
                25.08897464059066
              ],
              [
                121.16897337305414,
                25.089064238731584
              ],
              [
                121.16927062031851,
                25.089064238731584
              ],
              [
                121.16927062031851,
                25.089153836872505
              ],
              [
                121.16956786758288,
                25.089153836872505
              ],
              [
                121.16956786758288,
                25.08924343501343
              ],
              [
                121.16976603242578,
                25.08924343501343
              ],
              [
                121.16976603242578,
                25.08933303315435
              ],
              [
                121.1699641972687,
                25.08933303315435
              ],
              [
                121.1699641972687,
                25.08942263129527
              ],
              [
                121.17016236211161,
                25.08942263129527
              ],
              [
                121.17016236211161,
                25.089512229436195
              ],
              [
                121.17026144453307,
                25.089512229436195
              ],
              [
                121.17026144453307,
                25.089601827577116
              ],
              [
                121.17045960937598,
                25.089601827577116
              ],
              [
                121.17045960937598,
                25.08969142571804
              ],
              [
                121.17055869179744,
                25.08969142571804
              ],
              [
                121.17055869179744,
                25.08978102385896
              ],
              [
                121.17065777421888,
                25.08978102385896
              ],
              [
                121.17065777421888,
                25.089870621999882
              ],
              [
                121.17075685664034,
                25.089870621999882
              ],
              [
                121.17075685664034,
                25.089960220140807
              ],
              [
                121.1708559390618,
                25.089960220140807
              ],
              [
                121.1708559390618,
                25.090049818281727
              ],
              [
                121.17095502148325,
                25.090049818281727
              ],
              [
                121.17095502148325,
                25.09013941642265
              ],
              [
                121.17105410390471,
                25.09013941642265
              ],
              [
                121.17105410390471,
                25.090229014563572
              ],
              [
                121.17115318632617,
                25.090229014563572
              ],
              [
                121.17115318632617,
                25.090318612704493
              ],
              [
                121.17125226874762,
                25.090318612704493
              ],
              [
                121.17125226874762,
                25.090408210845418
              ],
              [
                121.17135135116908,
                25.090408210845418
              ],
              [
                121.17135135116908,
                25.09049780898634
              ],
              [
                121.17145043359054,
                25.09049780898634
              ],
              [
                121.17145043359054,
                25.090587407127263
              ],
              [
                121.17154951601198,
                25.090587407127263
              ],
              [
                121.17154951601198,
                25.090677005268184
              ],
              [
                121.17164859843344,
                25.090677005268184
              ],
              [
                121.17164859843344,
                25.090766603409104
              ],
              [
                121.17174768085489,
                25.090766603409104
              ],
              [
                121.17174768085489,
                25.09085620155003
              ],
              [
                121.17184676327635,
                25.09085620155003
              ],
              [
                121.17184676327635,
                25.09094579969095
              ],
              [
                121.1719458456978,
                25.09094579969095
              ],
              [
                121.1719458456978,
                25.091035397831874
              ],
              [
                121.17214401054072,
                25.091035397831874
              ],
              [
                121.17214401054072,
                25.091124995972795
              ],
              [
                121.17224309296218,
                25.091124995972795
              ],
              [
                121.17224309296218,
                25.091214594113715
              ],
              [
                121.17234217538363,
                25.091214594113715
              ],
              [
                121.17234217538363,
                25.09130419225464
              ],
              [
                121.17244125780508,
                25.09130419225464
              ],
              [
                121.17244125780508,
                25.09139379039556
              ],
              [
                121.17254034022653,
                25.09139379039556
              ],
              [
                121.17254034022653,
                25.091483388536485
              ],
              [
                121.17273850506945,
                25.091483388536485
              ],
              [
                121.17273850506945,
                25.091572986677406
              ],
              [
                121.1728375874909,
                25.091572986677406
              ],
              [
                121.1728375874909,
                25.091662584818327
              ],
              [
                121.17293666991236,
                25.091662584818327
              ],
              [
                121.17293666991236,
                25.09175218295925
              ],
              [
                121.17303575233382,
                25.09175218295925
              ],
              [
                121.17303575233382,
                25.09184178110017
              ],
              [
                121.17313483475527,
                25.09184178110017
              ],
              [
                121.17313483475527,
                25.091931379241096
              ],
              [
                121.17333299959817,
                25.091931379241096
              ],
              [
                121.17333299959817,
                25.092020977382017
              ],
              [
                121.17343208201963,
                25.092020977382017
              ],
              [
                121.17343208201963,
                25.092200173663862
              ],
              [
                121.17353116444109,
                25.092200173663862
              ],
              [
                121.17353116444109,
                25.092289771804783
              ],
              [
                121.17363024686254,
                25.092289771804783
              ],
              [
                121.17363024686254,
                25.092379369945707
              ],
              [
                121.173729329284,
                25.092379369945707
              ],
              [
                121.173729329284,
                25.092468968086628
              ],
              [
                121.17382841170546,
                25.092468968086628
              ],
              [
                121.17382841170546,
                25.092558566227552
              ],
              [
                121.17392749412691,
                25.092558566227552
              ],
              [
                121.17392749412691,
                25.092648164368473
              ],
              [
                121.17402657654837,
                25.092648164368473
              ],
              [
                121.17402657654837,
                25.09282736065032
              ],
              [
                121.17412565896983,
                25.09282736065032
              ],
              [
                121.17412565896983,
                25.09291695879124
              ],
              [
                121.17422474139127,
                25.09291695879124
              ],
              [
                121.17422474139127,
                25.093096155073084
              ],
              [
                121.17432382381273,
                25.093096155073084
              ],
              [
                121.17432382381273,
                25.093185753214005
              ],
              [
                121.17442290623418,
                25.093185753214005
              ],
              [
                121.17442290623418,
                25.09336494949585
              ],
              [
                121.17452198865564,
                25.09336494949585
              ],
              [
                121.17452198865564,
                25.093544145777695
              ],
              [
                121.1746210710771,
                25.093544145777695
              ],
              [
                121.1746210710771,
                25.093633743918616
              ],
              [
                121.17472015349855,
                25.093633743918616
              ],
              [
                121.17472015349855,
                25.09381294020046
              ],
              [
                121.17481923592001,
                25.09381294020046
              ],
              [
                121.17481923592001,
                25.093902538341386
              ],
              [
                121.17491831834147,
                25.093902538341386
              ],
              [
                121.17491831834147,
                25.094081734623227
              ],
              [
                121.17501740076293,
                25.094081734623227
              ],
              [
                121.17501740076293,
                25.09417133276415
              ],
              [
                121.17511648318437,
                25.09417133276415
              ],
              [
                121.17511648318437,
                25.094260930905072
              ],
              [
                121.17521556560582,
                25.094260930905072
              ],
              [
                121.17521556560582,
                25.094350529045997
              ],
              [
                121.17531464802728,
                25.094350529045997
              ],
              [
                121.17531464802728,
                25.09452972532784
              ],
              [
                121.17541373044874,
                25.09452972532784
              ],
              [
                121.17541373044874,
                25.094619323468763
              ],
              [
                121.1755128128702,
                25.094619323468763
              ],
              [
                121.1755128128702,
                25.094708921609683
              ],
              [
                121.17561189529165,
                25.094708921609683
              ],
              [
                121.17561189529165,
                25.094798519750608
              ],
              [
                121.17571097771311,
                25.094798519750608
              ],
              [
                121.17571097771311,
                25.09488811789153
              ],
              [
                121.17581006013457,
                25.09488811789153
              ],
              [
                121.17581006013457,
                25.09497771603245
              ],
              [
                121.17590914255602,
                25.09497771603245
              ],
              [
                121.17590914255602,
                25.095067314173374
              ],
              [
                121.17600822497747,
                25.095067314173374
              ],
              [
                121.17600822497747,
                25.09524651045522
              ],
              [
                121.17610730739892,
                25.09524651045522
              ],
              [
                121.17610730739892,
                25.09533610859614
              ],
              [
                121.17620638982038,
                25.09533610859614
              ],
              [
                121.17620638982038,
                25.09542570673706
              ],
              [
                121.17630547224184,
                25.09542570673706
              ],
              [
                121.17630547224184,
                25.095515304877985
              ],
              [
                121.17640455466329,
                25.095515304877985
              ],
              [
                121.17640455466329,
                25.095604903018906
              ],
              [
                121.1766027195062,
                25.095604903018906
              ],
              [
                121.1766027195062,
                25.09569450115983
              ],
              [
                121.17670180192766,
                25.09569450115983
              ],
              [
                121.17670180192766,
                25.09578409930075
              ],
              [
                121.17680088434912,
                25.09578409930075
              ],
              [
                121.17680088434912,
                25.09587369744167
              ],
              [
                121.17689996677056,
                25.09587369744167
              ],
              [
                121.17689996677056,
                25.095963295582596
              ],
              [
                121.17699904919202,
                25.095963295582596
              ],
              [
                121.17699904919202,
                25.096052893723517
              ],
              [
                121.17898069762113,
                25.096052893723517
              ],
              [
                121.17898069762113,
                25.095963295582596
              ],
              [
                121.18007060425714,
                25.095963295582596
              ],
              [
                121.18007060425714,
                25.09587369744167
              ],
              [
                121.18135867573606,
                25.09587369744167
              ],
              [
                121.18135867573606,
                25.095963295582596
              ],
              [
                121.18155684057896,
                25.095963295582596
              ],
              [
                121.18155684057896,
                25.096052893723517
              ],
              [
                121.18175500542188,
                25.096052893723517
              ],
              [
                121.18175500542188,
                25.09614249186444
              ],
              [
                121.18185408784333,
                25.09614249186444
              ],
              [
                121.18185408784333,
                25.096232090005362
              ],
              [
                121.18205225268625,
                25.096232090005362
              ],
              [
                121.18205225268625,
                25.096321688146283
              ],
              [
                121.1821513351077,
                25.096321688146283
              ],
              [
                121.1821513351077,
                25.096411286287207
              ],
              [
                121.18225041752916,
                25.096411286287207
              ],
              [
                121.18225041752916,
                25.096500884428128
              ],
              [
                121.18244858237206,
                25.096500884428128
              ],
              [
                121.18244858237206,
                25.096590482569052
              ],
              [
                121.18254766479352,
                25.096590482569052
              ],
              [
                121.18254766479352,
                25.096680080709973
              ],
              [
                121.18264674721497,
                25.096680080709973
              ],
              [
                121.18264674721497,
                25.096769678850897
              ],
              [
                121.18274582963643,
                25.096769678850897
              ],
              [
                121.18274582963643,
                25.096859276991818
              ],
              [
                121.18284491205789,
                25.096859276991818
              ],
              [
                121.18284491205789,
                25.09694887513274
              ],
              [
                121.18294399447934,
                25.09694887513274
              ],
              [
                121.18294399447934,
                25.097038473273663
              ],
              [
                121.1830430769008,
                25.097038473273663
              ],
              [
                121.1830430769008,
                25.097128071414584
              ],
              [
                121.18314215932226,
                25.097128071414584
              ],
              [
                121.18314215932226,
                25.09721766955551
              ],
              [
                121.1832412417437,
                25.09721766955551
              ],
              [
                121.1832412417437,
                25.09730726769643
              ],
              [
                121.18334032416516,
                25.09730726769643
              ],
              [
                121.18334032416516,
                25.097486463978274
              ],
              [
                121.18343940658661,
                25.097486463978274
              ],
              [
                121.18343940658661,
                25.097576062119195
              ],
              [
                121.18353848900807,
                25.097576062119195
              ],
              [
                121.18353848900807,
                25.09766566026012
              ],
              [
                121.18363757142953,
                25.09766566026012
              ],
              [
                121.18363757142953,
                25.09775525840104
              ],
              [
                121.18373665385099,
                25.09775525840104
              ],
              [
                121.18373665385099,
                25.09784485654196
              ],
              [
                121.18383573627244,
                25.09784485654196
              ],
              [
                121.18383573627244,
                25.097934454682886
              ],
              [
                121.1839348186939,
                25.097934454682886
              ],
              [
                121.1839348186939,
                25.098024052823806
              ],
              [
                121.18403390111536,
                25.098024052823806
              ],
              [
                121.18403390111536,
                25.09811365096473
              ],
              [
                121.18423206595826,
                25.09811365096473
              ],
              [
                121.18423206595826,
                25.09820324910565
              ],
              [
                121.18433114837971,
                25.09820324910565
              ],
              [
                121.18433114837971,
                25.098292847246572
              ],
              [
                121.18452931322263,
                25.098292847246572
              ],
              [
                121.18452931322263,
                25.098382445387497
              ],
              [
                121.18462839564408,
                25.098382445387497
              ],
              [
                121.18462839564408,
                25.098472043528417
              ],
              [
                121.184826560487,
                25.098472043528417
              ],
              [
                121.184826560487,
                25.098561641669342
              ],
              [
                121.1850247253299,
                25.098561641669342
              ],
              [
                121.1850247253299,
                25.098651239810263
              ],
              [
                121.18512380775135,
                25.098651239810263
              ],
              [
                121.18512380775135,
                25.098740837951183
              ],
              [
                121.18532197259427,
                25.098740837951183
              ],
              [
                121.18532197259427,
                25.098830436092108
              ],
              [
                121.1857183022801,
                25.098830436092108
              ],
              [
                121.1857183022801,
                25.09892003423303
              ],
              [
                121.1861146319659,
                25.09892003423303
              ],
              [
                121.1861146319659,
                25.099009632373953
              ],
              [
                121.18661004407319,
                25.099009632373953
              ],
              [
                121.18661004407319,
                25.099099230514874
              ],
              [
                121.18710545618046,
                25.099099230514874
              ],
              [
                121.18710545618046,
                25.099188828655794
              ],
              [
                121.18760086828775,
                25.099188828655794
              ],
              [
                121.18760086828775,
                25.09927842679672
              ],
              [
                121.18799719797356,
                25.09927842679672
              ],
              [
                121.18799719797356,
                25.09936802493764
              ],
              [
                121.18839352765939,
                25.09936802493764
              ],
              [
                121.18839352765939,
                25.099457623078564
              ],
              [
                121.1887898573452,
                25.099457623078564
              ],
              [
                121.1887898573452,
                25.099547221219485
              ],
              [
                121.18918618703103,
                25.099547221219485
              ],
              [
                121.18918618703103,
                25.099636819360406
              ],
              [
                121.1894834342954,
                25.099636819360406
              ],
              [
                121.1894834342954,
                25.09972641750133
              ],
              [
                121.1896815991383,
                25.09972641750133
              ],
              [
                121.1896815991383,
                25.09981601564225
              ],
              [
                121.18987976398121,
                25.09981601564225
              ],
              [
                121.18987976398121,
                25.099905613783175
              ],
              [
                121.19007792882412,
                25.099905613783175
              ],
              [
                121.19007792882412,
                25.099995211924096
              ],
              [
                121.19027609366704,
                25.099995211924096
              ],
              [
                121.19027609366704,
                25.100084810065017
              ],
              [
                121.1903751760885,
                25.100084810065017
              ],
              [
                121.1903751760885,
                25.10017440820594
              ],
              [
                121.1905733409314,
                25.10017440820594
              ],
              [
                121.1905733409314,
                25.100264006346862
              ],
              [
                121.19067242335285,
                25.100264006346862
              ],
              [
                121.19067242335285,
                25.100353604487786
              ],
              [
                121.19077150577431,
                25.100353604487786
              ],
              [
                121.19077150577431,
                25.100443202628707
              ],
              [
                121.19096967061722,
                25.100443202628707
              ],
              [
                121.19096967061722,
                25.10053280076963
              ],
              [
                121.19106875303868,
                25.10053280076963
              ],
              [
                121.19106875303868,
                25.100622398910552
              ],
              [
                121.19116783546013,
                25.100622398910552
              ],
              [
                121.19116783546013,
                25.100711997051473
              ],
              [
                121.19126691788159,
                25.100711997051473
              ],
              [
                121.19126691788159,
                25.100801595192397
              ],
              [
                121.19136600030303,
                25.100801595192397
              ],
              [
                121.19136600030303,
                25.100891193333318
              ],
              [
                121.19146508272449,
                25.100891193333318
              ],
              [
                121.19146508272449,
                25.100980791474242
              ],
              [
                121.19156416514595,
                25.100980791474242
              ],
              [
                121.19156416514595,
                25.101070389615163
              ],
              [
                121.1916632475674,
                25.101070389615163
              ],
              [
                121.1916632475674,
                25.101159987756084
              ],
              [
                121.19176232998886,
                25.101159987756084
              ],
              [
                121.19176232998886,
                25.10133918403793
              ],
              [
                121.19186141241032,
                25.10133918403793
              ],
              [
                121.19186141241032,
                25.101428782178854
              ],
              [
                121.19196049483178,
                25.101428782178854
              ],
              [
                121.19196049483178,
                25.101607978460695
              ],
              [
                121.19205957725323,
                25.101607978460695
              ],
              [
                121.19205957725323,
                25.10169757660162
              ],
              [
                121.19215865967469,
                25.10169757660162
              ],
              [
                121.19215865967469,
                25.10178717474254
              ],
              [
                121.19225774209613,
                25.10178717474254
              ],
              [
                121.19225774209613,
                25.101966371024385
              ],
              [
                121.19235682451759,
                25.101966371024385
              ],
              [
                121.19235682451759,
                25.102055969165306
              ],
              [
                121.19245590693905,
                25.102055969165306
              ],
              [
                121.19245590693905,
                25.10214556730623
              ],
              [
                121.1925549893605,
                25.10214556730623
              ],
              [
                121.1925549893605,
                25.10223516544715
              ],
              [
                121.19265407178196,
                25.10223516544715
              ],
              [
                121.19265407178196,
                25.102324763588076
              ],
              [
                121.19275315420342,
                25.102324763588076
              ],
              [
                121.19275315420342,
                25.102503959869917
              ],
              [
                121.19285223662487,
                25.102503959869917
              ],
              [
                121.19285223662487,
                25.10259355801084
              ],
              [
                121.19295131904633,
                25.10259355801084
              ],
              [
                121.19295131904633,
                25.102683156151762
              ],
              [
                121.19305040146779,
                25.102683156151762
              ],
              [
                121.19305040146779,
                25.102772754292687
              ],
              [
                121.19314948388923,
                25.102772754292687
              ],
              [
                121.19314948388923,
                25.102862352433608
              ],
              [
                121.19324856631069,
                25.102862352433608
              ],
              [
                121.19324856631069,
                25.10295195057453
              ],
              [
                121.19334764873214,
                25.10295195057453
              ],
              [
                121.19334764873214,
                25.103131146856374
              ],
              [
                121.1934467311536,
                25.103131146856374
              ],
              [
                121.1934467311536,
                25.103220744997298
              ],
              [
                121.19354581357506,
                25.103220744997298
              ],
              [
                121.19354581357506,
                25.10331034313822
              ],
              [
                121.19364489599651,
                25.10331034313822
              ],
              [
                121.19364489599651,
                25.10339994127914
              ],
              [
                121.19374397841797,
                25.10339994127914
              ],
              [
                121.19374397841797,
                25.103489539420064
              ],
              [
                121.19384306083943,
                25.103489539420064
              ],
              [
                121.19384306083943,
                25.103579137560985
              ],
              [
                121.19404122568233,
                25.103579137560985
              ],
              [
                121.19404122568233,
                25.10366873570191
              ],
              [
                121.19414030810378,
                25.10366873570191
              ],
              [
                121.19414030810378,
                25.10375833384283
              ],
              [
                121.1943384729467,
                25.10375833384283
              ],
              [
                121.1943384729467,
                25.10384793198375
              ],
              [
                121.19453663778961,
                25.10384793198375
              ],
              [
                121.19453663778961,
                25.103937530124675
              ],
              [
                121.19473480263252,
                25.103937530124675
              ],
              [
                121.19473480263252,
                25.104027128265596
              ],
              [
                121.19493296747544,
                25.104027128265596
              ],
              [
                121.19493296747544,
                25.10411672640652
              ],
              [
                121.19513113231834,
                25.10411672640652
              ],
              [
                121.19513113231834,
                25.10420632454744
              ],
              [
                121.19532929716125,
                25.10420632454744
              ],
              [
                121.19532929716125,
                25.104295922688365
              ],
              [
                121.19562654442562,
                25.104295922688365
              ],
              [
                121.19562654442562,
                25.104385520829286
              ],
              [
                121.19582470926854,
                25.104385520829286
              ],
              [
                121.19582470926854,
                25.104475118970207
              ],
              [
                121.19612195653289,
                25.104475118970207
              ],
              [
                121.19612195653289,
                25.10456471711113
              ],
              [
                121.19641920379726,
                25.10456471711113
              ],
              [
                121.19641920379726,
                25.104654315252052
              ],
              [
                121.19671645106163,
                25.104654315252052
              ],
              [
                121.19671645106163,
                25.104743913392976
              ],
              [
                121.19701369832599,
                25.104743913392976
              ],
              [
                121.19701369832599,
                25.104833511533897
              ],
              [
                121.19741002801182,
                25.104833511533897
              ],
              [
                121.19741002801182,
                25.104923109674818
              ],
              [
                121.19770727527617,
                25.104923109674818
              ],
              [
                121.19770727527617,
                25.105012707815742
              ],
              [
                121.19800452254054,
                25.105012707815742
              ],
              [
                121.19800452254054,
                25.105102305956663
              ],
              [
                121.198103604962,
                25.105102305956663
              ],
              [
                121.198103604962,
                25.105191904097587
              ],
              [
                121.19830176980491,
                25.105191904097587
              ],
              [
                121.19830176980491,
                25.10528150223851
              ],
              [
                121.19840085222637,
                25.10528150223851
              ],
              [
                121.19840085222637,
                25.10537110037943
              ],
              [
                121.19849993464783,
                25.10537110037943
              ],
              [
                121.19849993464783,
                25.105460698520353
              ],
              [
                121.19859901706927,
                25.105460698520353
              ],
              [
                121.19859901706927,
                25.105550296661274
              ],
              [
                121.19869809949073,
                25.105550296661274
              ],
              [
                121.19869809949073,
                25.1056398948022
              ],
              [
                121.19879718191218,
                25.1056398948022
              ],
              [
                121.19879718191218,
                25.10572949294312
              ],
              [
                121.19889626433364,
                25.10572949294312
              ],
              [
                121.19889626433364,
                25.10581909108404
              ],
              [
                121.1989953467551,
                25.10581909108404
              ],
              [
                121.1989953467551,
                25.105908689224965
              ],
              [
                121.19909442917655,
                25.105908689224965
              ],
              [
                121.19909442917655,
                25.10608788550681
              ],
              [
                121.19919351159801,
                25.10608788550681
              ],
              [
                121.19919351159801,
                25.10617748364773
              ],
              [
                121.19929259401947,
                25.10617748364773
              ],
              [
                121.19929259401947,
                25.10626708178865
              ],
              [
                121.19939167644092,
                25.10626708178865
              ],
              [
                121.19939167644092,
                25.106356679929576
              ],
              [
                121.19949075886237,
                25.106356679929576
              ],
              [
                121.19949075886237,
                25.106446278070496
              ],
              [
                121.19958984128382,
                25.106446278070496
              ],
              [
                121.19958984128382,
                25.10653587621142
              ],
              [
                121.19968892370528,
                25.10653587621142
              ],
              [
                121.19968892370528,
                25.10662547435234
              ],
              [
                121.19978800612674,
                25.10662547435234
              ],
              [
                121.19978800612674,
                25.106715072493262
              ],
              [
                121.1998870885482,
                25.106715072493262
              ],
              [
                121.1998870885482,
                25.106804670634187
              ],
              [
                121.19998617096965,
                25.106804670634187
              ],
              [
                121.19998617096965,
                25.106894268775108
              ],
              [
                121.20008525339111,
                25.106894268775108
              ],
              [
                121.20008525339111,
                25.106983866916032
              ],
              [
                121.20028341823402,
                25.106983866916032
              ],
              [
                121.20028341823402,
                25.107073465056953
              ],
              [
                121.20038250065546,
                25.107073465056953
              ],
              [
                121.20038250065546,
                25.107163063197873
              ],
              [
                121.20048158307692,
                25.107163063197873
              ],
              [
                121.20048158307692,
                25.107252661338798
              ],
              [
                121.20058066549838,
                25.107252661338798
              ],
              [
                121.20058066549838,
                25.10734225947972
              ],
              [
                121.20077883034129,
                25.10734225947972
              ],
              [
                121.20077883034129,
                25.107431857620643
              ],
              [
                121.20087791276275,
                25.107431857620643
              ],
              [
                121.20087791276275,
                25.107521455761564
              ],
              [
                121.2009769951842,
                25.107521455761564
              ],
              [
                121.2009769951842,
                25.107611053902485
              ],
              [
                121.20117516002712,
                25.107611053902485
              ],
              [
                121.20117516002712,
                25.10770065204341
              ],
              [
                121.20127424244856,
                25.10770065204341
              ],
              [
                121.20127424244856,
                25.10779025018433
              ],
              [
                121.20147240729148,
                25.10779025018433
              ],
              [
                121.20147240729148,
                25.107879848325254
              ],
              [
                121.20157148971293,
                25.107879848325254
              ],
              [
                121.20157148971293,
                25.107969446466175
              ],
              [
                121.20176965455585,
                25.107969446466175
              ],
              [
                121.20176965455585,
                25.1080590446071
              ],
              [
                121.20196781939876,
                25.1080590446071
              ],
              [
                121.20196781939876,
                25.10814864274802
              ],
              [
                121.20216598424167,
                25.10814864274802
              ],
              [
                121.20216598424167,
                25.10823824088894
              ],
              [
                121.20256231392749,
                25.10823824088894
              ],
              [
                121.20256231392749,
                25.108327839029865
              ],
              [
                121.20285956119186,
                25.108327839029865
              ],
              [
                121.20285956119186,
                25.108417437170786
              ],
              [
                121.20315680845621,
                25.108417437170786
              ],
              [
                121.20315680845621,
                25.10850703531171
              ],
              [
                121.20345405572058,
                25.10850703531171
              ],
              [
                121.20345405572058,
                25.10859663345263
              ],
              [
                121.2036522205635,
                25.10859663345263
              ],
              [
                121.2036522205635,
                25.108686231593552
              ],
              [
                121.20385038540641,
                25.108686231593552
              ],
              [
                121.20385038540641,
                25.108775829734476
              ],
              [
                121.20404855024931,
                25.108775829734476
              ],
              [
                121.20404855024931,
                25.108865427875397
              ],
              [
                121.20424671509222,
                25.108865427875397
              ],
              [
                121.20424671509222,
                25.10895502601632
              ],
              [
                121.20444487993514,
                25.10895502601632
              ],
              [
                121.20444487993514,
                25.109044624157242
              ],
              [
                121.2045439623566,
                25.109044624157242
              ],
              [
                121.2045439623566,
                25.109134222298163
              ],
              [
                121.20474212719951,
                25.109134222298163
              ],
              [
                121.20474212719951,
                25.109223820439087
              ],
              [
                121.20484120962097,
                25.109223820439087
              ],
              [
                121.20484120962097,
                25.109313418580008
              ],
              [
                121.20494029204241,
                25.109313418580008
              ],
              [
                121.20494029204241,
                25.109403016720933
              ],
              [
                121.20503937446387,
                25.109403016720933
              ],
              [
                121.20503937446387,
                25.109492614861853
              ],
              [
                121.20513845688532,
                25.109492614861853
              ],
              [
                121.20513845688532,
                25.1096718111437
              ],
              [
                121.20523753930678,
                25.1096718111437
              ],
              [
                121.20523753930678,
                25.10976140928462
              ],
              [
                121.20533662172824,
                25.10976140928462
              ],
              [
                121.20533662172824,
                25.109851007425544
              ],
              [
                121.20543570414969,
                25.109851007425544
              ],
              [
                121.20543570414969,
                25.110030203707385
              ],
              [
                121.20553478657115,
                25.110030203707385
              ],
              [
                121.20553478657115,
                25.11011980184831
              ],
              [
                121.2056338689926,
                25.11011980184831
              ],
              [
                121.2056338689926,
                25.110298998130155
              ],
              [
                121.20573295141406,
                25.110298998130155
              ],
              [
                121.20573295141406,
                25.110478194411996
              ],
              [
                121.2058320338355,
                25.110478194411996
              ],
              [
                121.2058320338355,
                25.11056779255292
              ],
              [
                121.20593111625696,
                25.11056779255292
              ],
              [
                121.20593111625696,
                25.11065739069384
              ],
              [
                121.20603019867842,
                25.11065739069384
              ],
              [
                121.20603019867842,
                25.110746988834766
              ],
              [
                121.20612928109988,
                25.110746988834766
              ],
              [
                121.20612928109988,
                25.110836586975687
              ],
              [
                121.20622836352133,
                25.110836586975687
              ],
              [
                121.20622836352133,
                25.110926185116607
              ],
              [
                121.20642652836425,
                25.110926185116607
              ],
              [
                121.20642652836425,
                25.111015783257532
              ],
              [
                121.2065256107857,
                25.111015783257532
              ],
              [
                121.2065256107857,
                25.111105381398453
              ],
              [
                121.20662469320716,
                25.111105381398453
              ],
              [
                121.20662469320716,
                25.111194979539377
              ],
              [
                121.20682285805006,
                25.111194979539377
              ],
              [
                121.20682285805006,
                25.111284577680298
              ],
              [
                121.20692194047152,
                25.111284577680298
              ],
              [
                121.20692194047152,
                25.11137417582122
              ],
              [
                121.20702102289297,
                25.11137417582122
              ],
              [
                121.20702102289297,
                25.111463773962143
              ],
              [
                121.20721918773589,
                25.111463773962143
              ],
              [
                121.20721918773589,
                25.111553372103064
              ],
              [
                121.20731827015734,
                25.111553372103064
              ],
              [
                121.20731827015734,
                25.111642970243988
              ],
              [
                121.2074173525788,
                25.111642970243988
              ],
              [
                121.2074173525788,
                25.11173256838491
              ],
              [
                121.2076155174217,
                25.11173256838491
              ],
              [
                121.2076155174217,
                25.111822166525833
              ],
              [
                121.20771459984316,
                25.111822166525833
              ],
              [
                121.20771459984316,
                25.111911764666754
              ],
              [
                121.20781368226461,
                25.111911764666754
              ],
              [
                121.20781368226461,
                25.112001362807675
              ],
              [
                121.20801184710753,
                25.112001362807675
              ],
              [
                121.20801184710753,
                25.1120909609486
              ],
              [
                121.20811092952898,
                25.1120909609486
              ],
              [
                121.20811092952898,
                25.11218055908952
              ],
              [
                121.2083090943719,
                25.11218055908952
              ],
              [
                121.2083090943719,
                25.112270157230444
              ],
              [
                121.20840817679336,
                25.112270157230444
              ],
              [
                121.20840817679336,
                25.112359755371365
              ],
              [
                121.2085072592148,
                25.112359755371365
              ],
              [
                121.2085072592148,
                25.112449353512286
              ],
              [
                121.20870542405771,
                25.112449353512286
              ],
              [
                121.20870542405771,
                25.11253895165321
              ],
              [
                121.20880450647917,
                25.11253895165321
              ],
              [
                121.20880450647917,
                25.11262854979413
              ],
              [
                121.20890358890063,
                25.11262854979413
              ],
              [
                121.20890358890063,
                25.112718147935055
              ],
              [
                121.20910175374354,
                25.112718147935055
              ],
              [
                121.20910175374354,
                25.112807746075976
              ],
              [
                121.209200836165,
                25.112807746075976
              ],
              [
                121.209200836165,
                25.112897344216897
              ],
              [
                121.20929991858645,
                25.112897344216897
              ],
              [
                121.20929991858645,
                25.11298694235782
              ],
              [
                121.20949808342935,
                25.11298694235782
              ],
              [
                121.20949808342935,
                25.113076540498742
              ],
              [
                121.20959716585081,
                25.113076540498742
              ],
              [
                121.20959716585081,
                25.113166138639667
              ],
              [
                121.20969624827227,
                25.113166138639667
              ],
              [
                121.20969624827227,
                25.113255736780587
              ],
              [
                121.20989441311518,
                25.113255736780587
              ],
              [
                121.20989441311518,
                25.113345334921508
              ],
              [
                121.20999349553664,
                25.113345334921508
              ],
              [
                121.20999349553664,
                25.113434933062432
              ],
              [
                121.21019166037955,
                25.113434933062432
              ],
              [
                121.21019166037955,
                25.113524531203353
              ],
              [
                121.21029074280099,
                25.113524531203353
              ],
              [
                121.21029074280099,
                25.113614129344278
              ],
              [
                121.21177697912283,
                25.113614129344278
              ],
              [
                121.21177697912283,
                25.113524531203353
              ],
              [
                121.21375862755194,
                25.113524531203353
              ],
              [
                121.21375862755194,
                25.113434933062432
              ],
              [
                121.21484853418794,
                25.113434933062432
              ],
              [
                121.21484853418794,
                25.113524531203353
              ],
              [
                121.21564119355959,
                25.113524531203353
              ],
              [
                121.21564119355959,
                25.113614129344278
              ],
              [
                121.21643385293123,
                25.113614129344278
              ],
              [
                121.21643385293123,
                25.1137037274852
              ],
              [
                121.21732559472433,
                25.1137037274852
              ],
              [
                121.21732559472433,
                25.11379332562612
              ],
              [
                121.21821733651743,
                25.11379332562612
              ],
              [
                121.21821733651743,
                25.113882923767044
              ],
              [
                121.21881183104615,
                25.113882923767044
              ],
              [
                121.21881183104615,
                25.113972521907964
              ],
              [
                121.21900999588907,
                25.113972521907964
              ],
              [
                121.21900999588907,
                25.11406212004889
              ],
              [
                121.21920816073198,
                25.11406212004889
              ],
              [
                121.21920816073198,
                25.11415171818981
              ],
              [
                121.21930724315344,
                25.11415171818981
              ],
              [
                121.21930724315344,
                25.11424131633073
              ],
              [
                121.21950540799634,
                25.11424131633073
              ],
              [
                121.21950540799634,
                25.114330914471655
              ],
              [
                121.2196044904178,
                25.114330914471655
              ],
              [
                121.2196044904178,
                25.114420512612575
              ],
              [
                121.21980265526071,
                25.114420512612575
              ],
              [
                121.21980265526071,
                25.1145101107535
              ],
              [
                121.21990173768216,
                25.1145101107535
              ],
              [
                121.21990173768216,
                25.11459970889442
              ],
              [
                121.22000082010362,
                25.11459970889442
              ],
              [
                121.22000082010362,
                25.11468930703534
              ],
              [
                121.22009990252508,
                25.11468930703534
              ],
              [
                121.22009990252508,
                25.114778905176266
              ],
              [
                121.22019898494653,
                25.114778905176266
              ],
              [
                121.22019898494653,
                25.114868503317187
              ],
              [
                121.22029806736798,
                25.114868503317187
              ],
              [
                121.22029806736798,
                25.11495810145811
              ],
              [
                121.22039714978943,
                25.11495810145811
              ],
              [
                121.22039714978943,
                25.11504769959903
              ],
              [
                121.22049623221089,
                25.11504769959903
              ],
              [
                121.22049623221089,
                25.115137297739953
              ],
              [
                121.22059531463235,
                25.115137297739953
              ],
              [
                121.22059531463235,
                25.115226895880877
              ],
              [
                121.22079347947526,
                25.115226895880877
              ],
              [
                121.22079347947526,
                25.115316494021798
              ],
              [
                121.22089256189672,
                25.115316494021798
              ],
              [
                121.22089256189672,
                25.115406092162722
              ],
              [
                121.22099164431818,
                25.115406092162722
              ],
              [
                121.22099164431818,
                25.115495690303643
              ],
              [
                121.22118980916107,
                25.115495690303643
              ],
              [
                121.22118980916107,
                25.115585288444567
              ],
              [
                121.22128889158253,
                25.115585288444567
              ],
              [
                121.22128889158253,
                25.115674886585488
              ],
              [
                121.22148705642545,
                25.115674886585488
              ],
              [
                121.22148705642545,
                25.11576448472641
              ],
              [
                121.22168522126836,
                25.11576448472641
              ],
              [
                121.22168522126836,
                25.115854082867333
              ],
              [
                121.22188338611127,
                25.115854082867333
              ],
              [
                121.22188338611127,
                25.115943681008254
              ],
              [
                121.22208155095417,
                25.115943681008254
              ],
              [
                121.22208155095417,
                25.11603327914918
              ],
              [
                121.22227971579709,
                25.11603327914918
              ],
              [
                121.22227971579709,
                25.1161228772901
              ],
              [
                121.22247788064,
                25.1161228772901
              ],
              [
                121.22247788064,
                25.11621247543102
              ],
              [
                121.22277512790437,
                25.11621247543102
              ],
              [
                121.22277512790437,
                25.116302073571944
              ],
              [
                121.2233696224331,
                25.116302073571944
              ],
              [
                121.2233696224331,
                25.116391671712865
              ],
              [
                121.22455861149056,
                25.116391671712865
              ],
              [
                121.22455861149056,
                25.11648126985379
              ],
              [
                121.22564851812656,
                25.11648126985379
              ],
              [
                121.22564851812656,
                25.11657086799471
              ],
              [
                121.22663934234112,
                25.11657086799471
              ],
              [
                121.22663934234112,
                25.11666046613563
              ],
              [
                121.22792741382004,
                25.11666046613563
              ],
              [
                121.22792741382004,
                25.116750064276555
              ],
              [
                121.22961181498478,
                25.116750064276555
              ],
              [
                121.22961181498478,
                25.116839662417476
              ],
              [
                121.23080080404225,
                25.116839662417476
              ],
              [
                121.23080080404225,
                25.1169292605584
              ],
              [
                121.23159346341389,
                25.1169292605584
              ],
              [
                121.23159346341389,
                25.11701885869932
              ],
              [
                121.2319897930997,
                25.11701885869932
              ],
              [
                121.2319897930997,
                25.117108456840242
              ],
              [
                121.23238612278553,
                25.117108456840242
              ],
              [
                121.23238612278553,
                25.117198054981166
              ],
              [
                121.23278245247135,
                25.117198054981166
              ],
              [
                121.23278245247135,
                25.117287653122087
              ],
              [
                121.23317878215717,
                25.117287653122087
              ],
              [
                121.23317878215717,
                25.11737725126301
              ],
              [
                121.23367419426445,
                25.11737725126301
              ],
              [
                121.23367419426445,
                25.117466849403932
              ],
              [
                121.23407052395027,
                25.117466849403932
              ],
              [
                121.23407052395027,
                25.117556447544853
              ],
              [
                121.23446685363609,
                25.117556447544853
              ],
              [
                121.23446685363609,
                25.117646045685778
              ],
              [
                121.2348631833219,
                25.117646045685778
              ],
              [
                121.2348631833219,
                25.1177356438267
              ],
              [
                121.23516043058628,
                25.1177356438267
              ],
              [
                121.23516043058628,
                25.117825241967623
              ],
              [
                121.23545767785065,
                25.117825241967623
              ],
              [
                121.23545767785065,
                25.117914840108543
              ],
              [
                121.23565584269355,
                25.117914840108543
              ],
              [
                121.23565584269355,
                25.118004438249464
              ],
              [
                121.23585400753646,
                25.118004438249464
              ],
              [
                121.23585400753646,
                25.11809403639039
              ],
              [
                121.23595308995792,
                25.11809403639039
              ],
              [
                121.23595308995792,
                25.11818363453131
              ],
              [
                121.23615125480083,
                25.11818363453131
              ],
              [
                121.23615125480083,
                25.118273232672234
              ],
              [
                121.23625033722229,
                25.118273232672234
              ],
              [
                121.23625033722229,
                25.118362830813155
              ],
              [
                121.23634941964374,
                25.118362830813155
              ],
              [
                121.23634941964374,
                25.118452428954075
              ],
              [
                121.2364485020652,
                25.118452428954075
              ],
              [
                121.2364485020652,
                25.118542027095
              ],
              [
                121.23654758448664,
                25.118542027095
              ],
              [
                121.23654758448664,
                25.11863162523592
              ],
              [
                121.2366466669081,
                25.11863162523592
              ],
              [
                121.2366466669081,
                25.118721223376845
              ],
              [
                121.23674574932956,
                25.118721223376845
              ],
              [
                121.23674574932956,
                25.118810821517766
              ],
              [
                121.23684483175101,
                25.118810821517766
              ],
              [
                121.23684483175101,
                25.118900419658686
              ],
              [
                121.23694391417247,
                25.118900419658686
              ],
              [
                121.23694391417247,
                25.11907961594053
              ],
              [
                121.23704299659393,
                25.11907961594053
              ],
              [
                121.23704299659393,
                25.119169214081456
              ],
              [
                121.23714207901538,
                25.119169214081456
              ],
              [
                121.23714207901538,
                25.1193484103633
              ],
              [
                121.23724116143684,
                25.1193484103633
              ],
              [
                121.23724116143684,
                25.119438008504222
              ],
              [
                121.2373402438583,
                25.119438008504222
              ],
              [
                121.2373402438583,
                25.119527606645143
              ],
              [
                121.23743932627974,
                25.119527606645143
              ],
              [
                121.23743932627974,
                25.119706802926988
              ],
              [
                121.2375384087012,
                25.119706802926988
              ],
              [
                121.2375384087012,
                25.119796401067912
              ],
              [
                121.23763749112265,
                25.119796401067912
              ],
              [
                121.23763749112265,
                25.119885999208833
              ],
              [
                121.23773657354411,
                25.119885999208833
              ],
              [
                121.23773657354411,
                25.119975597349754
              ],
              [
                121.23783565596557,
                25.119975597349754
              ],
              [
                121.23783565596557,
                25.120065195490678
              ],
              [
                121.23793473838703,
                25.120065195490678
              ],
              [
                121.23793473838703,
                25.1201547936316
              ],
              [
                121.23803382080848,
                25.1201547936316
              ],
              [
                121.23803382080848,
                25.120244391772523
              ],
              [
                121.23813290322994,
                25.120244391772523
              ],
              [
                121.23813290322994,
                25.120333989913444
              ],
              [
                121.2382319856514,
                25.120333989913444
              ],
              [
                121.2382319856514,
                25.120423588054365
              ],
              [
                121.2384301504943,
                25.120423588054365
              ],
              [
                121.2384301504943,
                25.12051318619529
              ],
              [
                121.23852923291575,
                25.12051318619529
              ],
              [
                121.23852923291575,
                25.12060278433621
              ],
              [
                121.23872739775867,
                25.12060278433621
              ],
              [
                121.23872739775867,
                25.120692382477134
              ],
              [
                121.23882648018012,
                25.120692382477134
              ],
              [
                121.23882648018012,
                25.120781980618055
              ],
              [
                121.23902464502304,
                25.120781980618055
              ],
              [
                121.23902464502304,
                25.120871578758976
              ],
              [
                121.2391237274445,
                25.120871578758976
              ],
              [
                121.2391237274445,
                25.1209611768999
              ],
              [
                121.23932189228739,
                25.1209611768999
              ],
              [
                121.23932189228739,
                25.12105077504082
              ],
              [
                121.2395200571303,
                25.12105077504082
              ],
              [
                121.2395200571303,
                25.121140373181746
              ],
              [
                121.23961913955176,
                25.121140373181746
              ],
              [
                121.23961913955176,
                25.121229971322666
              ],
              [
                121.23971822197322,
                25.121229971322666
              ],
              [
                121.23971822197322,
                25.121319569463587
              ],
              [
                121.23981730439468,
                25.121319569463587
              ],
              [
                121.23981730439468,
                25.12140916760451
              ],
              [
                121.23991638681613,
                25.12140916760451
              ],
              [
                121.23991638681613,
                25.121498765745432
              ],
              [
                121.24001546923759,
                25.121498765745432
              ],
              [
                121.24001546923759,
                25.121588363886357
              ],
              [
                121.24011455165903,
                25.121588363886357
              ],
              [
                121.24011455165903,
                25.121677962027277
              ],
              [
                121.24051088134486,
                25.121677962027277
              ],
              [
                121.24051088134486,
                25.1217675601682
              ],
              [
                121.24070904618777,
                25.1217675601682
              ],
              [
                121.24070904618777,
                25.121946756450043
              ],
              [
                121.24001546923759,
                25.121946756450043
              ],
              [
                121.24001546923759,
                25.12221555087281
              ],
              [
                121.23971822197322,
                25.12221555087281
              ],
              [
                121.23971822197322,
                25.12248434529558
              ],
              [
                121.23961913955176,
                25.12248434529558
              ],
              [
                121.23961913955176,
                25.1225739434365
              ],
              [
                121.2395200571303,
                25.1225739434365
              ],
              [
                121.2395200571303,
                25.122753139718345
              ],
              [
                121.23971822197322,
                25.122753139718345
              ],
              [
                121.23971822197322,
                25.122842737859266
              ],
              [
                121.23942097470885,
                25.122842737859266
              ],
              [
                121.23942097470885,
                25.123290728563877
              ],
              [
                121.24031271650195,
                25.123290728563877
              ],
              [
                121.24031271650195,
                25.12302193414111
              ],
              [
                121.24051088134486,
                25.12302193414111
              ],
              [
                121.24051088134486,
                25.122753139718345
              ],
              [
                121.24090721103069,
                25.122753139718345
              ],
              [
                121.24090721103069,
                25.122842737859266
              ],
              [
                121.24100629345213,
                25.122842737859266
              ],
              [
                121.24100629345213,
                25.12302193414111
              ],
              [
                121.24110537587359,
                25.12302193414111
              ],
              [
                121.24110537587359,
                25.123111532282035
              ],
              [
                121.24120445829504,
                25.123111532282035
              ],
              [
                121.24120445829504,
                25.123201130422956
              ],
              [
                121.2413035407165,
                25.123201130422956
              ],
              [
                121.2413035407165,
                25.123290728563877
              ],
              [
                121.24140262313796,
                25.123290728563877
              ],
              [
                121.24140262313796,
                25.123469924845722
              ],
              [
                121.24150170555941,
                25.123469924845722
              ],
              [
                121.24150170555941,
                25.123559522986646
              ],
              [
                121.24160078798087,
                25.123559522986646
              ],
              [
                121.24160078798087,
                25.123649121127567
              ],
              [
                121.24179895282379,
                25.123649121127567
              ],
              [
                121.24179895282379,
                25.123738719268488
              ],
              [
                121.24189803524523,
                25.123738719268488
              ],
              [
                121.24189803524523,
                25.123828317409412
              ],
              [
                121.24199711766668,
                25.123828317409412
              ],
              [
                121.24199711766668,
                25.123917915550333
              ],
              [
                121.24209620008814,
                25.123917915550333
              ],
              [
                121.24209620008814,
                25.124007513691257
              ],
              [
                121.24229436493106,
                25.124007513691257
              ],
              [
                121.24229436493106,
                25.124097111832178
              ],
              [
                121.24239344735251,
                25.124097111832178
              ],
              [
                121.24239344735251,
                25.1241867099731
              ],
              [
                121.24249252977397,
                25.1241867099731
              ],
              [
                121.24249252977397,
                25.124276308114023
              ],
              [
                121.24269069461688,
                25.124276308114023
              ],
              [
                121.24269069461688,
                25.124365906254944
              ],
              [
                121.24288885945978,
                25.124365906254944
              ],
              [
                121.24288885945978,
                25.12445550439587
              ],
              [
                121.24298794188124,
                25.12445550439587
              ],
              [
                121.24298794188124,
                25.12454510253679
              ],
              [
                121.24318610672415,
                25.12454510253679
              ],
              [
                121.24318610672415,
                25.12463470067771
              ],
              [
                121.24338427156707,
                25.12463470067771
              ],
              [
                121.24338427156707,
                25.124724298818634
              ],
              [
                121.24358243640998,
                25.124724298818634
              ],
              [
                121.24358243640998,
                25.124813896959555
              ],
              [
                121.24467234304598,
                25.124813896959555
              ],
              [
                121.24467234304598,
                25.124724298818634
              ],
              [
                121.24546500241763,
                25.124724298818634
              ],
              [
                121.24546500241763,
                25.12463470067771
              ],
              [
                121.24655490905363,
                25.12463470067771
              ],
              [
                121.24655490905363,
                25.12454510253679
              ],
              [
                121.24814022779692,
                25.12454510253679
              ],
              [
                121.24814022779692,
                25.12445550439587
              ],
              [
                121.24952738169729,
                25.12445550439587
              ],
              [
                121.24952738169729,
                25.124365906254944
              ],
              [
                121.25170719496931,
                25.124365906254944
              ],
              [
                121.25170719496931,
                25.124276308114023
              ],
              [
                121.25220260707658,
                25.124276308114023
              ],
              [
                121.25220260707658,
                25.124365906254944
              ],
              [
                121.25279710160531,
                25.124365906254944
              ],
              [
                121.25279710160531,
                25.12445550439587
              ],
              [
                121.25339159613405,
                25.12445550439587
              ],
              [
                121.25339159613405,
                25.12454510253679
              ],
              [
                121.25388700824132,
                25.12454510253679
              ],
              [
                121.25388700824132,
                25.12463470067771
              ],
              [
                121.25448150277006,
                25.12463470067771
              ],
              [
                121.25448150277006,
                25.124724298818634
              ],
              [
                121.25497691487733,
                25.124724298818634
              ],
              [
                121.25497691487733,
                25.124813896959555
              ],
              [
                121.25517507972025,
                25.124813896959555
              ],
              [
                121.25517507972025,
                25.12490349510048
              ],
              [
                121.25537324456316,
                25.12490349510048
              ],
              [
                121.25537324456316,
                25.124813896959555
              ],
              [
                121.25676039846353,
                25.124813896959555
              ],
              [
                121.25676039846353,
                25.12490349510048
              ],
              [
                121.25685948088498,
                25.12490349510048
              ],
              [
                121.25685948088498,
                25.1249930932414
              ],
              [
                121.149355053606,
                25.1249930932414
              ]
            ]
          ],
          [
            [
              [
                121.15807430669406,
                25.081179602330426
              ],
              [
                121.15807430669406,
                25.081090004189505
              ],
              [
                121.15837155395843,
                25.081090004189505
              ],
              [
                121.15837155395843,
                25.081179602330426
              ],
              [
                121.15807430669406,
                25.081179602330426
              ]
            ]
          ],
          [
            [
              [
                121.15450733952167,
                25.080194022780283
              ],
              [
                121.15450733952167,
                25.080014826498438
              ],
              [
                121.15440825710021,
                25.080014826498438
              ],
              [
                121.15440825710021,
                25.079925228357514
              ],
              [
                121.15460642194313,
                25.079925228357514
              ],
              [
                121.15460642194313,
                25.080014826498438
              ],
              [
                121.1549036692075,
                25.080014826498438
              ],
              [
                121.1549036692075,
                25.08010442463936
              ],
              [
                121.15500275162896,
                25.08010442463936
              ],
              [
                121.15500275162896,
                25.080194022780283
              ],
              [
                121.15450733952167,
                25.080194022780283
              ]
            ]
          ],
          [
            [
              [
                121.15361559772857,
                25.079746032075672
              ],
              [
                121.15361559772857,
                25.079656433934748
              ],
              [
                121.15391284499294,
                25.079656433934748
              ],
              [
                121.15391284499294,
                25.079746032075672
              ],
              [
                121.15361559772857,
                25.079746032075672
              ]
            ]
          ]
        ]
      }
    },
    {
      "type": "Feature",
      "properties": {
        "type": "tidal_inundation_zone",
        "label": "潮汐淹没区"
      },
      "geometry": {
        "type": "MultiPolygon",
        "coordinates": [
          [
            [
              [
                121.27003744293853,
                25.1249930932414
              ],
              [
                121.27003744293853,
                25.12293233600019
              ],
              [
                121.27043377262436,
                25.12293233600019
              ],
              [
                121.27043377262436,
                25.122842737859266
              ],
              [
                121.271226431996,
                25.122842737859266
              ],
              [
                121.271226431996,
                25.1249930932414
              ],
              [
                121.27003744293853,
                25.1249930932414
              ]
            ]
          ],
          [
            [
              [
                121.25022095864747,
                25.121319569463587
              ],
              [
                121.25022095864747,
                25.121229971322666
              ],
              [
                121.25012187622602,
                25.121229971322666
              ],
              [
                121.25012187622602,
                25.121140373181746
              ],
              [
                121.25121178286203,
                25.121140373181746
              ],
              [
                121.25121178286203,
                25.121229971322666
              ],
              [
                121.25081545317622,
                25.121229971322666
              ],
              [
                121.25081545317622,
                25.121319569463587
              ],
              [
                121.25022095864747,
                25.121319569463587
              ]
            ]
          ],
          [
            [
              [
                121.24011455165903,
                25.11504769959903
              ],
              [
                121.24011455165903,
                25.11495810145811
              ],
              [
                121.24080812860923,
                25.11495810145811
              ],
              [
                121.24080812860923,
                25.11504769959903
              ],
              [
                121.24011455165903,
                25.11504769959903
              ]
            ]
          ],
          [
            [
              [
                121.2391237274445,
                25.115585288444567
              ],
              [
                121.2391237274445,
                25.115495690303643
              ],
              [
                121.23892556260158,
                25.115495690303643
              ],
              [
                121.23892556260158,
                25.115406092162722
              ],
              [
                121.23862831533721,
                25.115406092162722
              ],
              [
                121.23862831533721,
                25.115316494021798
              ],
              [
                121.2382319856514,
                25.115316494021798
              ],
              [
                121.2382319856514,
                25.115226895880877
              ],
              [
                121.23783565596557,
                25.115226895880877
              ],
              [
                121.23783565596557,
                25.115137297739953
              ],
              [
                121.23714207901538,
                25.115137297739953
              ],
              [
                121.23714207901538,
                25.11504769959903
              ],
              [
                121.2364485020652,
                25.11504769959903
              ],
              [
                121.2364485020652,
                25.11495810145811
              ],
              [
                121.23615125480083,
                25.11495810145811
              ],
              [
                121.23615125480083,
                25.11468930703534
              ],
              [
                121.2366466669081,
                25.11468930703534
              ],
              [
                121.2366466669081,
                25.114420512612575
              ],
              [
                121.23694391417247,
                25.114420512612575
              ],
              [
                121.23694391417247,
                25.11415171818981
              ],
              [
                121.2375384087012,
                25.11415171818981
              ],
              [
                121.2375384087012,
                25.114420512612575
              ],
              [
                121.23803382080848,
                25.114420512612575
              ],
              [
                121.23803382080848,
                25.11468930703534
              ],
              [
                121.23862831533721,
                25.11468930703534
              ],
              [
                121.23862831533721,
                25.11495810145811
              ],
              [
                121.2391237274445,
                25.11495810145811
              ],
              [
                121.2391237274445,
                25.115316494021798
              ],
              [
                121.23942097470885,
                25.115316494021798
              ],
              [
                121.23942097470885,
                25.115585288444567
              ],
              [
                121.2391237274445,
                25.115585288444567
              ]
            ]
          ],
          [
            [
              [
                121.24278977703833,
                25.113345334921508
              ],
              [
                121.24278977703833,
                25.113255736780587
              ],
              [
                121.24288885945978,
                25.113255736780587
              ],
              [
                121.24288885945978,
                25.113166138639667
              ],
              [
                121.24298794188124,
                25.113166138639667
              ],
              [
                121.24298794188124,
                25.113345334921508
              ],
              [
                121.24278977703833,
                25.113345334921508
              ]
            ]
          ],
          [
            [
              [
                121.24249252977397,
                25.113255736780587
              ],
              [
                121.24249252977397,
                25.113166138639667
              ],
              [
                121.24278977703833,
                25.113166138639667
              ],
              [
                121.24278977703833,
                25.113255736780587
              ],
              [
                121.24249252977397,
                25.113255736780587
              ]
            ]
          ],
          [
            [
              [
                121.24229436493106,
                25.113166138639667
              ],
              [
                121.24229436493106,
                25.113076540498742
              ],
              [
                121.24249252977397,
                25.113076540498742
              ],
              [
                121.24249252977397,
                25.113166138639667
              ],
              [
                121.24229436493106,
                25.113166138639667
              ]
            ]
          ],
          [
            [
              [
                121.24199711766668,
                25.113076540498742
              ],
              [
                121.24199711766668,
                25.11298694235782
              ],
              [
                121.2421952825096,
                25.11298694235782
              ],
              [
                121.2421952825096,
                25.113076540498742
              ],
              [
                121.24199711766668,
                25.113076540498742
              ]
            ]
          ],
          [
            [
              [
                121.2477438981111,
                25.118452428954075
              ],
              [
                121.2477438981111,
                25.118362830813155
              ],
              [
                121.24764481568964,
                25.118362830813155
              ],
              [
                121.24764481568964,
                25.11818363453131
              ],
              [
                121.24754573326818,
                25.11818363453131
              ],
              [
                121.24754573326818,
                25.117914840108543
              ],
              [
                121.24744665084673,
                25.117914840108543
              ],
              [
                121.24744665084673,
                25.1177356438267
              ],
              [
                121.24734756842527,
                25.1177356438267
              ],
              [
                121.24734756842527,
                25.117646045685778
              ],
              [
                121.24724848600383,
                25.117646045685778
              ],
              [
                121.24724848600383,
                25.117466849403932
              ],
              [
                121.24714940358237,
                25.117466849403932
              ],
              [
                121.24714940358237,
                25.11737725126301
              ],
              [
                121.24705032116091,
                25.11737725126301
              ],
              [
                121.24705032116091,
                25.117198054981166
              ],
              [
                121.24695123873946,
                25.117198054981166
              ],
              [
                121.24695123873946,
                25.11701885869932
              ],
              [
                121.246852156318,
                25.11701885869932
              ],
              [
                121.246852156318,
                25.1169292605584
              ],
              [
                121.24675307389654,
                25.1169292605584
              ],
              [
                121.24675307389654,
                25.116750064276555
              ],
              [
                121.24665399147509,
                25.116750064276555
              ],
              [
                121.24665399147509,
                25.11666046613563
              ],
              [
                121.24655490905363,
                25.11666046613563
              ],
              [
                121.24655490905363,
                25.11657086799471
              ],
              [
                121.24645582663217,
                25.11657086799471
              ],
              [
                121.24645582663217,
                25.11648126985379
              ],
              [
                121.24635674421073,
                25.11648126985379
              ],
              [
                121.24635674421073,
                25.116391671712865
              ],
              [
                121.24625766178927,
                25.116391671712865
              ],
              [
                121.24625766178927,
                25.11621247543102
              ],
              [
                121.24615857936782,
                25.11621247543102
              ],
              [
                121.24615857936782,
                25.1161228772901
              ],
              [
                121.24605949694636,
                25.1161228772901
              ],
              [
                121.24605949694636,
                25.11603327914918
              ],
              [
                121.2459604145249,
                25.11603327914918
              ],
              [
                121.2459604145249,
                25.115943681008254
              ],
              [
                121.24586133210344,
                25.115943681008254
              ],
              [
                121.24586133210344,
                25.115854082867333
              ],
              [
                121.24576224968199,
                25.115854082867333
              ],
              [
                121.24576224968199,
                25.11576448472641
              ],
              [
                121.24566316726053,
                25.11576448472641
              ],
              [
                121.24566316726053,
                25.115674886585488
              ],
              [
                121.24556408483907,
                25.115674886585488
              ],
              [
                121.24556408483907,
                25.115585288444567
              ],
              [
                121.24546500241763,
                25.115585288444567
              ],
              [
                121.24546500241763,
                25.115406092162722
              ],
              [
                121.24536591999617,
                25.115406092162722
              ],
              [
                121.24536591999617,
                25.115316494021798
              ],
              [
                121.24526683757472,
                25.115316494021798
              ],
              [
                121.24526683757472,
                25.115137297739953
              ],
              [
                121.24516775515326,
                25.115137297739953
              ],
              [
                121.24516775515326,
                25.11495810145811
              ],
              [
                121.2450686727318,
                25.11495810145811
              ],
              [
                121.2450686727318,
                25.11468930703534
              ],
              [
                121.24496959031035,
                25.11468930703534
              ],
              [
                121.24496959031035,
                25.114420512612575
              ],
              [
                121.24487050788889,
                25.114420512612575
              ],
              [
                121.24487050788889,
                25.11424131633073
              ],
              [
                121.24477142546743,
                25.11424131633073
              ],
              [
                121.24477142546743,
                25.11406212004889
              ],
              [
                121.24467234304598,
                25.11406212004889
              ],
              [
                121.24467234304598,
                25.113882923767044
              ],
              [
                121.24457326062453,
                25.113882923767044
              ],
              [
                121.24457326062453,
                25.1137037274852
              ],
              [
                121.24447417820308,
                25.1137037274852
              ],
              [
                121.24447417820308,
                25.113614129344278
              ],
              [
                121.24437509578162,
                25.113614129344278
              ],
              [
                121.24437509578162,
                25.113434933062432
              ],
              [
                121.24368151883144,
                25.113434933062432
              ],
              [
                121.24368151883144,
                25.113345334921508
              ],
              [
                121.2430870243027,
                25.113345334921508
              ],
              [
                121.2430870243027,
                25.113255736780587
              ],
              [
                121.2441769309387,
                25.113255736780587
              ],
              [
                121.2441769309387,
                25.113076540498742
              ],
              [
                121.24407784851725,
                25.113076540498742
              ],
              [
                121.24407784851725,
                25.112897344216897
              ],
              [
                121.24427601336016,
                25.112897344216897
              ],
              [
                121.24427601336016,
                25.11298694235782
              ],
              [
                121.24447417820308,
                25.11298694235782
              ],
              [
                121.24447417820308,
                25.113076540498742
              ],
              [
                121.24477142546743,
                25.113076540498742
              ],
              [
                121.24477142546743,
                25.113166138639667
              ],
              [
                121.2450686727318,
                25.113166138639667
              ],
              [
                121.2450686727318,
                25.113255736780587
              ],
              [
                121.24516775515326,
                25.113255736780587
              ],
              [
                121.24516775515326,
                25.113345334921508
              ],
              [
                121.24526683757472,
                25.113345334921508
              ],
              [
                121.24526683757472,
                25.113614129344278
              ],
              [
                121.24536591999617,
                25.113614129344278
              ],
              [
                121.24536591999617,
                25.11379332562612
              ],
              [
                121.24546500241763,
                25.11379332562612
              ],
              [
                121.24546500241763,
                25.113972521907964
              ],
              [
                121.24556408483907,
                25.113972521907964
              ],
              [
                121.24556408483907,
                25.11406212004889
              ],
              [
                121.24566316726053,
                25.11406212004889
              ],
              [
                121.24566316726053,
                25.11424131633073
              ],
              [
                121.24576224968199,
                25.11424131633073
              ],
              [
                121.24576224968199,
                25.114420512612575
              ],
              [
                121.24586133210344,
                25.114420512612575
              ],
              [
                121.24586133210344,
                25.1145101107535
              ],
              [
                121.2459604145249,
                25.1145101107535
              ],
              [
                121.2459604145249,
                25.11459970889442
              ],
              [
                121.24605949694636,
                25.11459970889442
              ],
              [
                121.24605949694636,
                25.114778905176266
              ],
              [
                121.24615857936782,
                25.114778905176266
              ],
              [
                121.24615857936782,
                25.114868503317187
              ],
              [
                121.24625766178927,
                25.114868503317187
              ],
              [
                121.24625766178927,
                25.11495810145811
              ],
              [
                121.24635674421073,
                25.11495810145811
              ],
              [
                121.24635674421073,
                25.115137297739953
              ],
              [
                121.24645582663217,
                25.115137297739953
              ],
              [
                121.24645582663217,
                25.115226895880877
              ],
              [
                121.24655490905363,
                25.115226895880877
              ],
              [
                121.24655490905363,
                25.115316494021798
              ],
              [
                121.24665399147509,
                25.115316494021798
              ],
              [
                121.24665399147509,
                25.115495690303643
              ],
              [
                121.24675307389654,
                25.115495690303643
              ],
              [
                121.24675307389654,
                25.115585288444567
              ],
              [
                121.246852156318,
                25.115585288444567
              ],
              [
                121.246852156318,
                25.115674886585488
              ],
              [
                121.24705032116091,
                25.115674886585488
              ],
              [
                121.24705032116091,
                25.11576448472641
              ],
              [
                121.24724848600383,
                25.11576448472641
              ],
              [
                121.24724848600383,
                25.115854082867333
              ],
              [
                121.24794206295401,
                25.115854082867333
              ],
              [
                121.24794206295401,
                25.115943681008254
              ],
              [
                121.24833839263982,
                25.115943681008254
              ],
              [
                121.24833839263982,
                25.115854082867333
              ],
              [
                121.24843747506128,
                25.115854082867333
              ],
              [
                121.24843747506128,
                25.11576448472641
              ],
              [
                121.24853655748274,
                25.11576448472641
              ],
              [
                121.24853655748274,
                25.115674886585488
              ],
              [
                121.2486356399042,
                25.115674886585488
              ],
              [
                121.2486356399042,
                25.115585288444567
              ],
              [
                121.24873472232565,
                25.115585288444567
              ],
              [
                121.24873472232565,
                25.115495690303643
              ],
              [
                121.24883380474711,
                25.115495690303643
              ],
              [
                121.24883380474711,
                25.115406092162722
              ],
              [
                121.24903196959002,
                25.115406092162722
              ],
              [
                121.24903196959002,
                25.115495690303643
              ],
              [
                121.24913105201146,
                25.115495690303643
              ],
              [
                121.24913105201146,
                25.115585288444567
              ],
              [
                121.24903196959002,
                25.115585288444567
              ],
              [
                121.24903196959002,
                25.115674886585488
              ],
              [
                121.24893288716856,
                25.115674886585488
              ],
              [
                121.24893288716856,
                25.115854082867333
              ],
              [
                121.24873472232565,
                25.115854082867333
              ],
              [
                121.24873472232565,
                25.115943681008254
              ],
              [
                121.2486356399042,
                25.115943681008254
              ],
              [
                121.2486356399042,
                25.11603327914918
              ],
              [
                121.24853655748274,
                25.11603327914918
              ],
              [
                121.24853655748274,
                25.1161228772901
              ],
              [
                121.24843747506128,
                25.1161228772901
              ],
              [
                121.24843747506128,
                25.116302073571944
              ],
              [
                121.24833839263982,
                25.116302073571944
              ],
              [
                121.24833839263982,
                25.116839662417476
              ],
              [
                121.24843747506128,
                25.116839662417476
              ],
              [
                121.24843747506128,
                25.11701885869932
              ],
              [
                121.24853655748274,
                25.11701885869932
              ],
              [
                121.24853655748274,
                25.117108456840242
              ],
              [
                121.2486356399042,
                25.117108456840242
              ],
              [
                121.2486356399042,
                25.117198054981166
              ],
              [
                121.24873472232565,
                25.117198054981166
              ],
              [
                121.24873472232565,
                25.117287653122087
              ],
              [
                121.24883380474711,
                25.117287653122087
              ],
              [
                121.24883380474711,
                25.11737725126301
              ],
              [
                121.24893288716856,
                25.11737725126301
              ],
              [
                121.24893288716856,
                25.117466849403932
              ],
              [
                121.24903196959002,
                25.117466849403932
              ],
              [
                121.24903196959002,
                25.117556447544853
              ],
              [
                121.24893288716856,
                25.117556447544853
              ],
              [
                121.24893288716856,
                25.117646045685778
              ],
              [
                121.24883380474711,
                25.117646045685778
              ],
              [
                121.24883380474711,
                25.1177356438267
              ],
              [
                121.24873472232565,
                25.1177356438267
              ],
              [
                121.24873472232565,
                25.117825241967623
              ],
              [
                121.24853655748274,
                25.117825241967623
              ],
              [
                121.24853655748274,
                25.117914840108543
              ],
              [
                121.24843747506128,
                25.117914840108543
              ],
              [
                121.24843747506128,
                25.118004438249464
              ],
              [
                121.24833839263982,
                25.118004438249464
              ],
              [
                121.24833839263982,
                25.11809403639039
              ],
              [
                121.24823931021837,
                25.11809403639039
              ],
              [
                121.24823931021837,
                25.11818363453131
              ],
              [
                121.24804114537547,
                25.11818363453131
              ],
              [
                121.24804114537547,
                25.118273232672234
              ],
              [
                121.24794206295401,
                25.118273232672234
              ],
              [
                121.24794206295401,
                25.118362830813155
              ],
              [
                121.24784298053255,
                25.118362830813155
              ],
              [
                121.24784298053255,
                25.118452428954075
              ],
              [
                121.2477438981111,
                25.118452428954075
              ]
            ]
          ],
          [
            [
              [
                121.24179895282379,
                25.11298694235782
              ],
              [
                121.24179895282379,
                25.112897344216897
              ],
              [
                121.24199711766668,
                25.112897344216897
              ],
              [
                121.24199711766668,
                25.11298694235782
              ],
              [
                121.24179895282379,
                25.11298694235782
              ]
            ]
          ],
          [
            [
              [
                121.24160078798087,
                25.112897344216897
              ],
              [
                121.24160078798087,
                25.112807746075976
              ],
              [
                121.24179895282379,
                25.112807746075976
              ],
              [
                121.24179895282379,
                25.112897344216897
              ],
              [
                121.24160078798087,
                25.112897344216897
              ]
            ]
          ],
          [
            [
              [
                121.24457326062453,
                25.11298694235782
              ],
              [
                121.24457326062453,
                25.112897344216897
              ],
              [
                121.24447417820308,
                25.112897344216897
              ],
              [
                121.24447417820308,
                25.112807746075976
              ],
              [
                121.24467234304598,
                25.112807746075976
              ],
              [
                121.24467234304598,
                25.112897344216897
              ],
              [
                121.24477142546743,
                25.112897344216897
              ],
              [
                121.24477142546743,
                25.11298694235782
              ],
              [
                121.24457326062453,
                25.11298694235782
              ]
            ]
          ],
          [
            [
              [
                121.24140262313796,
                25.112807746075976
              ],
              [
                121.24140262313796,
                25.112718147935055
              ],
              [
                121.24150170555941,
                25.112718147935055
              ],
              [
                121.24150170555941,
                25.112807746075976
              ],
              [
                121.24140262313796,
                25.112807746075976
              ]
            ]
          ],
          [
            [
              [
                121.24110537587359,
                25.112718147935055
              ],
              [
                121.24110537587359,
                25.11262854979413
              ],
              [
                121.2413035407165,
                25.11262854979413
              ],
              [
                121.2413035407165,
                25.112718147935055
              ],
              [
                121.24110537587359,
                25.112718147935055
              ]
            ]
          ],
          [
            [
              [
                121.24090721103069,
                25.11262854979413
              ],
              [
                121.24090721103069,
                25.11253895165321
              ],
              [
                121.24110537587359,
                25.11253895165321
              ],
              [
                121.24110537587359,
                25.11262854979413
              ],
              [
                121.24090721103069,
                25.11262854979413
              ]
            ]
          ],
          [
            [
              [
                121.21465036934504,
                25.109582213002774
              ],
              [
                121.21465036934504,
                25.109492614861853
              ],
              [
                121.21435312208067,
                25.109492614861853
              ],
              [
                121.21435312208067,
                25.109403016720933
              ],
              [
                121.21524486387376,
                25.109403016720933
              ],
              [
                121.21524486387376,
                25.109582213002774
              ],
              [
                121.21465036934504,
                25.109582213002774
              ]
            ]
          ],
          [
            [
              [
                121.21365954513048,
                25.109223820439087
              ],
              [
                121.21365954513048,
                25.109134222298163
              ],
              [
                121.2138577099734,
                25.109134222298163
              ],
              [
                121.2138577099734,
                25.109223820439087
              ],
              [
                121.21365954513048,
                25.109223820439087
              ]
            ]
          ],
          [
            [
              [
                121.24477142546743,
                25.112807746075976
              ],
              [
                121.24477142546743,
                25.112718147935055
              ],
              [
                121.24447417820308,
                25.112718147935055
              ],
              [
                121.24447417820308,
                25.11262854979413
              ],
              [
                121.2441769309387,
                25.11262854979413
              ],
              [
                121.2441769309387,
                25.11253895165321
              ],
              [
                121.24387968367434,
                25.11253895165321
              ],
              [
                121.24387968367434,
                25.111911764666754
              ],
              [
                121.24378060125288,
                25.111911764666754
              ],
              [
                121.24378060125288,
                25.111105381398453
              ],
              [
                121.24387968367434,
                25.111105381398453
              ],
              [
                121.24387968367434,
                25.11056779255292
              ],
              [
                121.2439787660958,
                25.11056779255292
              ],
              [
                121.2439787660958,
                25.110298998130155
              ],
              [
                121.24407784851725,
                25.110298998130155
              ],
              [
                121.24407784851725,
                25.11011980184831
              ],
              [
                121.2441769309387,
                25.11011980184831
              ],
              [
                121.2441769309387,
                25.109851007425544
              ],
              [
                121.24427601336016,
                25.109851007425544
              ],
              [
                121.24427601336016,
                25.1096718111437
              ],
              [
                121.24437509578162,
                25.1096718111437
              ],
              [
                121.24437509578162,
                25.109582213002774
              ],
              [
                121.24447417820308,
                25.109582213002774
              ],
              [
                121.24447417820308,
                25.109492614861853
              ],
              [
                121.24457326062453,
                25.109492614861853
              ],
              [
                121.24457326062453,
                25.109403016720933
              ],
              [
                121.24467234304598,
                25.109403016720933
              ],
              [
                121.24467234304598,
                25.109313418580008
              ],
              [
                121.24477142546743,
                25.109313418580008
              ],
              [
                121.24477142546743,
                25.109134222298163
              ],
              [
                121.24487050788889,
                25.109134222298163
              ],
              [
                121.24487050788889,
                25.109044624157242
              ],
              [
                121.24496959031035,
                25.109044624157242
              ],
              [
                121.24496959031035,
                25.10895502601632
              ],
              [
                121.2450686727318,
                25.10895502601632
              ],
              [
                121.2450686727318,
                25.108865427875397
              ],
              [
                121.24516775515326,
                25.108865427875397
              ],
              [
                121.24516775515326,
                25.108775829734476
              ],
              [
                121.24526683757472,
                25.108775829734476
              ],
              [
                121.24526683757472,
                25.108686231593552
              ],
              [
                121.24546500241763,
                25.108686231593552
              ],
              [
                121.24546500241763,
                25.10859663345263
              ],
              [
                121.24556408483907,
                25.10859663345263
              ],
              [
                121.24556408483907,
                25.10850703531171
              ],
              [
                121.24576224968199,
                25.10850703531171
              ],
              [
                121.24576224968199,
                25.108417437170786
              ],
              [
                121.2459604145249,
                25.108417437170786
              ],
              [
                121.2459604145249,
                25.108327839029865
              ],
              [
                121.24615857936782,
                25.108327839029865
              ],
              [
                121.24615857936782,
                25.10823824088894
              ],
              [
                121.24645582663217,
                25.10823824088894
              ],
              [
                121.24645582663217,
                25.10814864274802
              ],
              [
                121.24665399147509,
                25.10814864274802
              ],
              [
                121.24665399147509,
                25.1080590446071
              ],
              [
                121.24695123873946,
                25.1080590446071
              ],
              [
                121.24695123873946,
                25.107969446466175
              ],
              [
                121.24705032116091,
                25.107969446466175
              ],
              [
                121.24705032116091,
                25.107879848325254
              ],
              [
                121.24714940358237,
                25.107879848325254
              ],
              [
                121.24714940358237,
                25.107969446466175
              ],
              [
                121.24724848600383,
                25.107969446466175
              ],
              [
                121.24724848600383,
                25.1080590446071
              ],
              [
                121.24744665084673,
                25.1080590446071
              ],
              [
                121.24744665084673,
                25.10814864274802
              ],
              [
                121.24754573326818,
                25.10814864274802
              ],
              [
                121.24754573326818,
                25.10823824088894
              ],
              [
                121.2477438981111,
                25.10823824088894
              ],
              [
                121.2477438981111,
                25.108327839029865
              ],
              [
                121.24784298053255,
                25.108327839029865
              ],
              [
                121.24784298053255,
                25.108417437170786
              ],
              [
                121.24764481568964,
                25.108417437170786
              ],
              [
                121.24764481568964,
                25.10850703531171
              ],
              [
                121.24744665084673,
                25.10850703531171
              ],
              [
                121.24744665084673,
                25.10859663345263
              ],
              [
                121.24724848600383,
                25.10859663345263
              ],
              [
                121.24724848600383,
                25.108686231593552
              ],
              [
                121.24695123873946,
                25.108686231593552
              ],
              [
                121.24695123873946,
                25.108775829734476
              ],
              [
                121.24665399147509,
                25.108775829734476
              ],
              [
                121.24665399147509,
                25.108865427875397
              ],
              [
                121.24645582663217,
                25.108865427875397
              ],
              [
                121.24645582663217,
                25.10895502601632
              ],
              [
                121.24625766178927,
                25.10895502601632
              ],
              [
                121.24625766178927,
                25.109044624157242
              ],
              [
                121.24605949694636,
                25.109044624157242
              ],
              [
                121.24605949694636,
                25.109134222298163
              ],
              [
                121.2459604145249,
                25.109134222298163
              ],
              [
                121.2459604145249,
                25.109223820439087
              ],
              [
                121.24576224968199,
                25.109223820439087
              ],
              [
                121.24576224968199,
                25.109313418580008
              ],
              [
                121.24556408483907,
                25.109313418580008
              ],
              [
                121.24556408483907,
                25.109403016720933
              ],
              [
                121.24546500241763,
                25.109403016720933
              ],
              [
                121.24546500241763,
                25.109492614861853
              ],
              [
                121.24536591999617,
                25.109492614861853
              ],
              [
                121.24536591999617,
                25.109582213002774
              ],
              [
                121.24526683757472,
                25.109582213002774
              ],
              [
                121.24526683757472,
                25.1096718111437
              ],
              [
                121.24516775515326,
                25.1096718111437
              ],
              [
                121.24516775515326,
                25.109851007425544
              ],
              [
                121.2450686727318,
                25.109851007425544
              ],
              [
                121.2450686727318,
                25.109940605566464
              ],
              [
                121.24496959031035,
                25.109940605566464
              ],
              [
                121.24496959031035,
                25.11011980184831
              ],
              [
                121.24487050788889,
                25.11011980184831
              ],
              [
                121.24487050788889,
                25.110298998130155
              ],
              [
                121.24477142546743,
                25.110298998130155
              ],
              [
                121.24477142546743,
                25.110478194411996
              ],
              [
                121.24467234304598,
                25.110478194411996
              ],
              [
                121.24467234304598,
                25.110926185116607
              ],
              [
                121.24457326062453,
                25.110926185116607
              ],
              [
                121.24457326062453,
                25.1120909609486
              ],
              [
                121.24467234304598,
                25.1120909609486
              ],
              [
                121.24467234304598,
                25.112270157230444
              ],
              [
                121.24477142546743,
                25.112270157230444
              ],
              [
                121.24477142546743,
                25.11253895165321
              ],
              [
                121.24487050788889,
                25.11253895165321
              ],
              [
                121.24487050788889,
                25.112718147935055
              ],
              [
                121.24496959031035,
                25.112718147935055
              ],
              [
                121.24496959031035,
                25.112807746075976
              ],
              [
                121.24477142546743,
                25.112807746075976
              ]
            ]
          ],
          [
            [
              [
                121.20791276468607,
                25.106446278070496
              ],
              [
                121.20791276468607,
                25.106356679929576
              ],
              [
                121.20801184710753,
                25.106356679929576
              ],
              [
                121.20801184710753,
                25.106446278070496
              ],
              [
                121.20791276468607,
                25.106446278070496
              ]
            ]
          ],
          [
            [
              [
                121.20771459984316,
                25.10626708178865
              ],
              [
                121.20771459984316,
                25.10617748364773
              ],
              [
                121.2076155174217,
                25.10617748364773
              ],
              [
                121.2076155174217,
                25.10608788550681
              ],
              [
                121.20781368226461,
                25.10608788550681
              ],
              [
                121.20781368226461,
                25.10626708178865
              ],
              [
                121.20771459984316,
                25.10626708178865
              ]
            ]
          ],
          [
            [
              [
                121.2074173525788,
                25.10608788550681
              ],
              [
                121.2074173525788,
                25.10581909108404
              ],
              [
                121.20751643500026,
                25.10581909108404
              ],
              [
                121.20751643500026,
                25.10608788550681
              ],
              [
                121.2074173525788,
                25.10608788550681
              ]
            ]
          ],
          [
            [
              [
                121.2067237756286,
                25.10411672640652
              ],
              [
                121.2067237756286,
                25.103937530124675
              ],
              [
                121.20662469320716,
                25.103937530124675
              ],
              [
                121.20662469320716,
                25.10375833384283
              ],
              [
                121.2067237756286,
                25.10375833384283
              ],
              [
                121.2067237756286,
                25.10384793198375
              ],
              [
                121.20682285805006,
                25.10384793198375
              ],
              [
                121.20682285805006,
                25.103937530124675
              ],
              [
                121.20692194047152,
                25.103937530124675
              ],
              [
                121.20692194047152,
                25.104027128265596
              ],
              [
                121.20682285805006,
                25.104027128265596
              ],
              [
                121.20682285805006,
                25.10411672640652
              ],
              [
                121.2067237756286,
                25.10411672640652
              ]
            ]
          ],
          [
            [
              [
                121.20929991858645,
                25.10366873570191
              ],
              [
                121.20929991858645,
                25.103579137560985
              ],
              [
                121.20969624827227,
                25.103579137560985
              ],
              [
                121.20969624827227,
                25.10366873570191
              ],
              [
                121.20929991858645,
                25.10366873570191
              ]
            ]
          ],
          [
            [
              [
                121.20969624827227,
                25.103579137560985
              ],
              [
                121.20969624827227,
                25.103489539420064
              ],
              [
                121.20979533069372,
                25.103489539420064
              ],
              [
                121.20979533069372,
                25.103579137560985
              ],
              [
                121.20969624827227,
                25.103579137560985
              ]
            ]
          ],
          [
            [
              [
                121.20979533069372,
                25.103489539420064
              ],
              [
                121.20979533069372,
                25.10339994127914
              ],
              [
                121.20989441311518,
                25.10339994127914
              ],
              [
                121.20989441311518,
                25.103489539420064
              ],
              [
                121.20979533069372,
                25.103489539420064
              ]
            ]
          ],
          [
            [
              [
                121.20632744594279,
                25.10384793198375
              ],
              [
                121.20632744594279,
                25.10375833384283
              ],
              [
                121.20612928109988,
                25.10375833384283
              ],
              [
                121.20612928109988,
                25.10339994127914
              ],
              [
                121.20622836352133,
                25.10339994127914
              ],
              [
                121.20622836352133,
                25.10331034313822
              ],
              [
                121.20632744594279,
                25.10331034313822
              ],
              [
                121.20632744594279,
                25.103489539420064
              ],
              [
                121.20642652836425,
                25.103489539420064
              ],
              [
                121.20642652836425,
                25.103579137560985
              ],
              [
                121.2065256107857,
                25.103579137560985
              ],
              [
                121.2065256107857,
                25.10366873570191
              ],
              [
                121.20662469320716,
                25.10366873570191
              ],
              [
                121.20662469320716,
                25.10375833384283
              ],
              [
                121.2065256107857,
                25.10375833384283
              ],
              [
                121.2065256107857,
                25.10384793198375
              ],
              [
                121.20632744594279,
                25.10384793198375
              ]
            ]
          ],
          [
            [
              [
                121.20900267132208,
                25.103489539420064
              ],
              [
                121.20900267132208,
                25.10331034313822
              ],
              [
                121.20910175374354,
                25.10331034313822
              ],
              [
                121.20910175374354,
                25.10339994127914
              ],
              [
                121.209200836165,
                25.10339994127914
              ],
              [
                121.209200836165,
                25.103489539420064
              ],
              [
                121.20900267132208,
                25.103489539420064
              ]
            ]
          ],
          [
            [
              [
                121.20999349553664,
                25.10339994127914
              ],
              [
                121.20999349553664,
                25.10331034313822
              ],
              [
                121.2100925779581,
                25.10331034313822
              ],
              [
                121.2100925779581,
                25.10339994127914
              ],
              [
                121.20999349553664,
                25.10339994127914
              ]
            ]
          ],
          [
            [
              [
                121.20494029204241,
                25.103579137560985
              ],
              [
                121.20494029204241,
                25.103489539420064
              ],
              [
                121.20484120962097,
                25.103489539420064
              ],
              [
                121.20484120962097,
                25.103220744997298
              ],
              [
                121.20503937446387,
                25.103220744997298
              ],
              [
                121.20503937446387,
                25.10331034313822
              ],
              [
                121.20523753930678,
                25.10331034313822
              ],
              [
                121.20523753930678,
                25.103489539420064
              ],
              [
                121.20513845688532,
                25.103489539420064
              ],
              [
                121.20513845688532,
                25.103579137560985
              ],
              [
                121.20494029204241,
                25.103579137560985
              ]
            ]
          ],
          [
            [
              [
                121.20890358890063,
                25.10331034313822
              ],
              [
                121.20890358890063,
                25.103220744997298
              ],
              [
                121.20900267132208,
                25.103220744997298
              ],
              [
                121.20900267132208,
                25.10331034313822
              ],
              [
                121.20890358890063,
                25.10331034313822
              ]
            ]
          ],
          [
            [
              [
                121.20573295141406,
                25.10366873570191
              ],
              [
                121.20573295141406,
                25.103579137560985
              ],
              [
                121.20533662172824,
                25.103579137560985
              ],
              [
                121.20533662172824,
                25.103489539420064
              ],
              [
                121.20543570414969,
                25.103489539420064
              ],
              [
                121.20543570414969,
                25.10339994127914
              ],
              [
                121.20553478657115,
                25.10339994127914
              ],
              [
                121.20553478657115,
                25.10331034313822
              ],
              [
                121.2056338689926,
                25.10331034313822
              ],
              [
                121.2056338689926,
                25.103220744997298
              ],
              [
                121.20573295141406,
                25.103220744997298
              ],
              [
                121.20573295141406,
                25.103131146856374
              ],
              [
                121.2058320338355,
                25.103131146856374
              ],
              [
                121.2058320338355,
                25.103041548715453
              ],
              [
                121.20593111625696,
                25.103041548715453
              ],
              [
                121.20593111625696,
                25.103131146856374
              ],
              [
                121.20603019867842,
                25.103131146856374
              ],
              [
                121.20603019867842,
                25.103220744997298
              ],
              [
                121.20612928109988,
                25.103220744997298
              ],
              [
                121.20612928109988,
                25.10331034313822
              ],
              [
                121.20603019867842,
                25.10331034313822
              ],
              [
                121.20603019867842,
                25.103579137560985
              ],
              [
                121.20593111625696,
                25.103579137560985
              ],
              [
                121.20593111625696,
                25.10366873570191
              ],
              [
                121.20573295141406,
                25.10366873570191
              ]
            ]
          ],
          [
            [
              [
                121.20523753930678,
                25.10331034313822
              ],
              [
                121.20523753930678,
                25.103220744997298
              ],
              [
                121.20513845688532,
                25.103220744997298
              ],
              [
                121.20513845688532,
                25.103041548715453
              ],
              [
                121.20523753930678,
                25.103041548715453
              ],
              [
                121.20523753930678,
                25.10295195057453
              ],
              [
                121.20543570414969,
                25.10295195057453
              ],
              [
                121.20543570414969,
                25.102862352433608
              ],
              [
                121.20553478657115,
                25.102862352433608
              ],
              [
                121.20553478657115,
                25.102772754292687
              ],
              [
                121.20573295141406,
                25.102772754292687
              ],
              [
                121.20573295141406,
                25.103041548715453
              ],
              [
                121.2056338689926,
                25.103041548715453
              ],
              [
                121.2056338689926,
                25.103131146856374
              ],
              [
                121.20553478657115,
                25.103131146856374
              ],
              [
                121.20553478657115,
                25.103220744997298
              ],
              [
                121.20543570414969,
                25.103220744997298
              ],
              [
                121.20543570414969,
                25.10331034313822
              ],
              [
                121.20523753930678,
                25.10331034313822
              ]
            ]
          ],
          [
            [
              [
                121.20503937446387,
                25.103041548715453
              ],
              [
                121.20503937446387,
                25.102862352433608
              ],
              [
                121.20494029204241,
                25.102862352433608
              ],
              [
                121.20494029204241,
                25.10259355801084
              ],
              [
                121.20513845688532,
                25.10259355801084
              ],
              [
                121.20513845688532,
                25.102503959869917
              ],
              [
                121.20533662172824,
                25.102503959869917
              ],
              [
                121.20533662172824,
                25.102414361728997
              ],
              [
                121.20543570414969,
                25.102414361728997
              ],
              [
                121.20543570414969,
                25.102503959869917
              ],
              [
                121.20553478657115,
                25.102503959869917
              ],
              [
                121.20553478657115,
                25.102683156151762
              ],
              [
                121.20543570414969,
                25.102683156151762
              ],
              [
                121.20543570414969,
                25.102772754292687
              ],
              [
                121.20533662172824,
                25.102772754292687
              ],
              [
                121.20533662172824,
                25.102862352433608
              ],
              [
                121.20523753930678,
                25.102862352433608
              ],
              [
                121.20523753930678,
                25.10295195057453
              ],
              [
                121.20513845688532,
                25.10295195057453
              ],
              [
                121.20513845688532,
                25.103041548715453
              ],
              [
                121.20503937446387,
                25.103041548715453
              ]
            ]
          ],
          [
            [
              [
                121.20464304477805,
                25.10331034313822
              ],
              [
                121.20464304477805,
                25.103220744997298
              ],
              [
                121.2045439623566,
                25.103220744997298
              ],
              [
                121.2045439623566,
                25.103041548715453
              ],
              [
                121.20444487993514,
                25.103041548715453
              ],
              [
                121.20444487993514,
                25.102862352433608
              ],
              [
                121.20434579751368,
                25.102862352433608
              ],
              [
                121.20434579751368,
                25.102772754292687
              ],
              [
                121.20424671509222,
                25.102772754292687
              ],
              [
                121.20424671509222,
                25.102503959869917
              ],
              [
                121.20414763267077,
                25.102503959869917
              ],
              [
                121.20414763267077,
                25.102324763588076
              ],
              [
                121.20424671509222,
                25.102324763588076
              ],
              [
                121.20424671509222,
                25.10223516544715
              ],
              [
                121.2045439623566,
                25.10223516544715
              ],
              [
                121.2045439623566,
                25.102414361728997
              ],
              [
                121.20464304477805,
                25.102414361728997
              ],
              [
                121.20464304477805,
                25.10259355801084
              ],
              [
                121.20474212719951,
                25.10259355801084
              ],
              [
                121.20474212719951,
                25.102683156151762
              ],
              [
                121.20464304477805,
                25.102683156151762
              ],
              [
                121.20464304477805,
                25.102772754292687
              ],
              [
                121.20484120962097,
                25.102772754292687
              ],
              [
                121.20484120962097,
                25.102862352433608
              ],
              [
                121.20494029204241,
                25.102862352433608
              ],
              [
                121.20494029204241,
                25.103131146856374
              ],
              [
                121.20484120962097,
                25.103131146856374
              ],
              [
                121.20484120962097,
                25.103220744997298
              ],
              [
                121.20474212719951,
                25.103220744997298
              ],
              [
                121.20474212719951,
                25.10331034313822
              ],
              [
                121.20464304477805,
                25.10331034313822
              ]
            ],
            [
              [
                121.20444487993514,
                25.102862352433608
              ],
              [
                121.2045439623566,
                25.102862352433608
              ],
              [
                121.2045439623566,
                25.102772754292687
              ],
              [
                121.20444487993514,
                25.102772754292687
              ],
              [
                121.20444487993514,
                25.102862352433608
              ]
            ]
          ],
          [
            [
              [
                121.20484120962097,
                25.10259355801084
              ],
              [
                121.20484120962097,
                25.102503959869917
              ],
              [
                121.20474212719951,
                25.102503959869917
              ],
              [
                121.20474212719951,
                25.102324763588076
              ],
              [
                121.20464304477805,
                25.102324763588076
              ],
              [
                121.20464304477805,
                25.10214556730623
              ],
              [
                121.20494029204241,
                25.10214556730623
              ],
              [
                121.20494029204241,
                25.102055969165306
              ],
              [
                121.20513845688532,
                25.102055969165306
              ],
              [
                121.20513845688532,
                25.10223516544715
              ],
              [
                121.20523753930678,
                25.10223516544715
              ],
              [
                121.20523753930678,
                25.102324763588076
              ],
              [
                121.20533662172824,
                25.102324763588076
              ],
              [
                121.20533662172824,
                25.102414361728997
              ],
              [
                121.20513845688532,
                25.102414361728997
              ],
              [
                121.20513845688532,
                25.102503959869917
              ],
              [
                121.20494029204241,
                25.102503959869917
              ],
              [
                121.20494029204241,
                25.10259355801084
              ],
              [
                121.20484120962097,
                25.10259355801084
              ]
            ]
          ],
          [
            [
              [
                121.20414763267077,
                25.102055969165306
              ],
              [
                121.20414763267077,
                25.10178717474254
              ],
              [
                121.20434579751368,
                25.10178717474254
              ],
              [
                121.20434579751368,
                25.10169757660162
              ],
              [
                121.20464304477805,
                25.10169757660162
              ],
              [
                121.20464304477805,
                25.101876772883465
              ],
              [
                121.20474212719951,
                25.101876772883465
              ],
              [
                121.20474212719951,
                25.10169757660162
              ],
              [
                121.20484120962097,
                25.10169757660162
              ],
              [
                121.20484120962097,
                25.10178717474254
              ],
              [
                121.20494029204241,
                25.10178717474254
              ],
              [
                121.20494029204241,
                25.101876772883465
              ],
              [
                121.20503937446387,
                25.101876772883465
              ],
              [
                121.20503937446387,
                25.101966371024385
              ],
              [
                121.20474212719951,
                25.101966371024385
              ],
              [
                121.20474212719951,
                25.102055969165306
              ],
              [
                121.20414763267077,
                25.102055969165306
              ]
            ]
          ],
          [
            [
              [
                121.20603019867842,
                25.10214556730623
              ],
              [
                121.20603019867842,
                25.102055969165306
              ],
              [
                121.20593111625696,
                25.102055969165306
              ],
              [
                121.20593111625696,
                25.101876772883465
              ],
              [
                121.2058320338355,
                25.101876772883465
              ],
              [
                121.2058320338355,
                25.10178717474254
              ],
              [
                121.20573295141406,
                25.10178717474254
              ],
              [
                121.20573295141406,
                25.10169757660162
              ],
              [
                121.2056338689926,
                25.10169757660162
              ],
              [
                121.2056338689926,
                25.101428782178854
              ],
              [
                121.20593111625696,
                25.101428782178854
              ],
              [
                121.20593111625696,
                25.101518380319774
              ],
              [
                121.20603019867842,
                25.101518380319774
              ],
              [
                121.20603019867842,
                25.101607978460695
              ],
              [
                121.20612928109988,
                25.101607978460695
              ],
              [
                121.20612928109988,
                25.10169757660162
              ],
              [
                121.20622836352133,
                25.10169757660162
              ],
              [
                121.20622836352133,
                25.10178717474254
              ],
              [
                121.20632744594279,
                25.10178717474254
              ],
              [
                121.20632744594279,
                25.102055969165306
              ],
              [
                121.20622836352133,
                25.102055969165306
              ],
              [
                121.20622836352133,
                25.10214556730623
              ],
              [
                121.20603019867842,
                25.10214556730623
              ]
            ]
          ],
          [
            [
              [
                121.20394946782787,
                25.10169757660162
              ],
              [
                121.20394946782787,
                25.101518380319774
              ],
              [
                121.20385038540641,
                25.101518380319774
              ],
              [
                121.20385038540641,
                25.10133918403793
              ],
              [
                121.20394946782787,
                25.10133918403793
              ],
              [
                121.20394946782787,
                25.10124958589701
              ],
              [
                121.20404855024931,
                25.10124958589701
              ],
              [
                121.20404855024931,
                25.101159987756084
              ],
              [
                121.20414763267077,
                25.101159987756084
              ],
              [
                121.20414763267077,
                25.101070389615163
              ],
              [
                121.20424671509222,
                25.101070389615163
              ],
              [
                121.20424671509222,
                25.101159987756084
              ],
              [
                121.20434579751368,
                25.101159987756084
              ],
              [
                121.20434579751368,
                25.10124958589701
              ],
              [
                121.20444487993514,
                25.10124958589701
              ],
              [
                121.20444487993514,
                25.10133918403793
              ],
              [
                121.2045439623566,
                25.10133918403793
              ],
              [
                121.2045439623566,
                25.101428782178854
              ],
              [
                121.20464304477805,
                25.101428782178854
              ],
              [
                121.20464304477805,
                25.101607978460695
              ],
              [
                121.20434579751368,
                25.101607978460695
              ],
              [
                121.20434579751368,
                25.10169757660162
              ],
              [
                121.20394946782787,
                25.10169757660162
              ]
            ]
          ],
          [
            [
              [
                121.20513845688532,
                25.10124958589701
              ],
              [
                121.20513845688532,
                25.101159987756084
              ],
              [
                121.20503937446387,
                25.101159987756084
              ],
              [
                121.20503937446387,
                25.100980791474242
              ],
              [
                121.20494029204241,
                25.100980791474242
              ],
              [
                121.20494029204241,
                25.100891193333318
              ],
              [
                121.20484120962097,
                25.100891193333318
              ],
              [
                121.20484120962097,
                25.100801595192397
              ],
              [
                121.20474212719951,
                25.100801595192397
              ],
              [
                121.20474212719951,
                25.100711997051473
              ],
              [
                121.20484120962097,
                25.100711997051473
              ],
              [
                121.20484120962097,
                25.100622398910552
              ],
              [
                121.20503937446387,
                25.100622398910552
              ],
              [
                121.20503937446387,
                25.100711997051473
              ],
              [
                121.20513845688532,
                25.100711997051473
              ],
              [
                121.20513845688532,
                25.100801595192397
              ],
              [
                121.20523753930678,
                25.100801595192397
              ],
              [
                121.20523753930678,
                25.100891193333318
              ],
              [
                121.20533662172824,
                25.100891193333318
              ],
              [
                121.20533662172824,
                25.100980791474242
              ],
              [
                121.20543570414969,
                25.100980791474242
              ],
              [
                121.20543570414969,
                25.10124958589701
              ],
              [
                121.20513845688532,
                25.10124958589701
              ]
            ]
          ],
          [
            [
              [
                121.20375130298495,
                25.100980791474242
              ],
              [
                121.20375130298495,
                25.100891193333318
              ],
              [
                121.2036522205635,
                25.100891193333318
              ],
              [
                121.2036522205635,
                25.100711997051473
              ],
              [
                121.20355313814204,
                25.100711997051473
              ],
              [
                121.20355313814204,
                25.100622398910552
              ],
              [
                121.20375130298495,
                25.100622398910552
              ],
              [
                121.20375130298495,
                25.100801595192397
              ],
              [
                121.20394946782787,
                25.100801595192397
              ],
              [
                121.20394946782787,
                25.100891193333318
              ],
              [
                121.20385038540641,
                25.100891193333318
              ],
              [
                121.20385038540641,
                25.100980791474242
              ],
              [
                121.20375130298495,
                25.100980791474242
              ]
            ]
          ],
          [
            [
              [
                121.2045439623566,
                25.100622398910552
              ],
              [
                121.2045439623566,
                25.10053280076963
              ],
              [
                121.20444487993514,
                25.10053280076963
              ],
              [
                121.20444487993514,
                25.100353604487786
              ],
              [
                121.20424671509222,
                25.100353604487786
              ],
              [
                121.20424671509222,
                25.10017440820594
              ],
              [
                121.20414763267077,
                25.10017440820594
              ],
              [
                121.20414763267077,
                25.099995211924096
              ],
              [
                121.20424671509222,
                25.099995211924096
              ],
              [
                121.20424671509222,
                25.100084810065017
              ],
              [
                121.20434579751368,
                25.100084810065017
              ],
              [
                121.20434579751368,
                25.10017440820594
              ],
              [
                121.20444487993514,
                25.10017440820594
              ],
              [
                121.20444487993514,
                25.100264006346862
              ],
              [
                121.2045439623566,
                25.100264006346862
              ],
              [
                121.2045439623566,
                25.100353604487786
              ],
              [
                121.20474212719951,
                25.100353604487786
              ],
              [
                121.20474212719951,
                25.100443202628707
              ],
              [
                121.20484120962097,
                25.100443202628707
              ],
              [
                121.20484120962097,
                25.100622398910552
              ],
              [
                121.2045439623566,
                25.100622398910552
              ]
            ]
          ],
          [
            [
              [
                121.19453663778961,
                25.09892003423303
              ],
              [
                121.19453663778961,
                25.098830436092108
              ],
              [
                121.19473480263252,
                25.098830436092108
              ],
              [
                121.19473480263252,
                25.09892003423303
              ],
              [
                121.19453663778961,
                25.09892003423303
              ]
            ]
          ],
          [
            [
              [
                121.24804114537547,
                25.108327839029865
              ],
              [
                121.24804114537547,
                25.10823824088894
              ],
              [
                121.24794206295401,
                25.10823824088894
              ],
              [
                121.24794206295401,
                25.10814864274802
              ],
              [
                121.2477438981111,
                25.10814864274802
              ],
              [
                121.2477438981111,
                25.1080590446071
              ],
              [
                121.24764481568964,
                25.1080590446071
              ],
              [
                121.24764481568964,
                25.107969446466175
              ],
              [
                121.24754573326818,
                25.107969446466175
              ],
              [
                121.24754573326818,
                25.107879848325254
              ],
              [
                121.24744665084673,
                25.107879848325254
              ],
              [
                121.24744665084673,
                25.10779025018433
              ],
              [
                121.24734756842527,
                25.10779025018433
              ],
              [
                121.24734756842527,
                25.10770065204341
              ],
              [
                121.24744665084673,
                25.10770065204341
              ],
              [
                121.24744665084673,
                25.107611053902485
              ],
              [
                121.2477438981111,
                25.107611053902485
              ],
              [
                121.2477438981111,
                25.107521455761564
              ],
              [
                121.24784298053255,
                25.107521455761564
              ],
              [
                121.24784298053255,
                25.107431857620643
              ],
              [
                121.24804114537547,
                25.107431857620643
              ],
              [
                121.24804114537547,
                25.10734225947972
              ],
              [
                121.24814022779692,
                25.10734225947972
              ],
              [
                121.24814022779692,
                25.107252661338798
              ],
              [
                121.24833839263982,
                25.107252661338798
              ],
              [
                121.24833839263982,
                25.107163063197873
              ],
              [
                121.24853655748274,
                25.107163063197873
              ],
              [
                121.24853655748274,
                25.107073465056953
              ],
              [
                121.2486356399042,
                25.107073465056953
              ],
              [
                121.2486356399042,
                25.106983866916032
              ],
              [
                121.24883380474711,
                25.106983866916032
              ],
              [
                121.24883380474711,
                25.106894268775108
              ],
              [
                121.24903196959002,
                25.106894268775108
              ],
              [
                121.24903196959002,
                25.106804670634187
              ],
              [
                121.24923013443292,
                25.106804670634187
              ],
              [
                121.24923013443292,
                25.106715072493262
              ],
              [
                121.24942829927583,
                25.106715072493262
              ],
              [
                121.24942829927583,
                25.10662547435234
              ],
              [
                121.24962646411875,
                25.10662547435234
              ],
              [
                121.24962646411875,
                25.10653587621142
              ],
              [
                121.24992371138312,
                25.10653587621142
              ],
              [
                121.24992371138312,
                25.106446278070496
              ],
              [
                121.25012187622602,
                25.106446278070496
              ],
              [
                121.25012187622602,
                25.106356679929576
              ],
              [
                121.25022095864747,
                25.106356679929576
              ],
              [
                121.25022095864747,
                25.10626708178865
              ],
              [
                121.25032004106893,
                25.10626708178865
              ],
              [
                121.25032004106893,
                25.10617748364773
              ],
              [
                121.25041912349039,
                25.10617748364773
              ],
              [
                121.25041912349039,
                25.10608788550681
              ],
              [
                121.25051820591185,
                25.10608788550681
              ],
              [
                121.25051820591185,
                25.105908689224965
              ],
              [
                121.2506172883333,
                25.105908689224965
              ],
              [
                121.2506172883333,
                25.10581909108404
              ],
              [
                121.25071637075476,
                25.10581909108404
              ],
              [
                121.25071637075476,
                25.1056398948022
              ],
              [
                121.25081545317622,
                25.1056398948022
              ],
              [
                121.25081545317622,
                25.105460698520353
              ],
              [
                121.25091453559767,
                25.105460698520353
              ],
              [
                121.25091453559767,
                25.105102305956663
              ],
              [
                121.25101361801912,
                25.105102305956663
              ],
              [
                121.25101361801912,
                25.10384793198375
              ],
              [
                121.25091453559767,
                25.10384793198375
              ],
              [
                121.25091453559767,
                25.103579137560985
              ],
              [
                121.25081545317622,
                25.103579137560985
              ],
              [
                121.25081545317622,
                25.103220744997298
              ],
              [
                121.25071637075476,
                25.103220744997298
              ],
              [
                121.25071637075476,
                25.10295195057453
              ],
              [
                121.2506172883333,
                25.10295195057453
              ],
              [
                121.2506172883333,
                25.102324763588076
              ],
              [
                121.25051820591185,
                25.102324763588076
              ],
              [
                121.25051820591185,
                25.101607978460695
              ],
              [
                121.25041912349039,
                25.101607978460695
              ],
              [
                121.25041912349039,
                25.100801595192397
              ],
              [
                121.25051820591185,
                25.100801595192397
              ],
              [
                121.25051820591185,
                25.099188828655794
              ],
              [
                121.25041912349039,
                25.099188828655794
              ],
              [
                121.25041912349039,
                25.098740837951183
              ],
              [
                121.2506172883333,
                25.098740837951183
              ],
              [
                121.2506172883333,
                25.098830436092108
              ],
              [
                121.25071637075476,
                25.098830436092108
              ],
              [
                121.25071637075476,
                25.09892003423303
              ],
              [
                121.25081545317622,
                25.09892003423303
              ],
              [
                121.25081545317622,
                25.099009632373953
              ],
              [
                121.25101361801912,
                25.099009632373953
              ],
              [
                121.25101361801912,
                25.099099230514874
              ],
              [
                121.25111270044057,
                25.099099230514874
              ],
              [
                121.25111270044057,
                25.099188828655794
              ],
              [
                121.25121178286203,
                25.099188828655794
              ],
              [
                121.25121178286203,
                25.09927842679672
              ],
              [
                121.25131086528349,
                25.09927842679672
              ],
              [
                121.25131086528349,
                25.099547221219485
              ],
              [
                121.25140994770494,
                25.099547221219485
              ],
              [
                121.25140994770494,
                25.100353604487786
              ],
              [
                121.2515090301264,
                25.100353604487786
              ],
              [
                121.2515090301264,
                25.101518380319774
              ],
              [
                121.25160811254786,
                25.101518380319774
              ],
              [
                121.25160811254786,
                25.10223516544715
              ],
              [
                121.25170719496931,
                25.10223516544715
              ],
              [
                121.25170719496931,
                25.10259355801084
              ],
              [
                121.25180627739077,
                25.10259355801084
              ],
              [
                121.25180627739077,
                25.10295195057453
              ],
              [
                121.25190535981221,
                25.10295195057453
              ],
              [
                121.25190535981221,
                25.10331034313822
              ],
              [
                121.25200444223367,
                25.10331034313822
              ],
              [
                121.25200444223367,
                25.10384793198375
              ],
              [
                121.25210352465513,
                25.10384793198375
              ],
              [
                121.25210352465513,
                25.105012707815742
              ],
              [
                121.25200444223367,
                25.105012707815742
              ],
              [
                121.25200444223367,
                25.10528150223851
              ],
              [
                121.25190535981221,
                25.10528150223851
              ],
              [
                121.25190535981221,
                25.105460698520353
              ],
              [
                121.25180627739077,
                25.105460698520353
              ],
              [
                121.25180627739077,
                25.1056398948022
              ],
              [
                121.25170719496931,
                25.1056398948022
              ],
              [
                121.25170719496931,
                25.10581909108404
              ],
              [
                121.25160811254786,
                25.10581909108404
              ],
              [
                121.25160811254786,
                25.105908689224965
              ],
              [
                121.2515090301264,
                25.105908689224965
              ],
              [
                121.2515090301264,
                25.10608788550681
              ],
              [
                121.25140994770494,
                25.10608788550681
              ],
              [
                121.25140994770494,
                25.10626708178865
              ],
              [
                121.25131086528349,
                25.10626708178865
              ],
              [
                121.25131086528349,
                25.106356679929576
              ],
              [
                121.25121178286203,
                25.106356679929576
              ],
              [
                121.25121178286203,
                25.10653587621142
              ],
              [
                121.25111270044057,
                25.10653587621142
              ],
              [
                121.25111270044057,
                25.10662547435234
              ],
              [
                121.25101361801912,
                25.10662547435234
              ],
              [
                121.25101361801912,
                25.106715072493262
              ],
              [
                121.25091453559767,
                25.106715072493262
              ],
              [
                121.25091453559767,
                25.106804670634187
              ],
              [
                121.25081545317622,
                25.106804670634187
              ],
              [
                121.25081545317622,
                25.106894268775108
              ],
              [
                121.25071637075476,
                25.106894268775108
              ],
              [
                121.25071637075476,
                25.106983866916032
              ],
              [
                121.25051820591185,
                25.106983866916032
              ],
              [
                121.25051820591185,
                25.107073465056953
              ],
              [
                121.25041912349039,
                25.107073465056953
              ],
              [
                121.25041912349039,
                25.107163063197873
              ],
              [
                121.25032004106893,
                25.107163063197873
              ],
              [
                121.25032004106893,
                25.107252661338798
              ],
              [
                121.25022095864747,
                25.107252661338798
              ],
              [
                121.25022095864747,
                25.10734225947972
              ],
              [
                121.25002279380456,
                25.10734225947972
              ],
              [
                121.25002279380456,
                25.107431857620643
              ],
              [
                121.24982462896166,
                25.107431857620643
              ],
              [
                121.24982462896166,
                25.107521455761564
              ],
              [
                121.2497255465402,
                25.107521455761564
              ],
              [
                121.2497255465402,
                25.107611053902485
              ],
              [
                121.24952738169729,
                25.107611053902485
              ],
              [
                121.24952738169729,
                25.10770065204341
              ],
              [
                121.24932921685438,
                25.10770065204341
              ],
              [
                121.24932921685438,
                25.10779025018433
              ],
              [
                121.24913105201146,
                25.10779025018433
              ],
              [
                121.24913105201146,
                25.107879848325254
              ],
              [
                121.24893288716856,
                25.107879848325254
              ],
              [
                121.24893288716856,
                25.107969446466175
              ],
              [
                121.24873472232565,
                25.107969446466175
              ],
              [
                121.24873472232565,
                25.1080590446071
              ],
              [
                121.24853655748274,
                25.1080590446071
              ],
              [
                121.24853655748274,
                25.10814864274802
              ],
              [
                121.24833839263982,
                25.10814864274802
              ],
              [
                121.24833839263982,
                25.10823824088894
              ],
              [
                121.24814022779692,
                25.10823824088894
              ],
              [
                121.24814022779692,
                25.108327839029865
              ],
              [
                121.24804114537547,
                25.108327839029865
              ]
            ]
          ],
          [
            [
              [
                121.19275315420342,
                25.096232090005362
              ],
              [
                121.19275315420342,
                25.09614249186444
              ],
              [
                121.19205957725323,
                25.09614249186444
              ],
              [
                121.19205957725323,
                25.095963295582596
              ],
              [
                121.19215865967469,
                25.095963295582596
              ],
              [
                121.19215865967469,
                25.09587369744167
              ],
              [
                121.19245590693905,
                25.09587369744167
              ],
              [
                121.19245590693905,
                25.095963295582596
              ],
              [
                121.19265407178196,
                25.095963295582596
              ],
              [
                121.19265407178196,
                25.096052893723517
              ],
              [
                121.19295131904633,
                25.096052893723517
              ],
              [
                121.19295131904633,
                25.09614249186444
              ],
              [
                121.19285223662487,
                25.09614249186444
              ],
              [
                121.19285223662487,
                25.096232090005362
              ],
              [
                121.19275315420342,
                25.096232090005362
              ]
            ]
          ],
          [
            [
              [
                121.19186141241032,
                25.096052893723517
              ],
              [
                121.19186141241032,
                25.095963295582596
              ],
              [
                121.19156416514595,
                25.095963295582596
              ],
              [
                121.19156416514595,
                25.09587369744167
              ],
              [
                121.19136600030303,
                25.09587369744167
              ],
              [
                121.19136600030303,
                25.09578409930075
              ],
              [
                121.19146508272449,
                25.09578409930075
              ],
              [
                121.19146508272449,
                25.095604903018906
              ],
              [
                121.19156416514595,
                25.095604903018906
              ],
              [
                121.19156416514595,
                25.09569450115983
              ],
              [
                121.19186141241032,
                25.09569450115983
              ],
              [
                121.19186141241032,
                25.09578409930075
              ],
              [
                121.19205957725323,
                25.09578409930075
              ],
              [
                121.19205957725323,
                25.09587369744167
              ],
              [
                121.19196049483178,
                25.09587369744167
              ],
              [
                121.19196049483178,
                25.096052893723517
              ],
              [
                121.19186141241032,
                25.096052893723517
              ]
            ]
          ],
          [
            [
              [
                121.19116783546013,
                25.09587369744167
              ],
              [
                121.19116783546013,
                25.09578409930075
              ],
              [
                121.19096967061722,
                25.09578409930075
              ],
              [
                121.19096967061722,
                25.09569450115983
              ],
              [
                121.19087058819576,
                25.09569450115983
              ],
              [
                121.19087058819576,
                25.095604903018906
              ],
              [
                121.19077150577431,
                25.095604903018906
              ],
              [
                121.19077150577431,
                25.095515304877985
              ],
              [
                121.19067242335285,
                25.095515304877985
              ],
              [
                121.19067242335285,
                25.09542570673706
              ],
              [
                121.19077150577431,
                25.09542570673706
              ],
              [
                121.19077150577431,
                25.09533610859614
              ],
              [
                121.19087058819576,
                25.09533610859614
              ],
              [
                121.19087058819576,
                25.09542570673706
              ],
              [
                121.19116783546013,
                25.09542570673706
              ],
              [
                121.19116783546013,
                25.095515304877985
              ],
              [
                121.19146508272449,
                25.095515304877985
              ],
              [
                121.19146508272449,
                25.095604903018906
              ],
              [
                121.19136600030303,
                25.095604903018906
              ],
              [
                121.19136600030303,
                25.09578409930075
              ],
              [
                121.19126691788159,
                25.09578409930075
              ],
              [
                121.19126691788159,
                25.09587369744167
              ],
              [
                121.19116783546013,
                25.09587369744167
              ]
            ]
          ],
          [
            [
              [
                121.18938435187394,
                25.09381294020046
              ],
              [
                121.18938435187394,
                25.09372334205954
              ],
              [
                121.18928526945248,
                25.09372334205954
              ],
              [
                121.18928526945248,
                25.093633743918616
              ],
              [
                121.1894834342954,
                25.093633743918616
              ],
              [
                121.1894834342954,
                25.09381294020046
              ],
              [
                121.18938435187394,
                25.09381294020046
              ]
            ]
          ],
          [
            [
              [
                121.18225041752916,
                25.091483388536485
              ],
              [
                121.18225041752916,
                25.09139379039556
              ],
              [
                121.18185408784333,
                25.09139379039556
              ],
              [
                121.18185408784333,
                25.09130419225464
              ],
              [
                121.18175500542188,
                25.09130419225464
              ],
              [
                121.18175500542188,
                25.091214594113715
              ],
              [
                121.18185408784333,
                25.091214594113715
              ],
              [
                121.18185408784333,
                25.091124995972795
              ],
              [
                121.18175500542188,
                25.091124995972795
              ],
              [
                121.18175500542188,
                25.091035397831874
              ],
              [
                121.1814577581575,
                25.091035397831874
              ],
              [
                121.1814577581575,
                25.09094579969095
              ],
              [
                121.1812595933146,
                25.09094579969095
              ],
              [
                121.1812595933146,
                25.09085620155003
              ],
              [
                121.1810614284717,
                25.09085620155003
              ],
              [
                121.1810614284717,
                25.090766603409104
              ],
              [
                121.18096234605024,
                25.090766603409104
              ],
              [
                121.18096234605024,
                25.090677005268184
              ],
              [
                121.18086326362878,
                25.090677005268184
              ],
              [
                121.18086326362878,
                25.090587407127263
              ],
              [
                121.18066509878587,
                25.090587407127263
              ],
              [
                121.18066509878587,
                25.09049780898634
              ],
              [
                121.18056601636441,
                25.09049780898634
              ],
              [
                121.18056601636441,
                25.090408210845418
              ],
              [
                121.18036785152151,
                25.090408210845418
              ],
              [
                121.18036785152151,
                25.090318612704493
              ],
              [
                121.18026876910005,
                25.090318612704493
              ],
              [
                121.18026876910005,
                25.090229014563572
              ],
              [
                121.18007060425714,
                25.090229014563572
              ],
              [
                121.18007060425714,
                25.09013941642265
              ],
              [
                121.17997152183568,
                25.09013941642265
              ],
              [
                121.17997152183568,
                25.090049818281727
              ],
              [
                121.17987243941423,
                25.090049818281727
              ],
              [
                121.17987243941423,
                25.089960220140807
              ],
              [
                121.17967427457131,
                25.089960220140807
              ],
              [
                121.17967427457131,
                25.089870621999882
              ],
              [
                121.17957519214987,
                25.089870621999882
              ],
              [
                121.17957519214987,
                25.08978102385896
              ],
              [
                121.17937702730696,
                25.08978102385896
              ],
              [
                121.17937702730696,
                25.08969142571804
              ],
              [
                121.1792779448855,
                25.08969142571804
              ],
              [
                121.1792779448855,
                25.089601827577116
              ],
              [
                121.17917886246404,
                25.089601827577116
              ],
              [
                121.17917886246404,
                25.089512229436195
              ],
              [
                121.17898069762113,
                25.089512229436195
              ],
              [
                121.17898069762113,
                25.08942263129527
              ],
              [
                121.17888161519967,
                25.08942263129527
              ],
              [
                121.17888161519967,
                25.08933303315435
              ],
              [
                121.17878253277821,
                25.08933303315435
              ],
              [
                121.17878253277821,
                25.08924343501343
              ],
              [
                121.17858436793531,
                25.08924343501343
              ],
              [
                121.17858436793531,
                25.089153836872505
              ],
              [
                121.17848528551386,
                25.089153836872505
              ],
              [
                121.17848528551386,
                25.089064238731584
              ],
              [
                121.1783862030924,
                25.089064238731584
              ],
              [
                121.1783862030924,
                25.08897464059066
              ],
              [
                121.17818803824949,
                25.08897464059066
              ],
              [
                121.17818803824949,
                25.08888504244974
              ],
              [
                121.17808895582803,
                25.08888504244974
              ],
              [
                121.17808895582803,
                25.088705846167894
              ],
              [
                121.17798987340657,
                25.088705846167894
              ],
              [
                121.17798987340657,
                25.088616248026973
              ],
              [
                121.17789079098512,
                25.088616248026973
              ],
              [
                121.17789079098512,
                25.08852664988605
              ],
              [
                121.1774944612993,
                25.08852664988605
              ],
              [
                121.1774944612993,
                25.088437051745128
              ],
              [
                121.17729629645639,
                25.088437051745128
              ],
              [
                121.17729629645639,
                25.088347453604204
              ],
              [
                121.17709813161348,
                25.088347453604204
              ],
              [
                121.17709813161348,
                25.088257855463283
              ],
              [
                121.17699904919202,
                25.088257855463283
              ],
              [
                121.17699904919202,
                25.088168257322362
              ],
              [
                121.17689996677056,
                25.088168257322362
              ],
              [
                121.17689996677056,
                25.088078659181438
              ],
              [
                121.17680088434912,
                25.088078659181438
              ],
              [
                121.17680088434912,
                25.087989061040517
              ],
              [
                121.17670180192766,
                25.087989061040517
              ],
              [
                121.17670180192766,
                25.087809864758672
              ],
              [
                121.17689996677056,
                25.087809864758672
              ],
              [
                121.17689996677056,
                25.087899462899593
              ],
              [
                121.17709813161348,
                25.087899462899593
              ],
              [
                121.17709813161348,
                25.087989061040517
              ],
              [
                121.17719721403493,
                25.087989061040517
              ],
              [
                121.17719721403493,
                25.088078659181438
              ],
              [
                121.17729629645639,
                25.088078659181438
              ],
              [
                121.17729629645639,
                25.087899462899593
              ],
              [
                121.17719721403493,
                25.087899462899593
              ],
              [
                121.17719721403493,
                25.08772026661775
              ],
              [
                121.17709813161348,
                25.08772026661775
              ],
              [
                121.17709813161348,
                25.087630668476827
              ],
              [
                121.17699904919202,
                25.087630668476827
              ],
              [
                121.17699904919202,
                25.08745147219498
              ],
              [
                121.17729629645639,
                25.08745147219498
              ],
              [
                121.17729629645639,
                25.087541070335906
              ],
              [
                121.1774944612993,
                25.087541070335906
              ],
              [
                121.1774944612993,
                25.08772026661775
              ],
              [
                121.17759354372076,
                25.08772026661775
              ],
              [
                121.17759354372076,
                25.087809864758672
              ],
              [
                121.17808895582803,
                25.087809864758672
              ],
              [
                121.17808895582803,
                25.087899462899593
              ],
              [
                121.17828712067094,
                25.087899462899593
              ],
              [
                121.17828712067094,
                25.087989061040517
              ],
              [
                121.1783862030924,
                25.087989061040517
              ],
              [
                121.1783862030924,
                25.088078659181438
              ],
              [
                121.17858436793531,
                25.088078659181438
              ],
              [
                121.17858436793531,
                25.088168257322362
              ],
              [
                121.17878253277821,
                25.088168257322362
              ],
              [
                121.17878253277821,
                25.088257855463283
              ],
              [
                121.17888161519967,
                25.088257855463283
              ],
              [
                121.17888161519967,
                25.088347453604204
              ],
              [
                121.17907978004258,
                25.088347453604204
              ],
              [
                121.17907978004258,
                25.088437051745128
              ],
              [
                121.17917886246404,
                25.088437051745128
              ],
              [
                121.17917886246404,
                25.08852664988605
              ],
              [
                121.17937702730696,
                25.08852664988605
              ],
              [
                121.17937702730696,
                25.088616248026973
              ],
              [
                121.17957519214987,
                25.088616248026973
              ],
              [
                121.17957519214987,
                25.088705846167894
              ],
              [
                121.17977335699277,
                25.088705846167894
              ],
              [
                121.17977335699277,
                25.08879544430882
              ],
              [
                121.17987243941423,
                25.08879544430882
              ],
              [
                121.17987243941423,
                25.08888504244974
              ],
              [
                121.18007060425714,
                25.08888504244974
              ],
              [
                121.18007060425714,
                25.08897464059066
              ],
              [
                121.1801696866786,
                25.08897464059066
              ],
              [
                121.1801696866786,
                25.089064238731584
              ],
              [
                121.18036785152151,
                25.089064238731584
              ],
              [
                121.18036785152151,
                25.089153836872505
              ],
              [
                121.18046693394297,
                25.089153836872505
              ],
              [
                121.18046693394297,
                25.08924343501343
              ],
              [
                121.18066509878587,
                25.08924343501343
              ],
              [
                121.18066509878587,
                25.08933303315435
              ],
              [
                121.18086326362878,
                25.08933303315435
              ],
              [
                121.18086326362878,
                25.08942263129527
              ],
              [
                121.18096234605024,
                25.08942263129527
              ],
              [
                121.18096234605024,
                25.089512229436195
              ],
              [
                121.1810614284717,
                25.089512229436195
              ],
              [
                121.1810614284717,
                25.089601827577116
              ],
              [
                121.18116051089315,
                25.089601827577116
              ],
              [
                121.18116051089315,
                25.08978102385896
              ],
              [
                121.1812595933146,
                25.08978102385896
              ],
              [
                121.1812595933146,
                25.08969142571804
              ],
              [
                121.18155684057896,
                25.08969142571804
              ],
              [
                121.18155684057896,
                25.08978102385896
              ],
              [
                121.18175500542188,
                25.08978102385896
              ],
              [
                121.18175500542188,
                25.089870621999882
              ],
              [
                121.18195317026479,
                25.089870621999882
              ],
              [
                121.18195317026479,
                25.089960220140807
              ],
              [
                121.18205225268625,
                25.089960220140807
              ],
              [
                121.18205225268625,
                25.090049818281727
              ],
              [
                121.1821513351077,
                25.090049818281727
              ],
              [
                121.1821513351077,
                25.09013941642265
              ],
              [
                121.18225041752916,
                25.09013941642265
              ],
              [
                121.18225041752916,
                25.090318612704493
              ],
              [
                121.18254766479352,
                25.090318612704493
              ],
              [
                121.18254766479352,
                25.090408210845418
              ],
              [
                121.18264674721497,
                25.090408210845418
              ],
              [
                121.18264674721497,
                25.09049780898634
              ],
              [
                121.18284491205789,
                25.09049780898634
              ],
              [
                121.18284491205789,
                25.090587407127263
              ],
              [
                121.1830430769008,
                25.090587407127263
              ],
              [
                121.1830430769008,
                25.090766603409104
              ],
              [
                121.18314215932226,
                25.090766603409104
              ],
              [
                121.18314215932226,
                25.09085620155003
              ],
              [
                121.1830430769008,
                25.09085620155003
              ],
              [
                121.1830430769008,
                25.09094579969095
              ],
              [
                121.18294399447934,
                25.09094579969095
              ],
              [
                121.18294399447934,
                25.091035397831874
              ],
              [
                121.18284491205789,
                25.091035397831874
              ],
              [
                121.18284491205789,
                25.091124995972795
              ],
              [
                121.18274582963643,
                25.091124995972795
              ],
              [
                121.18274582963643,
                25.091035397831874
              ],
              [
                121.18254766479352,
                25.091035397831874
              ],
              [
                121.18254766479352,
                25.09094579969095
              ],
              [
                121.1823494999506,
                25.09094579969095
              ],
              [
                121.1823494999506,
                25.091035397831874
              ],
              [
                121.18244858237206,
                25.091035397831874
              ],
              [
                121.18244858237206,
                25.091124995972795
              ],
              [
                121.18264674721497,
                25.091124995972795
              ],
              [
                121.18264674721497,
                25.09130419225464
              ],
              [
                121.18274582963643,
                25.09130419225464
              ],
              [
                121.18274582963643,
                25.09139379039556
              ],
              [
                121.18264674721497,
                25.09139379039556
              ],
              [
                121.18264674721497,
                25.091483388536485
              ],
              [
                121.18225041752916,
                25.091483388536485
              ]
            ]
          ],
          [
            [
              [
                121.17036052695452,
                25.08539071495377
              ],
              [
                121.17036052695452,
                25.08530111681285
              ],
              [
                121.17164859843344,
                25.08530111681285
              ],
              [
                121.17164859843344,
                25.085032322390084
              ],
              [
                121.17303575233382,
                25.085032322390084
              ],
              [
                121.17303575233382,
                25.085211518671926
              ],
              [
                121.17273850506945,
                25.085211518671926
              ],
              [
                121.17273850506945,
                25.08530111681285
              ],
              [
                121.17254034022653,
                25.08530111681285
              ],
              [
                121.17254034022653,
                25.08539071495377
              ],
              [
                121.17036052695452,
                25.08539071495377
              ]
            ]
          ],
          [
            [
              [
                121.16966695000434,
                25.085211518671926
              ],
              [
                121.16966695000434,
                25.085121920531005
              ],
              [
                121.16936970273997,
                25.085121920531005
              ],
              [
                121.16936970273997,
                25.085032322390084
              ],
              [
                121.1699641972687,
                25.085032322390084
              ],
              [
                121.1699641972687,
                25.085211518671926
              ],
              [
                121.16966695000434,
                25.085211518671926
              ]
            ]
          ],
          [
            [
              [
                121.16837887852542,
                25.08485312610824
              ],
              [
                121.16837887852542,
                25.084763527967315
              ],
              [
                121.16887429063269,
                25.084763527967315
              ],
              [
                121.16887429063269,
                25.08485312610824
              ],
              [
                121.16837887852542,
                25.08485312610824
              ]
            ]
          ],
          [
            [
              [
                121.16788346641813,
                25.084763527967315
              ],
              [
                121.16788346641813,
                25.084673929826394
              ],
              [
                121.16758621915378,
                25.084673929826394
              ],
              [
                121.16758621915378,
                25.08458433168547
              ],
              [
                121.16738805431086,
                25.08458433168547
              ],
              [
                121.16738805431086,
                25.08449473354455
              ],
              [
                121.16718988946795,
                25.08449473354455
              ],
              [
                121.16718988946795,
                25.084405135403628
              ],
              [
                121.16808163126105,
                25.084405135403628
              ],
              [
                121.16808163126105,
                25.084763527967315
              ],
              [
                121.16788346641813,
                25.084763527967315
              ]
            ]
          ],
          [
            [
              [
                121.16679355978214,
                25.084315537262704
              ],
              [
                121.16679355978214,
                25.084225939121783
              ],
              [
                121.16659539493922,
                25.084225939121783
              ],
              [
                121.16659539493922,
                25.08413634098086
              ],
              [
                121.16699172462503,
                25.08413634098086
              ],
              [
                121.16699172462503,
                25.084315537262704
              ],
              [
                121.16679355978214,
                25.084315537262704
              ]
            ]
          ],
          [
            [
              [
                121.1661990652534,
                25.084046742839938
              ],
              [
                121.1661990652534,
                25.083957144699017
              ],
              [
                121.1660009004105,
                25.083957144699017
              ],
              [
                121.1660009004105,
                25.083867546558093
              ],
              [
                121.16639723009631,
                25.083867546558093
              ],
              [
                121.16639723009631,
                25.084046742839938
              ],
              [
                121.1661990652534,
                25.084046742839938
              ]
            ]
          ],
          [
            [
              [
                121.16540640588175,
                25.083688350276248
              ],
              [
                121.16540640588175,
                25.083598752135327
              ],
              [
                121.16560457072467,
                25.083598752135327
              ],
              [
                121.16560457072467,
                25.083688350276248
              ],
              [
                121.16540640588175,
                25.083688350276248
              ]
            ]
          ],
          [
            [
              [
                121.17333299959817,
                25.083867546558093
              ],
              [
                121.17333299959817,
                25.083777948417172
              ],
              [
                121.17323391717673,
                25.083777948417172
              ],
              [
                121.17323391717673,
                25.08341955585348
              ],
              [
                121.17333299959817,
                25.08341955585348
              ],
              [
                121.17333299959817,
                25.08332995771256
              ],
              [
                121.17343208201963,
                25.08332995771256
              ],
              [
                121.17343208201963,
                25.083509153994406
              ],
              [
                121.17353116444109,
                25.083509153994406
              ],
              [
                121.17353116444109,
                25.083867546558093
              ],
              [
                121.17333299959817,
                25.083867546558093
              ]
            ]
          ],
          [
            [
              [
                121.16481191135303,
                25.08341955585348
              ],
              [
                121.16481191135303,
                25.08332995771256
              ],
              [
                121.16501007619594,
                25.08332995771256
              ],
              [
                121.16501007619594,
                25.08341955585348
              ],
              [
                121.16481191135303,
                25.08341955585348
              ]
            ]
          ],
          [
            [
              [
                121.15510183405041,
                25.080014826498438
              ],
              [
                121.15510183405041,
                25.079925228357514
              ],
              [
                121.15520091647187,
                25.079925228357514
              ],
              [
                121.15520091647187,
                25.080014826498438
              ],
              [
                121.15510183405041,
                25.080014826498438
              ]
            ]
          ],
          [
            [
              [
                121.15520091647187,
                25.079925228357514
              ],
              [
                121.15520091647187,
                25.079835630216593
              ],
              [
                121.15529999889331,
                25.079835630216593
              ],
              [
                121.15529999889331,
                25.079925228357514
              ],
              [
                121.15520091647187,
                25.079925228357514
              ]
            ]
          ],
          [
            [
              [
                121.15529999889331,
                25.079835630216593
              ],
              [
                121.15529999889331,
                25.079746032075672
              ],
              [
                121.15539908131477,
                25.079746032075672
              ],
              [
                121.15539908131477,
                25.079835630216593
              ],
              [
                121.15529999889331,
                25.079835630216593
              ]
            ]
          ],
          [
            [
              [
                121.15539908131477,
                25.079746032075672
              ],
              [
                121.15539908131477,
                25.079656433934748
              ],
              [
                121.15549816373623,
                25.079656433934748
              ],
              [
                121.15549816373623,
                25.079746032075672
              ],
              [
                121.15539908131477,
                25.079746032075672
              ]
            ]
          ],
          [
            [
              [
                121.15212936140675,
                25.07929804137106
              ],
              [
                121.15212936140675,
                25.079208443230137
              ],
              [
                121.1522284438282,
                25.079208443230137
              ],
              [
                121.1522284438282,
                25.07929804137106
              ],
              [
                121.15212936140675,
                25.07929804137106
              ]
            ]
          ],
          [
            [
              [
                121.25685948088498,
                25.1249930932414
              ],
              [
                121.25685948088498,
                25.12490349510048
              ],
              [
                121.25676039846353,
                25.12490349510048
              ],
              [
                121.25676039846353,
                25.124813896959555
              ],
              [
                121.25537324456316,
                25.124813896959555
              ],
              [
                121.25537324456316,
                25.12490349510048
              ],
              [
                121.25517507972025,
                25.12490349510048
              ],
              [
                121.25517507972025,
                25.124813896959555
              ],
              [
                121.25497691487733,
                25.124813896959555
              ],
              [
                121.25497691487733,
                25.124724298818634
              ],
              [
                121.25448150277006,
                25.124724298818634
              ],
              [
                121.25448150277006,
                25.12463470067771
              ],
              [
                121.25388700824132,
                25.12463470067771
              ],
              [
                121.25388700824132,
                25.12454510253679
              ],
              [
                121.25339159613405,
                25.12454510253679
              ],
              [
                121.25339159613405,
                25.12445550439587
              ],
              [
                121.25279710160531,
                25.12445550439587
              ],
              [
                121.25279710160531,
                25.124365906254944
              ],
              [
                121.25220260707658,
                25.124365906254944
              ],
              [
                121.25220260707658,
                25.124276308114023
              ],
              [
                121.25170719496931,
                25.124276308114023
              ],
              [
                121.25170719496931,
                25.124365906254944
              ],
              [
                121.24952738169729,
                25.124365906254944
              ],
              [
                121.24952738169729,
                25.12445550439587
              ],
              [
                121.24814022779692,
                25.12445550439587
              ],
              [
                121.24814022779692,
                25.12454510253679
              ],
              [
                121.24655490905363,
                25.12454510253679
              ],
              [
                121.24655490905363,
                25.12463470067771
              ],
              [
                121.24546500241763,
                25.12463470067771
              ],
              [
                121.24546500241763,
                25.124724298818634
              ],
              [
                121.24467234304598,
                25.124724298818634
              ],
              [
                121.24467234304598,
                25.124813896959555
              ],
              [
                121.24358243640998,
                25.124813896959555
              ],
              [
                121.24358243640998,
                25.124724298818634
              ],
              [
                121.24338427156707,
                25.124724298818634
              ],
              [
                121.24338427156707,
                25.12463470067771
              ],
              [
                121.24318610672415,
                25.12463470067771
              ],
              [
                121.24318610672415,
                25.12454510253679
              ],
              [
                121.24298794188124,
                25.12454510253679
              ],
              [
                121.24298794188124,
                25.12445550439587
              ],
              [
                121.24288885945978,
                25.12445550439587
              ],
              [
                121.24288885945978,
                25.124365906254944
              ],
              [
                121.24269069461688,
                25.124365906254944
              ],
              [
                121.24269069461688,
                25.124276308114023
              ],
              [
                121.24249252977397,
                25.124276308114023
              ],
              [
                121.24249252977397,
                25.1241867099731
              ],
              [
                121.24239344735251,
                25.1241867099731
              ],
              [
                121.24239344735251,
                25.124097111832178
              ],
              [
                121.24229436493106,
                25.124097111832178
              ],
              [
                121.24229436493106,
                25.124007513691257
              ],
              [
                121.24209620008814,
                25.124007513691257
              ],
              [
                121.24209620008814,
                25.123917915550333
              ],
              [
                121.24199711766668,
                25.123917915550333
              ],
              [
                121.24199711766668,
                25.123828317409412
              ],
              [
                121.24189803524523,
                25.123828317409412
              ],
              [
                121.24189803524523,
                25.123738719268488
              ],
              [
                121.24179895282379,
                25.123738719268488
              ],
              [
                121.24179895282379,
                25.123649121127567
              ],
              [
                121.24160078798087,
                25.123649121127567
              ],
              [
                121.24160078798087,
                25.123559522986646
              ],
              [
                121.24150170555941,
                25.123559522986646
              ],
              [
                121.24150170555941,
                25.123469924845722
              ],
              [
                121.24140262313796,
                25.123469924845722
              ],
              [
                121.24140262313796,
                25.123290728563877
              ],
              [
                121.2413035407165,
                25.123290728563877
              ],
              [
                121.2413035407165,
                25.123201130422956
              ],
              [
                121.24120445829504,
                25.123201130422956
              ],
              [
                121.24120445829504,
                25.123111532282035
              ],
              [
                121.24110537587359,
                25.123111532282035
              ],
              [
                121.24110537587359,
                25.12302193414111
              ],
              [
                121.24100629345213,
                25.12302193414111
              ],
              [
                121.24100629345213,
                25.122842737859266
              ],
              [
                121.24090721103069,
                25.122842737859266
              ],
              [
                121.24090721103069,
                25.122753139718345
              ],
              [
                121.24051088134486,
                25.122753139718345
              ],
              [
                121.24051088134486,
                25.12302193414111
              ],
              [
                121.24031271650195,
                25.12302193414111
              ],
              [
                121.24031271650195,
                25.123290728563877
              ],
              [
                121.23942097470885,
                25.123290728563877
              ],
              [
                121.23942097470885,
                25.122842737859266
              ],
              [
                121.23971822197322,
                25.122842737859266
              ],
              [
                121.23971822197322,
                25.122753139718345
              ],
              [
                121.2395200571303,
                25.122753139718345
              ],
              [
                121.2395200571303,
                25.1225739434365
              ],
              [
                121.23961913955176,
                25.1225739434365
              ],
              [
                121.23961913955176,
                25.12248434529558
              ],
              [
                121.23971822197322,
                25.12248434529558
              ],
              [
                121.23971822197322,
                25.12221555087281
              ],
              [
                121.24001546923759,
                25.12221555087281
              ],
              [
                121.24001546923759,
                25.121946756450043
              ],
              [
                121.24070904618777,
                25.121946756450043
              ],
              [
                121.24070904618777,
                25.1217675601682
              ],
              [
                121.24051088134486,
                25.1217675601682
              ],
              [
                121.24051088134486,
                25.121677962027277
              ],
              [
                121.24011455165903,
                25.121677962027277
              ],
              [
                121.24011455165903,
                25.121588363886357
              ],
              [
                121.24001546923759,
                25.121588363886357
              ],
              [
                121.24001546923759,
                25.121498765745432
              ],
              [
                121.23991638681613,
                25.121498765745432
              ],
              [
                121.23991638681613,
                25.12140916760451
              ],
              [
                121.23981730439468,
                25.12140916760451
              ],
              [
                121.23981730439468,
                25.121319569463587
              ],
              [
                121.23971822197322,
                25.121319569463587
              ],
              [
                121.23971822197322,
                25.121229971322666
              ],
              [
                121.23961913955176,
                25.121229971322666
              ],
              [
                121.23961913955176,
                25.121140373181746
              ],
              [
                121.2395200571303,
                25.121140373181746
              ],
              [
                121.2395200571303,
                25.12105077504082
              ],
              [
                121.23932189228739,
                25.12105077504082
              ],
              [
                121.23932189228739,
                25.1209611768999
              ],
              [
                121.2391237274445,
                25.1209611768999
              ],
              [
                121.2391237274445,
                25.120871578758976
              ],
              [
                121.23902464502304,
                25.120871578758976
              ],
              [
                121.23902464502304,
                25.120781980618055
              ],
              [
                121.23882648018012,
                25.120781980618055
              ],
              [
                121.23882648018012,
                25.120692382477134
              ],
              [
                121.23872739775867,
                25.120692382477134
              ],
              [
                121.23872739775867,
                25.12060278433621
              ],
              [
                121.23852923291575,
                25.12060278433621
              ],
              [
                121.23852923291575,
                25.12051318619529
              ],
              [
                121.2384301504943,
                25.12051318619529
              ],
              [
                121.2384301504943,
                25.120423588054365
              ],
              [
                121.2382319856514,
                25.120423588054365
              ],
              [
                121.2382319856514,
                25.120333989913444
              ],
              [
                121.23813290322994,
                25.120333989913444
              ],
              [
                121.23813290322994,
                25.120244391772523
              ],
              [
                121.23803382080848,
                25.120244391772523
              ],
              [
                121.23803382080848,
                25.1201547936316
              ],
              [
                121.23793473838703,
                25.1201547936316
              ],
              [
                121.23793473838703,
                25.120065195490678
              ],
              [
                121.23783565596557,
                25.120065195490678
              ],
              [
                121.23783565596557,
                25.119975597349754
              ],
              [
                121.23773657354411,
                25.119975597349754
              ],
              [
                121.23773657354411,
                25.119885999208833
              ],
              [
                121.23763749112265,
                25.119885999208833
              ],
              [
                121.23763749112265,
                25.119796401067912
              ],
              [
                121.2375384087012,
                25.119796401067912
              ],
              [
                121.2375384087012,
                25.119706802926988
              ],
              [
                121.23743932627974,
                25.119706802926988
              ],
              [
                121.23743932627974,
                25.119527606645143
              ],
              [
                121.2373402438583,
                25.119527606645143
              ],
              [
                121.2373402438583,
                25.119438008504222
              ],
              [
                121.23724116143684,
                25.119438008504222
              ],
              [
                121.23724116143684,
                25.1193484103633
              ],
              [
                121.23714207901538,
                25.1193484103633
              ],
              [
                121.23714207901538,
                25.119169214081456
              ],
              [
                121.23704299659393,
                25.119169214081456
              ],
              [
                121.23704299659393,
                25.11907961594053
              ],
              [
                121.23694391417247,
                25.11907961594053
              ],
              [
                121.23694391417247,
                25.118900419658686
              ],
              [
                121.23684483175101,
                25.118900419658686
              ],
              [
                121.23684483175101,
                25.118810821517766
              ],
              [
                121.23674574932956,
                25.118810821517766
              ],
              [
                121.23674574932956,
                25.118721223376845
              ],
              [
                121.2366466669081,
                25.118721223376845
              ],
              [
                121.2366466669081,
                25.11863162523592
              ],
              [
                121.23654758448664,
                25.11863162523592
              ],
              [
                121.23654758448664,
                25.118542027095
              ],
              [
                121.2364485020652,
                25.118542027095
              ],
              [
                121.2364485020652,
                25.118452428954075
              ],
              [
                121.23634941964374,
                25.118452428954075
              ],
              [
                121.23634941964374,
                25.118362830813155
              ],
              [
                121.23625033722229,
                25.118362830813155
              ],
              [
                121.23625033722229,
                25.118273232672234
              ],
              [
                121.23615125480083,
                25.118273232672234
              ],
              [
                121.23615125480083,
                25.11818363453131
              ],
              [
                121.23595308995792,
                25.11818363453131
              ],
              [
                121.23595308995792,
                25.11809403639039
              ],
              [
                121.23585400753646,
                25.11809403639039
              ],
              [
                121.23585400753646,
                25.118004438249464
              ],
              [
                121.23565584269355,
                25.118004438249464
              ],
              [
                121.23565584269355,
                25.117914840108543
              ],
              [
                121.23545767785065,
                25.117914840108543
              ],
              [
                121.23545767785065,
                25.117825241967623
              ],
              [
                121.23516043058628,
                25.117825241967623
              ],
              [
                121.23516043058628,
                25.1177356438267
              ],
              [
                121.2348631833219,
                25.1177356438267
              ],
              [
                121.2348631833219,
                25.117646045685778
              ],
              [
                121.23446685363609,
                25.117646045685778
              ],
              [
                121.23446685363609,
                25.117556447544853
              ],
              [
                121.23407052395027,
                25.117556447544853
              ],
              [
                121.23407052395027,
                25.117466849403932
              ],
              [
                121.23367419426445,
                25.117466849403932
              ],
              [
                121.23367419426445,
                25.11737725126301
              ],
              [
                121.23317878215717,
                25.11737725126301
              ],
              [
                121.23317878215717,
                25.117287653122087
              ],
              [
                121.23278245247135,
                25.117287653122087
              ],
              [
                121.23278245247135,
                25.117198054981166
              ],
              [
                121.23238612278553,
                25.117198054981166
              ],
              [
                121.23238612278553,
                25.117108456840242
              ],
              [
                121.2319897930997,
                25.117108456840242
              ],
              [
                121.2319897930997,
                25.11701885869932
              ],
              [
                121.23159346341389,
                25.11701885869932
              ],
              [
                121.23159346341389,
                25.1169292605584
              ],
              [
                121.23080080404225,
                25.1169292605584
              ],
              [
                121.23080080404225,
                25.116839662417476
              ],
              [
                121.22961181498478,
                25.116839662417476
              ],
              [
                121.22961181498478,
                25.116750064276555
              ],
              [
                121.22792741382004,
                25.116750064276555
              ],
              [
                121.22792741382004,
                25.11666046613563
              ],
              [
                121.22663934234112,
                25.11666046613563
              ],
              [
                121.22663934234112,
                25.11657086799471
              ],
              [
                121.22564851812656,
                25.11657086799471
              ],
              [
                121.22564851812656,
                25.11648126985379
              ],
              [
                121.22455861149056,
                25.11648126985379
              ],
              [
                121.22455861149056,
                25.116391671712865
              ],
              [
                121.2233696224331,
                25.116391671712865
              ],
              [
                121.2233696224331,
                25.116302073571944
              ],
              [
                121.22277512790437,
                25.116302073571944
              ],
              [
                121.22277512790437,
                25.11621247543102
              ],
              [
                121.22247788064,
                25.11621247543102
              ],
              [
                121.22247788064,
                25.1161228772901
              ],
              [
                121.22227971579709,
                25.1161228772901
              ],
              [
                121.22227971579709,
                25.11603327914918
              ],
              [
                121.22208155095417,
                25.11603327914918
              ],
              [
                121.22208155095417,
                25.115943681008254
              ],
              [
                121.22188338611127,
                25.115943681008254
              ],
              [
                121.22188338611127,
                25.115854082867333
              ],
              [
                121.22168522126836,
                25.115854082867333
              ],
              [
                121.22168522126836,
                25.11576448472641
              ],
              [
                121.22148705642545,
                25.11576448472641
              ],
              [
                121.22148705642545,
                25.115674886585488
              ],
              [
                121.22128889158253,
                25.115674886585488
              ],
              [
                121.22128889158253,
                25.115585288444567
              ],
              [
                121.22118980916107,
                25.115585288444567
              ],
              [
                121.22118980916107,
                25.115495690303643
              ],
              [
                121.22099164431818,
                25.115495690303643
              ],
              [
                121.22099164431818,
                25.115406092162722
              ],
              [
                121.22089256189672,
                25.115406092162722
              ],
              [
                121.22089256189672,
                25.115316494021798
              ],
              [
                121.22079347947526,
                25.115316494021798
              ],
              [
                121.22079347947526,
                25.115226895880877
              ],
              [
                121.22059531463235,
                25.115226895880877
              ],
              [
                121.22059531463235,
                25.115137297739953
              ],
              [
                121.22049623221089,
                25.115137297739953
              ],
              [
                121.22049623221089,
                25.11504769959903
              ],
              [
                121.22039714978943,
                25.11504769959903
              ],
              [
                121.22039714978943,
                25.11495810145811
              ],
              [
                121.22029806736798,
                25.11495810145811
              ],
              [
                121.22029806736798,
                25.114868503317187
              ],
              [
                121.22019898494653,
                25.114868503317187
              ],
              [
                121.22019898494653,
                25.114778905176266
              ],
              [
                121.22009990252508,
                25.114778905176266
              ],
              [
                121.22009990252508,
                25.11468930703534
              ],
              [
                121.22000082010362,
                25.11468930703534
              ],
              [
                121.22000082010362,
                25.11459970889442
              ],
              [
                121.21990173768216,
                25.11459970889442
              ],
              [
                121.21990173768216,
                25.1145101107535
              ],
              [
                121.21980265526071,
                25.1145101107535
              ],
              [
                121.21980265526071,
                25.114420512612575
              ],
              [
                121.2196044904178,
                25.114420512612575
              ],
              [
                121.2196044904178,
                25.114330914471655
              ],
              [
                121.21950540799634,
                25.114330914471655
              ],
              [
                121.21950540799634,
                25.11424131633073
              ],
              [
                121.21930724315344,
                25.11424131633073
              ],
              [
                121.21930724315344,
                25.11415171818981
              ],
              [
                121.21920816073198,
                25.11415171818981
              ],
              [
                121.21920816073198,
                25.11406212004889
              ],
              [
                121.21900999588907,
                25.11406212004889
              ],
              [
                121.21900999588907,
                25.113972521907964
              ],
              [
                121.21881183104615,
                25.113972521907964
              ],
              [
                121.21881183104615,
                25.113882923767044
              ],
              [
                121.21821733651743,
                25.113882923767044
              ],
              [
                121.21821733651743,
                25.11379332562612
              ],
              [
                121.21732559472433,
                25.11379332562612
              ],
              [
                121.21732559472433,
                25.1137037274852
              ],
              [
                121.21643385293123,
                25.1137037274852
              ],
              [
                121.21643385293123,
                25.113614129344278
              ],
              [
                121.21564119355959,
                25.113614129344278
              ],
              [
                121.21564119355959,
                25.113524531203353
              ],
              [
                121.21484853418794,
                25.113524531203353
              ],
              [
                121.21484853418794,
                25.113434933062432
              ],
              [
                121.21375862755194,
                25.113434933062432
              ],
              [
                121.21375862755194,
                25.113524531203353
              ],
              [
                121.21177697912283,
                25.113524531203353
              ],
              [
                121.21177697912283,
                25.113614129344278
              ],
              [
                121.21029074280099,
                25.113614129344278
              ],
              [
                121.21029074280099,
                25.113524531203353
              ],
              [
                121.21019166037955,
                25.113524531203353
              ],
              [
                121.21019166037955,
                25.113434933062432
              ],
              [
                121.20999349553664,
                25.113434933062432
              ],
              [
                121.20999349553664,
                25.113345334921508
              ],
              [
                121.20989441311518,
                25.113345334921508
              ],
              [
                121.20989441311518,
                25.113255736780587
              ],
              [
                121.20969624827227,
                25.113255736780587
              ],
              [
                121.20969624827227,
                25.113166138639667
              ],
              [
                121.20959716585081,
                25.113166138639667
              ],
              [
                121.20959716585081,
                25.113076540498742
              ],
              [
                121.20949808342935,
                25.113076540498742
              ],
              [
                121.20949808342935,
                25.11298694235782
              ],
              [
                121.20929991858645,
                25.11298694235782
              ],
              [
                121.20929991858645,
                25.112897344216897
              ],
              [
                121.209200836165,
                25.112897344216897
              ],
              [
                121.209200836165,
                25.112807746075976
              ],
              [
                121.20910175374354,
                25.112807746075976
              ],
              [
                121.20910175374354,
                25.112718147935055
              ],
              [
                121.20890358890063,
                25.112718147935055
              ],
              [
                121.20890358890063,
                25.11262854979413
              ],
              [
                121.20880450647917,
                25.11262854979413
              ],
              [
                121.20880450647917,
                25.11253895165321
              ],
              [
                121.20870542405771,
                25.11253895165321
              ],
              [
                121.20870542405771,
                25.112449353512286
              ],
              [
                121.2085072592148,
                25.112449353512286
              ],
              [
                121.2085072592148,
                25.112359755371365
              ],
              [
                121.20840817679336,
                25.112359755371365
              ],
              [
                121.20840817679336,
                25.112270157230444
              ],
              [
                121.2083090943719,
                25.112270157230444
              ],
              [
                121.2083090943719,
                25.11218055908952
              ],
              [
                121.20811092952898,
                25.11218055908952
              ],
              [
                121.20811092952898,
                25.1120909609486
              ],
              [
                121.20801184710753,
                25.1120909609486
              ],
              [
                121.20801184710753,
                25.112001362807675
              ],
              [
                121.20781368226461,
                25.112001362807675
              ],
              [
                121.20781368226461,
                25.111911764666754
              ],
              [
                121.20771459984316,
                25.111911764666754
              ],
              [
                121.20771459984316,
                25.111822166525833
              ],
              [
                121.2076155174217,
                25.111822166525833
              ],
              [
                121.2076155174217,
                25.11173256838491
              ],
              [
                121.2074173525788,
                25.11173256838491
              ],
              [
                121.2074173525788,
                25.111642970243988
              ],
              [
                121.20731827015734,
                25.111642970243988
              ],
              [
                121.20731827015734,
                25.111553372103064
              ],
              [
                121.20721918773589,
                25.111553372103064
              ],
              [
                121.20721918773589,
                25.111463773962143
              ],
              [
                121.20702102289297,
                25.111463773962143
              ],
              [
                121.20702102289297,
                25.11137417582122
              ],
              [
                121.20692194047152,
                25.11137417582122
              ],
              [
                121.20692194047152,
                25.111284577680298
              ],
              [
                121.20682285805006,
                25.111284577680298
              ],
              [
                121.20682285805006,
                25.111194979539377
              ],
              [
                121.20662469320716,
                25.111194979539377
              ],
              [
                121.20662469320716,
                25.111105381398453
              ],
              [
                121.2065256107857,
                25.111105381398453
              ],
              [
                121.2065256107857,
                25.111015783257532
              ],
              [
                121.20642652836425,
                25.111015783257532
              ],
              [
                121.20642652836425,
                25.110926185116607
              ],
              [
                121.20622836352133,
                25.110926185116607
              ],
              [
                121.20622836352133,
                25.110836586975687
              ],
              [
                121.20612928109988,
                25.110836586975687
              ],
              [
                121.20612928109988,
                25.110746988834766
              ],
              [
                121.20603019867842,
                25.110746988834766
              ],
              [
                121.20603019867842,
                25.11065739069384
              ],
              [
                121.20593111625696,
                25.11065739069384
              ],
              [
                121.20593111625696,
                25.11056779255292
              ],
              [
                121.2058320338355,
                25.11056779255292
              ],
              [
                121.2058320338355,
                25.110478194411996
              ],
              [
                121.20573295141406,
                25.110478194411996
              ],
              [
                121.20573295141406,
                25.110298998130155
              ],
              [
                121.2056338689926,
                25.110298998130155
              ],
              [
                121.2056338689926,
                25.11011980184831
              ],
              [
                121.20553478657115,
                25.11011980184831
              ],
              [
                121.20553478657115,
                25.110030203707385
              ],
              [
                121.20543570414969,
                25.110030203707385
              ],
              [
                121.20543570414969,
                25.109851007425544
              ],
              [
                121.20533662172824,
                25.109851007425544
              ],
              [
                121.20533662172824,
                25.10976140928462
              ],
              [
                121.20523753930678,
                25.10976140928462
              ],
              [
                121.20523753930678,
                25.1096718111437
              ],
              [
                121.20513845688532,
                25.1096718111437
              ],
              [
                121.20513845688532,
                25.109492614861853
              ],
              [
                121.20503937446387,
                25.109492614861853
              ],
              [
                121.20503937446387,
                25.109403016720933
              ],
              [
                121.20494029204241,
                25.109403016720933
              ],
              [
                121.20494029204241,
                25.109313418580008
              ],
              [
                121.20484120962097,
                25.109313418580008
              ],
              [
                121.20484120962097,
                25.109223820439087
              ],
              [
                121.20474212719951,
                25.109223820439087
              ],
              [
                121.20474212719951,
                25.109134222298163
              ],
              [
                121.2045439623566,
                25.109134222298163
              ],
              [
                121.2045439623566,
                25.109044624157242
              ],
              [
                121.20444487993514,
                25.109044624157242
              ],
              [
                121.20444487993514,
                25.10895502601632
              ],
              [
                121.20424671509222,
                25.10895502601632
              ],
              [
                121.20424671509222,
                25.108865427875397
              ],
              [
                121.20404855024931,
                25.108865427875397
              ],
              [
                121.20404855024931,
                25.108775829734476
              ],
              [
                121.20385038540641,
                25.108775829734476
              ],
              [
                121.20385038540641,
                25.108686231593552
              ],
              [
                121.2036522205635,
                25.108686231593552
              ],
              [
                121.2036522205635,
                25.10859663345263
              ],
              [
                121.20345405572058,
                25.10859663345263
              ],
              [
                121.20345405572058,
                25.10850703531171
              ],
              [
                121.20315680845621,
                25.10850703531171
              ],
              [
                121.20315680845621,
                25.108417437170786
              ],
              [
                121.20285956119186,
                25.108417437170786
              ],
              [
                121.20285956119186,
                25.108327839029865
              ],
              [
                121.20256231392749,
                25.108327839029865
              ],
              [
                121.20256231392749,
                25.10823824088894
              ],
              [
                121.20216598424167,
                25.10823824088894
              ],
              [
                121.20216598424167,
                25.10814864274802
              ],
              [
                121.20196781939876,
                25.10814864274802
              ],
              [
                121.20196781939876,
                25.1080590446071
              ],
              [
                121.20176965455585,
                25.1080590446071
              ],
              [
                121.20176965455585,
                25.107969446466175
              ],
              [
                121.20157148971293,
                25.107969446466175
              ],
              [
                121.20157148971293,
                25.107879848325254
              ],
              [
                121.20147240729148,
                25.107879848325254
              ],
              [
                121.20147240729148,
                25.10779025018433
              ],
              [
                121.20127424244856,
                25.10779025018433
              ],
              [
                121.20127424244856,
                25.10770065204341
              ],
              [
                121.20117516002712,
                25.10770065204341
              ],
              [
                121.20117516002712,
                25.107611053902485
              ],
              [
                121.2009769951842,
                25.107611053902485
              ],
              [
                121.2009769951842,
                25.107521455761564
              ],
              [
                121.20087791276275,
                25.107521455761564
              ],
              [
                121.20087791276275,
                25.107431857620643
              ],
              [
                121.20077883034129,
                25.107431857620643
              ],
              [
                121.20077883034129,
                25.10734225947972
              ],
              [
                121.20058066549838,
                25.10734225947972
              ],
              [
                121.20058066549838,
                25.107252661338798
              ],
              [
                121.20048158307692,
                25.107252661338798
              ],
              [
                121.20048158307692,
                25.107163063197873
              ],
              [
                121.20038250065546,
                25.107163063197873
              ],
              [
                121.20038250065546,
                25.107073465056953
              ],
              [
                121.20028341823402,
                25.107073465056953
              ],
              [
                121.20028341823402,
                25.106983866916032
              ],
              [
                121.20008525339111,
                25.106983866916032
              ],
              [
                121.20008525339111,
                25.106894268775108
              ],
              [
                121.19998617096965,
                25.106894268775108
              ],
              [
                121.19998617096965,
                25.106804670634187
              ],
              [
                121.1998870885482,
                25.106804670634187
              ],
              [
                121.1998870885482,
                25.106715072493262
              ],
              [
                121.19978800612674,
                25.106715072493262
              ],
              [
                121.19978800612674,
                25.10662547435234
              ],
              [
                121.19968892370528,
                25.10662547435234
              ],
              [
                121.19968892370528,
                25.10653587621142
              ],
              [
                121.19958984128382,
                25.10653587621142
              ],
              [
                121.19958984128382,
                25.106446278070496
              ],
              [
                121.19949075886237,
                25.106446278070496
              ],
              [
                121.19949075886237,
                25.106356679929576
              ],
              [
                121.19939167644092,
                25.106356679929576
              ],
              [
                121.19939167644092,
                25.10626708178865
              ],
              [
                121.19929259401947,
                25.10626708178865
              ],
              [
                121.19929259401947,
                25.10617748364773
              ],
              [
                121.19919351159801,
                25.10617748364773
              ],
              [
                121.19919351159801,
                25.10608788550681
              ],
              [
                121.19909442917655,
                25.10608788550681
              ],
              [
                121.19909442917655,
                25.105908689224965
              ],
              [
                121.1989953467551,
                25.105908689224965
              ],
              [
                121.1989953467551,
                25.10581909108404
              ],
              [
                121.19889626433364,
                25.10581909108404
              ],
              [
                121.19889626433364,
                25.10572949294312
              ],
              [
                121.19879718191218,
                25.10572949294312
              ],
              [
                121.19879718191218,
                25.1056398948022
              ],
              [
                121.19869809949073,
                25.1056398948022
              ],
              [
                121.19869809949073,
                25.105550296661274
              ],
              [
                121.19859901706927,
                25.105550296661274
              ],
              [
                121.19859901706927,
                25.105460698520353
              ],
              [
                121.19849993464783,
                25.105460698520353
              ],
              [
                121.19849993464783,
                25.10537110037943
              ],
              [
                121.19840085222637,
                25.10537110037943
              ],
              [
                121.19840085222637,
                25.10528150223851
              ],
              [
                121.19830176980491,
                25.10528150223851
              ],
              [
                121.19830176980491,
                25.105191904097587
              ],
              [
                121.198103604962,
                25.105191904097587
              ],
              [
                121.198103604962,
                25.105102305956663
              ],
              [
                121.19800452254054,
                25.105102305956663
              ],
              [
                121.19800452254054,
                25.105012707815742
              ],
              [
                121.19770727527617,
                25.105012707815742
              ],
              [
                121.19770727527617,
                25.104923109674818
              ],
              [
                121.19741002801182,
                25.104923109674818
              ],
              [
                121.19741002801182,
                25.104833511533897
              ],
              [
                121.19701369832599,
                25.104833511533897
              ],
              [
                121.19701369832599,
                25.104743913392976
              ],
              [
                121.19671645106163,
                25.104743913392976
              ],
              [
                121.19671645106163,
                25.104654315252052
              ],
              [
                121.19641920379726,
                25.104654315252052
              ],
              [
                121.19641920379726,
                25.10456471711113
              ],
              [
                121.19612195653289,
                25.10456471711113
              ],
              [
                121.19612195653289,
                25.104475118970207
              ],
              [
                121.19582470926854,
                25.104475118970207
              ],
              [
                121.19582470926854,
                25.104385520829286
              ],
              [
                121.19562654442562,
                25.104385520829286
              ],
              [
                121.19562654442562,
                25.104295922688365
              ],
              [
                121.19532929716125,
                25.104295922688365
              ],
              [
                121.19532929716125,
                25.10420632454744
              ],
              [
                121.19513113231834,
                25.10420632454744
              ],
              [
                121.19513113231834,
                25.10411672640652
              ],
              [
                121.19493296747544,
                25.10411672640652
              ],
              [
                121.19493296747544,
                25.104027128265596
              ],
              [
                121.19473480263252,
                25.104027128265596
              ],
              [
                121.19473480263252,
                25.103937530124675
              ],
              [
                121.19453663778961,
                25.103937530124675
              ],
              [
                121.19453663778961,
                25.10384793198375
              ],
              [
                121.1943384729467,
                25.10384793198375
              ],
              [
                121.1943384729467,
                25.10375833384283
              ],
              [
                121.19414030810378,
                25.10375833384283
              ],
              [
                121.19414030810378,
                25.10366873570191
              ],
              [
                121.19404122568233,
                25.10366873570191
              ],
              [
                121.19404122568233,
                25.103579137560985
              ],
              [
                121.19384306083943,
                25.103579137560985
              ],
              [
                121.19384306083943,
                25.103489539420064
              ],
              [
                121.19374397841797,
                25.103489539420064
              ],
              [
                121.19374397841797,
                25.10339994127914
              ],
              [
                121.19364489599651,
                25.10339994127914
              ],
              [
                121.19364489599651,
                25.10331034313822
              ],
              [
                121.19354581357506,
                25.10331034313822
              ],
              [
                121.19354581357506,
                25.103220744997298
              ],
              [
                121.1934467311536,
                25.103220744997298
              ],
              [
                121.1934467311536,
                25.103131146856374
              ],
              [
                121.19334764873214,
                25.103131146856374
              ],
              [
                121.19334764873214,
                25.10295195057453
              ],
              [
                121.19324856631069,
                25.10295195057453
              ],
              [
                121.19324856631069,
                25.102862352433608
              ],
              [
                121.19314948388923,
                25.102862352433608
              ],
              [
                121.19314948388923,
                25.102772754292687
              ],
              [
                121.19305040146779,
                25.102772754292687
              ],
              [
                121.19305040146779,
                25.102683156151762
              ],
              [
                121.19295131904633,
                25.102683156151762
              ],
              [
                121.19295131904633,
                25.10259355801084
              ],
              [
                121.19285223662487,
                25.10259355801084
              ],
              [
                121.19285223662487,
                25.102503959869917
              ],
              [
                121.19275315420342,
                25.102503959869917
              ],
              [
                121.19275315420342,
                25.102324763588076
              ],
              [
                121.19265407178196,
                25.102324763588076
              ],
              [
                121.19265407178196,
                25.10223516544715
              ],
              [
                121.1925549893605,
                25.10223516544715
              ],
              [
                121.1925549893605,
                25.10214556730623
              ],
              [
                121.19245590693905,
                25.10214556730623
              ],
              [
                121.19245590693905,
                25.102055969165306
              ],
              [
                121.19235682451759,
                25.102055969165306
              ],
              [
                121.19235682451759,
                25.101966371024385
              ],
              [
                121.19225774209613,
                25.101966371024385
              ],
              [
                121.19225774209613,
                25.10178717474254
              ],
              [
                121.19215865967469,
                25.10178717474254
              ],
              [
                121.19215865967469,
                25.10169757660162
              ],
              [
                121.19205957725323,
                25.10169757660162
              ],
              [
                121.19205957725323,
                25.101607978460695
              ],
              [
                121.19196049483178,
                25.101607978460695
              ],
              [
                121.19196049483178,
                25.101428782178854
              ],
              [
                121.19186141241032,
                25.101428782178854
              ],
              [
                121.19186141241032,
                25.10133918403793
              ],
              [
                121.19176232998886,
                25.10133918403793
              ],
              [
                121.19176232998886,
                25.101159987756084
              ],
              [
                121.1916632475674,
                25.101159987756084
              ],
              [
                121.1916632475674,
                25.101070389615163
              ],
              [
                121.19156416514595,
                25.101070389615163
              ],
              [
                121.19156416514595,
                25.100980791474242
              ],
              [
                121.19146508272449,
                25.100980791474242
              ],
              [
                121.19146508272449,
                25.100891193333318
              ],
              [
                121.19136600030303,
                25.100891193333318
              ],
              [
                121.19136600030303,
                25.100801595192397
              ],
              [
                121.19126691788159,
                25.100801595192397
              ],
              [
                121.19126691788159,
                25.100711997051473
              ],
              [
                121.19116783546013,
                25.100711997051473
              ],
              [
                121.19116783546013,
                25.100622398910552
              ],
              [
                121.19106875303868,
                25.100622398910552
              ],
              [
                121.19106875303868,
                25.10053280076963
              ],
              [
                121.19096967061722,
                25.10053280076963
              ],
              [
                121.19096967061722,
                25.100443202628707
              ],
              [
                121.19077150577431,
                25.100443202628707
              ],
              [
                121.19077150577431,
                25.100353604487786
              ],
              [
                121.19067242335285,
                25.100353604487786
              ],
              [
                121.19067242335285,
                25.100264006346862
              ],
              [
                121.1905733409314,
                25.100264006346862
              ],
              [
                121.1905733409314,
                25.10017440820594
              ],
              [
                121.1903751760885,
                25.10017440820594
              ],
              [
                121.1903751760885,
                25.100084810065017
              ],
              [
                121.19027609366704,
                25.100084810065017
              ],
              [
                121.19027609366704,
                25.099995211924096
              ],
              [
                121.19007792882412,
                25.099995211924096
              ],
              [
                121.19007792882412,
                25.099905613783175
              ],
              [
                121.18987976398121,
                25.099905613783175
              ],
              [
                121.18987976398121,
                25.09981601564225
              ],
              [
                121.1896815991383,
                25.09981601564225
              ],
              [
                121.1896815991383,
                25.09972641750133
              ],
              [
                121.1894834342954,
                25.09972641750133
              ],
              [
                121.1894834342954,
                25.099636819360406
              ],
              [
                121.18918618703103,
                25.099636819360406
              ],
              [
                121.18918618703103,
                25.099547221219485
              ],
              [
                121.1887898573452,
                25.099547221219485
              ],
              [
                121.1887898573452,
                25.099457623078564
              ],
              [
                121.18839352765939,
                25.099457623078564
              ],
              [
                121.18839352765939,
                25.09936802493764
              ],
              [
                121.18799719797356,
                25.09936802493764
              ],
              [
                121.18799719797356,
                25.09927842679672
              ],
              [
                121.18760086828775,
                25.09927842679672
              ],
              [
                121.18760086828775,
                25.099188828655794
              ],
              [
                121.18710545618046,
                25.099188828655794
              ],
              [
                121.18710545618046,
                25.099099230514874
              ],
              [
                121.18661004407319,
                25.099099230514874
              ],
              [
                121.18661004407319,
                25.099009632373953
              ],
              [
                121.1861146319659,
                25.099009632373953
              ],
              [
                121.1861146319659,
                25.09892003423303
              ],
              [
                121.1857183022801,
                25.09892003423303
              ],
              [
                121.1857183022801,
                25.098830436092108
              ],
              [
                121.18532197259427,
                25.098830436092108
              ],
              [
                121.18532197259427,
                25.098740837951183
              ],
              [
                121.18512380775135,
                25.098740837951183
              ],
              [
                121.18512380775135,
                25.098651239810263
              ],
              [
                121.1850247253299,
                25.098651239810263
              ],
              [
                121.1850247253299,
                25.098561641669342
              ],
              [
                121.184826560487,
                25.098561641669342
              ],
              [
                121.184826560487,
                25.098472043528417
              ],
              [
                121.18462839564408,
                25.098472043528417
              ],
              [
                121.18462839564408,
                25.098382445387497
              ],
              [
                121.18452931322263,
                25.098382445387497
              ],
              [
                121.18452931322263,
                25.098292847246572
              ],
              [
                121.18433114837971,
                25.098292847246572
              ],
              [
                121.18433114837971,
                25.09820324910565
              ],
              [
                121.18423206595826,
                25.09820324910565
              ],
              [
                121.18423206595826,
                25.09811365096473
              ],
              [
                121.18403390111536,
                25.09811365096473
              ],
              [
                121.18403390111536,
                25.098024052823806
              ],
              [
                121.1839348186939,
                25.098024052823806
              ],
              [
                121.1839348186939,
                25.097934454682886
              ],
              [
                121.18383573627244,
                25.097934454682886
              ],
              [
                121.18383573627244,
                25.09784485654196
              ],
              [
                121.18373665385099,
                25.09784485654196
              ],
              [
                121.18373665385099,
                25.09775525840104
              ],
              [
                121.18363757142953,
                25.09775525840104
              ],
              [
                121.18363757142953,
                25.09766566026012
              ],
              [
                121.18353848900807,
                25.09766566026012
              ],
              [
                121.18353848900807,
                25.097576062119195
              ],
              [
                121.18343940658661,
                25.097576062119195
              ],
              [
                121.18343940658661,
                25.097486463978274
              ],
              [
                121.18334032416516,
                25.097486463978274
              ],
              [
                121.18334032416516,
                25.09730726769643
              ],
              [
                121.1832412417437,
                25.09730726769643
              ],
              [
                121.1832412417437,
                25.09721766955551
              ],
              [
                121.18314215932226,
                25.09721766955551
              ],
              [
                121.18314215932226,
                25.097128071414584
              ],
              [
                121.1830430769008,
                25.097128071414584
              ],
              [
                121.1830430769008,
                25.097038473273663
              ],
              [
                121.18294399447934,
                25.097038473273663
              ],
              [
                121.18294399447934,
                25.09694887513274
              ],
              [
                121.18284491205789,
                25.09694887513274
              ],
              [
                121.18284491205789,
                25.096859276991818
              ],
              [
                121.18274582963643,
                25.096859276991818
              ],
              [
                121.18274582963643,
                25.096769678850897
              ],
              [
                121.18264674721497,
                25.096769678850897
              ],
              [
                121.18264674721497,
                25.096680080709973
              ],
              [
                121.18254766479352,
                25.096680080709973
              ],
              [
                121.18254766479352,
                25.096590482569052
              ],
              [
                121.18244858237206,
                25.096590482569052
              ],
              [
                121.18244858237206,
                25.096500884428128
              ],
              [
                121.18225041752916,
                25.096500884428128
              ],
              [
                121.18225041752916,
                25.096411286287207
              ],
              [
                121.1821513351077,
                25.096411286287207
              ],
              [
                121.1821513351077,
                25.096321688146283
              ],
              [
                121.18205225268625,
                25.096321688146283
              ],
              [
                121.18205225268625,
                25.096232090005362
              ],
              [
                121.18185408784333,
                25.096232090005362
              ],
              [
                121.18185408784333,
                25.09614249186444
              ],
              [
                121.18175500542188,
                25.09614249186444
              ],
              [
                121.18175500542188,
                25.096052893723517
              ],
              [
                121.18155684057896,
                25.096052893723517
              ],
              [
                121.18155684057896,
                25.095963295582596
              ],
              [
                121.18135867573606,
                25.095963295582596
              ],
              [
                121.18135867573606,
                25.09587369744167
              ],
              [
                121.18007060425714,
                25.09587369744167
              ],
              [
                121.18007060425714,
                25.095963295582596
              ],
              [
                121.17898069762113,
                25.095963295582596
              ],
              [
                121.17898069762113,
                25.096052893723517
              ],
              [
                121.17699904919202,
                25.096052893723517
              ],
              [
                121.17699904919202,
                25.095963295582596
              ],
              [
                121.17689996677056,
                25.095963295582596
              ],
              [
                121.17689996677056,
                25.09587369744167
              ],
              [
                121.17680088434912,
                25.09587369744167
              ],
              [
                121.17680088434912,
                25.09578409930075
              ],
              [
                121.17670180192766,
                25.09578409930075
              ],
              [
                121.17670180192766,
                25.09569450115983
              ],
              [
                121.1766027195062,
                25.09569450115983
              ],
              [
                121.1766027195062,
                25.095604903018906
              ],
              [
                121.17640455466329,
                25.095604903018906
              ],
              [
                121.17640455466329,
                25.095515304877985
              ],
              [
                121.17630547224184,
                25.095515304877985
              ],
              [
                121.17630547224184,
                25.09542570673706
              ],
              [
                121.17620638982038,
                25.09542570673706
              ],
              [
                121.17620638982038,
                25.09533610859614
              ],
              [
                121.17610730739892,
                25.09533610859614
              ],
              [
                121.17610730739892,
                25.09524651045522
              ],
              [
                121.17600822497747,
                25.09524651045522
              ],
              [
                121.17600822497747,
                25.095067314173374
              ],
              [
                121.17590914255602,
                25.095067314173374
              ],
              [
                121.17590914255602,
                25.09497771603245
              ],
              [
                121.17581006013457,
                25.09497771603245
              ],
              [
                121.17581006013457,
                25.09488811789153
              ],
              [
                121.17571097771311,
                25.09488811789153
              ],
              [
                121.17571097771311,
                25.094798519750608
              ],
              [
                121.17561189529165,
                25.094798519750608
              ],
              [
                121.17561189529165,
                25.094708921609683
              ],
              [
                121.1755128128702,
                25.094708921609683
              ],
              [
                121.1755128128702,
                25.094619323468763
              ],
              [
                121.17541373044874,
                25.094619323468763
              ],
              [
                121.17541373044874,
                25.09452972532784
              ],
              [
                121.17531464802728,
                25.09452972532784
              ],
              [
                121.17531464802728,
                25.094350529045997
              ],
              [
                121.17521556560582,
                25.094350529045997
              ],
              [
                121.17521556560582,
                25.094260930905072
              ],
              [
                121.17511648318437,
                25.094260930905072
              ],
              [
                121.17511648318437,
                25.09417133276415
              ],
              [
                121.17501740076293,
                25.09417133276415
              ],
              [
                121.17501740076293,
                25.094081734623227
              ],
              [
                121.17491831834147,
                25.094081734623227
              ],
              [
                121.17491831834147,
                25.093902538341386
              ],
              [
                121.17481923592001,
                25.093902538341386
              ],
              [
                121.17481923592001,
                25.09381294020046
              ],
              [
                121.17472015349855,
                25.09381294020046
              ],
              [
                121.17472015349855,
                25.093633743918616
              ],
              [
                121.1746210710771,
                25.093633743918616
              ],
              [
                121.1746210710771,
                25.093544145777695
              ],
              [
                121.17452198865564,
                25.093544145777695
              ],
              [
                121.17452198865564,
                25.09336494949585
              ],
              [
                121.17442290623418,
                25.09336494949585
              ],
              [
                121.17442290623418,
                25.093185753214005
              ],
              [
                121.17432382381273,
                25.093185753214005
              ],
              [
                121.17432382381273,
                25.093096155073084
              ],
              [
                121.17422474139127,
                25.093096155073084
              ],
              [
                121.17422474139127,
                25.09291695879124
              ],
              [
                121.17412565896983,
                25.09291695879124
              ],
              [
                121.17412565896983,
                25.09282736065032
              ],
              [
                121.17402657654837,
                25.09282736065032
              ],
              [
                121.17402657654837,
                25.092648164368473
              ],
              [
                121.17392749412691,
                25.092648164368473
              ],
              [
                121.17392749412691,
                25.092558566227552
              ],
              [
                121.17382841170546,
                25.092558566227552
              ],
              [
                121.17382841170546,
                25.092468968086628
              ],
              [
                121.173729329284,
                25.092468968086628
              ],
              [
                121.173729329284,
                25.092379369945707
              ],
              [
                121.17363024686254,
                25.092379369945707
              ],
              [
                121.17363024686254,
                25.092289771804783
              ],
              [
                121.17353116444109,
                25.092289771804783
              ],
              [
                121.17353116444109,
                25.092200173663862
              ],
              [
                121.17343208201963,
                25.092200173663862
              ],
              [
                121.17343208201963,
                25.092020977382017
              ],
              [
                121.17333299959817,
                25.092020977382017
              ],
              [
                121.17333299959817,
                25.091931379241096
              ],
              [
                121.17313483475527,
                25.091931379241096
              ],
              [
                121.17313483475527,
                25.09184178110017
              ],
              [
                121.17303575233382,
                25.09184178110017
              ],
              [
                121.17303575233382,
                25.09175218295925
              ],
              [
                121.17293666991236,
                25.09175218295925
              ],
              [
                121.17293666991236,
                25.091662584818327
              ],
              [
                121.1728375874909,
                25.091662584818327
              ],
              [
                121.1728375874909,
                25.091572986677406
              ],
              [
                121.17273850506945,
                25.091572986677406
              ],
              [
                121.17273850506945,
                25.091483388536485
              ],
              [
                121.17254034022653,
                25.091483388536485
              ],
              [
                121.17254034022653,
                25.09139379039556
              ],
              [
                121.17244125780508,
                25.09139379039556
              ],
              [
                121.17244125780508,
                25.09130419225464
              ],
              [
                121.17234217538363,
                25.09130419225464
              ],
              [
                121.17234217538363,
                25.091214594113715
              ],
              [
                121.17224309296218,
                25.091214594113715
              ],
              [
                121.17224309296218,
                25.091124995972795
              ],
              [
                121.17214401054072,
                25.091124995972795
              ],
              [
                121.17214401054072,
                25.091035397831874
              ],
              [
                121.1719458456978,
                25.091035397831874
              ],
              [
                121.1719458456978,
                25.09094579969095
              ],
              [
                121.17184676327635,
                25.09094579969095
              ],
              [
                121.17184676327635,
                25.09085620155003
              ],
              [
                121.17174768085489,
                25.09085620155003
              ],
              [
                121.17174768085489,
                25.090766603409104
              ],
              [
                121.17164859843344,
                25.090766603409104
              ],
              [
                121.17164859843344,
                25.090677005268184
              ],
              [
                121.17154951601198,
                25.090677005268184
              ],
              [
                121.17154951601198,
                25.090587407127263
              ],
              [
                121.17145043359054,
                25.090587407127263
              ],
              [
                121.17145043359054,
                25.09049780898634
              ],
              [
                121.17135135116908,
                25.09049780898634
              ],
              [
                121.17135135116908,
                25.090408210845418
              ],
              [
                121.17125226874762,
                25.090408210845418
              ],
              [
                121.17125226874762,
                25.090318612704493
              ],
              [
                121.17115318632617,
                25.090318612704493
              ],
              [
                121.17115318632617,
                25.090229014563572
              ],
              [
                121.17105410390471,
                25.090229014563572
              ],
              [
                121.17105410390471,
                25.09013941642265
              ],
              [
                121.17095502148325,
                25.09013941642265
              ],
              [
                121.17095502148325,
                25.090049818281727
              ],
              [
                121.1708559390618,
                25.090049818281727
              ],
              [
                121.1708559390618,
                25.089960220140807
              ],
              [
                121.17075685664034,
                25.089960220140807
              ],
              [
                121.17075685664034,
                25.089870621999882
              ],
              [
                121.17065777421888,
                25.089870621999882
              ],
              [
                121.17065777421888,
                25.08978102385896
              ],
              [
                121.17055869179744,
                25.08978102385896
              ],
              [
                121.17055869179744,
                25.08969142571804
              ],
              [
                121.17045960937598,
                25.08969142571804
              ],
              [
                121.17045960937598,
                25.089601827577116
              ],
              [
                121.17026144453307,
                25.089601827577116
              ],
              [
                121.17026144453307,
                25.089512229436195
              ],
              [
                121.17016236211161,
                25.089512229436195
              ],
              [
                121.17016236211161,
                25.08942263129527
              ],
              [
                121.1699641972687,
                25.08942263129527
              ],
              [
                121.1699641972687,
                25.08933303315435
              ],
              [
                121.16976603242578,
                25.08933303315435
              ],
              [
                121.16976603242578,
                25.08924343501343
              ],
              [
                121.16956786758288,
                25.08924343501343
              ],
              [
                121.16956786758288,
                25.089153836872505
              ],
              [
                121.16927062031851,
                25.089153836872505
              ],
              [
                121.16927062031851,
                25.089064238731584
              ],
              [
                121.16897337305414,
                25.089064238731584
              ],
              [
                121.16897337305414,
                25.08897464059066
              ],
              [
                121.16847796094687,
                25.08897464059066
              ],
              [
                121.16847796094687,
                25.08888504244974
              ],
              [
                121.16709080704649,
                25.08888504244974
              ],
              [
                121.16709080704649,
                25.08879544430882
              ],
              [
                121.16560457072467,
                25.08879544430882
              ],
              [
                121.16560457072467,
                25.088705846167894
              ],
              [
                121.16372200471702,
                25.088705846167894
              ],
              [
                121.16372200471702,
                25.088616248026973
              ],
              [
                121.16174035628791,
                25.088616248026973
              ],
              [
                121.16174035628791,
                25.08852664988605
              ],
              [
                121.16025411996608,
                25.08852664988605
              ],
              [
                121.16025411996608,
                25.088437051745128
              ],
              [
                121.16005595512317,
                25.088437051745128
              ],
              [
                121.16005595512317,
                25.088347453604204
              ],
              [
                121.15985779028026,
                25.088347453604204
              ],
              [
                121.15985779028026,
                25.088257855463283
              ],
              [
                121.15965962543736,
                25.088257855463283
              ],
              [
                121.15965962543736,
                25.088168257322362
              ],
              [
                121.1595605430159,
                25.088168257322362
              ],
              [
                121.1595605430159,
                25.088078659181438
              ],
              [
                121.15936237817299,
                25.088078659181438
              ],
              [
                121.15936237817299,
                25.087989061040517
              ],
              [
                121.15926329575153,
                25.087989061040517
              ],
              [
                121.15926329575153,
                25.087899462899593
              ],
              [
                121.15906513090862,
                25.087899462899593
              ],
              [
                121.15906513090862,
                25.087809864758672
              ],
              [
                121.15896604848716,
                25.087809864758672
              ],
              [
                121.15896604848716,
                25.08772026661775
              ],
              [
                121.1588669660657,
                25.08772026661775
              ],
              [
                121.1588669660657,
                25.087630668476827
              ],
              [
                121.15876788364426,
                25.087630668476827
              ],
              [
                121.15876788364426,
                25.087541070335906
              ],
              [
                121.1586688012228,
                25.087541070335906
              ],
              [
                121.1586688012228,
                25.08745147219498
              ],
              [
                121.15856971880135,
                25.08745147219498
              ],
              [
                121.15856971880135,
                25.08736187405406
              ],
              [
                121.15847063637989,
                25.08736187405406
              ],
              [
                121.15847063637989,
                25.08727227591314
              ],
              [
                121.15837155395843,
                25.08727227591314
              ],
              [
                121.15837155395843,
                25.087182677772216
              ],
              [
                121.15827247153697,
                25.087182677772216
              ],
              [
                121.15827247153697,
                25.08700348149037
              ],
              [
                121.15817338911552,
                25.08700348149037
              ],
              [
                121.15817338911552,
                25.08691388334945
              ],
              [
                121.15807430669406,
                25.08691388334945
              ],
              [
                121.15807430669406,
                25.08682428520853
              ],
              [
                121.1579752242726,
                25.08682428520853
              ],
              [
                121.1579752242726,
                25.086645088926684
              ],
              [
                121.15787614185116,
                25.086645088926684
              ],
              [
                121.15787614185116,
                25.08646589264484
              ],
              [
                121.1577770594297,
                25.08646589264484
              ],
              [
                121.1577770594297,
                25.086286696362993
              ],
              [
                121.15767797700825,
                25.086286696362993
              ],
              [
                121.15767797700825,
                25.086107500081148
              ],
              [
                121.15757889458679,
                25.086107500081148
              ],
              [
                121.15757889458679,
                25.085928303799307
              ],
              [
                121.15747981216533,
                25.085928303799307
              ],
              [
                121.15747981216533,
                25.08574910751746
              ],
              [
                121.15738072974388,
                25.08574910751746
              ],
              [
                121.15738072974388,
                25.085480313094696
              ],
              [
                121.15728164732242,
                25.085480313094696
              ],
              [
                121.15728164732242,
                25.08530111681285
              ],
              [
                121.15718256490096,
                25.08530111681285
              ],
              [
                121.15718256490096,
                25.085032322390084
              ],
              [
                121.1570834824795,
                25.085032322390084
              ],
              [
                121.1570834824795,
                25.08485312610824
              ],
              [
                121.15698440005806,
                25.08485312610824
              ],
              [
                121.15698440005806,
                25.084673929826394
              ],
              [
                121.15688531763661,
                25.084673929826394
              ],
              [
                121.15688531763661,
                25.08449473354455
              ],
              [
                121.15678623521515,
                25.08449473354455
              ],
              [
                121.15678623521515,
                25.084405135403628
              ],
              [
                121.1566871527937,
                25.084405135403628
              ],
              [
                121.1566871527937,
                25.084225939121783
              ],
              [
                121.15658807037224,
                25.084225939121783
              ],
              [
                121.15658807037224,
                25.08413634098086
              ],
              [
                121.15648898795078,
                25.08413634098086
              ],
              [
                121.15648898795078,
                25.083957144699017
              ],
              [
                121.15638990552932,
                25.083957144699017
              ],
              [
                121.15638990552932,
                25.083867546558093
              ],
              [
                121.15629082310787,
                25.083867546558093
              ],
              [
                121.15629082310787,
                25.083777948417172
              ],
              [
                121.1549036692075,
                25.083777948417172
              ],
              [
                121.1549036692075,
                25.083867546558093
              ],
              [
                121.15262477351402,
                25.083867546558093
              ],
              [
                121.15262477351402,
                25.083957144699017
              ],
              [
                121.149355053606,
                25.083957144699017
              ],
              [
                121.149355053606,
                25.07902924694829
              ],
              [
                121.15074220750637,
                25.07902924694829
              ],
              [
                121.15074220750637,
                25.079118845089216
              ],
              [
                121.15084128992783,
                25.079118845089216
              ],
              [
                121.15084128992783,
                25.079208443230137
              ],
              [
                121.15133670203511,
                25.079208443230137
              ],
              [
                121.15133670203511,
                25.07929804137106
              ],
              [
                121.1520302789853,
                25.07929804137106
              ],
              [
                121.1520302789853,
                25.07938763951198
              ],
              [
                121.15272385593548,
                25.07938763951198
              ],
              [
                121.15272385593548,
                25.079477237652902
              ],
              [
                121.15321926804276,
                25.079477237652902
              ],
              [
                121.15321926804276,
                25.079566835793827
              ],
              [
                121.15351651530712,
                25.079566835793827
              ],
              [
                121.15351651530712,
                25.079656433934748
              ],
              [
                121.15361559772857,
                25.079656433934748
              ],
              [
                121.15361559772857,
                25.079746032075672
              ],
              [
                121.15411100983586,
                25.079746032075672
              ],
              [
                121.15411100983586,
                25.079835630216593
              ],
              [
                121.15440825710021,
                25.079835630216593
              ],
              [
                121.15440825710021,
                25.080014826498438
              ],
              [
                121.15450733952167,
                25.080014826498438
              ],
              [
                121.15450733952167,
                25.080194022780283
              ],
              [
                121.15500275162896,
                25.080194022780283
              ],
              [
                121.15500275162896,
                25.080014826498438
              ],
              [
                121.15510183405041,
                25.080014826498438
              ],
              [
                121.15510183405041,
                25.080194022780283
              ],
              [
                121.15529999889331,
                25.080194022780283
              ],
              [
                121.15529999889331,
                25.080283620921204
              ],
              [
                121.15559724615768,
                25.080283620921204
              ],
              [
                121.15559724615768,
                25.080373219062125
              ],
              [
                121.15589449342205,
                25.080373219062125
              ],
              [
                121.15589449342205,
                25.08046281720305
              ],
              [
                121.15629082310787,
                25.08046281720305
              ],
              [
                121.15629082310787,
                25.08055241534397
              ],
              [
                121.15658807037224,
                25.08055241534397
              ],
              [
                121.15658807037224,
                25.080642013484894
              ],
              [
                121.15688531763661,
                25.080642013484894
              ],
              [
                121.15688531763661,
                25.080731611625815
              ],
              [
                121.15718256490096,
                25.080731611625815
              ],
              [
                121.15718256490096,
                25.080821209766736
              ],
              [
                121.15747981216533,
                25.080821209766736
              ],
              [
                121.15747981216533,
                25.08091080790766
              ],
              [
                121.1577770594297,
                25.08091080790766
              ],
              [
                121.1577770594297,
                25.08100040604858
              ],
              [
                121.15807430669406,
                25.08100040604858
              ],
              [
                121.15807430669406,
                25.081179602330426
              ],
              [
                121.15837155395843,
                25.081179602330426
              ],
              [
                121.15837155395843,
                25.081090004189505
              ],
              [
                121.15847063637989,
                25.081090004189505
              ],
              [
                121.15847063637989,
                25.081179602330426
              ],
              [
                121.15876788364426,
                25.081179602330426
              ],
              [
                121.15876788364426,
                25.08126920047135
              ],
              [
                121.15906513090862,
                25.08126920047135
              ],
              [
                121.15906513090862,
                25.08135879861227
              ],
              [
                121.15936237817299,
                25.08135879861227
              ],
              [
                121.15936237817299,
                25.081448396753192
              ],
              [
                121.1597587078588,
                25.081448396753192
              ],
              [
                121.1597587078588,
                25.081537994894116
              ],
              [
                121.16005595512317,
                25.081537994894116
              ],
              [
                121.16005595512317,
                25.081627593035037
              ],
              [
                121.16025411996608,
                25.081627593035037
              ],
              [
                121.16025411996608,
                25.08171719117596
              ],
              [
                121.160452284809,
                25.08171719117596
              ],
              [
                121.160452284809,
                25.081806789316882
              ],
              [
                121.16074953207335,
                25.081806789316882
              ],
              [
                121.16074953207335,
                25.081896387457803
              ],
              [
                121.16094769691627,
                25.081896387457803
              ],
              [
                121.16094769691627,
                25.081985985598727
              ],
              [
                121.16124494418064,
                25.081985985598727
              ],
              [
                121.16124494418064,
                25.08207558373965
              ],
              [
                121.16144310902355,
                25.08207558373965
              ],
              [
                121.16144310902355,
                25.082165181880573
              ],
              [
                121.16164127386645,
                25.082165181880573
              ],
              [
                121.16164127386645,
                25.082254780021493
              ],
              [
                121.16183943870936,
                25.082254780021493
              ],
              [
                121.16183943870936,
                25.082344378162414
              ],
              [
                121.16213668597373,
                25.082344378162414
              ],
              [
                121.16213668597373,
                25.08243397630334
              ],
              [
                121.16233485081665,
                25.08243397630334
              ],
              [
                121.16233485081665,
                25.08252357444426
              ],
              [
                121.162632098081,
                25.08252357444426
              ],
              [
                121.162632098081,
                25.082613172585184
              ],
              [
                121.16283026292392,
                25.082613172585184
              ],
              [
                121.16283026292392,
                25.082702770726105
              ],
              [
                121.16302842776683,
                25.082702770726105
              ],
              [
                121.16302842776683,
                25.082792368867025
              ],
              [
                121.16322659260975,
                25.082792368867025
              ],
              [
                121.16322659260975,
                25.08288196700795
              ],
              [
                121.16342475745265,
                25.08288196700795
              ],
              [
                121.16342475745265,
                25.08297156514887
              ],
              [
                121.16362292229556,
                25.08297156514887
              ],
              [
                121.16362292229556,
                25.083061163289795
              ],
              [
                121.16382108713847,
                25.083061163289795
              ],
              [
                121.16382108713847,
                25.083150761430716
              ],
              [
                121.16411833440284,
                25.083150761430716
              ],
              [
                121.16411833440284,
                25.083240359571636
              ],
              [
                121.16431649924574,
                25.083240359571636
              ],
              [
                121.16431649924574,
                25.08332995771256
              ],
              [
                121.16451466408866,
                25.08332995771256
              ],
              [
                121.16451466408866,
                25.08341955585348
              ],
              [
                121.16471282893157,
                25.08341955585348
              ],
              [
                121.16471282893157,
                25.083509153994406
              ],
              [
                121.16491099377448,
                25.083509153994406
              ],
              [
                121.16491099377448,
                25.083598752135327
              ],
              [
                121.1651091586174,
                25.083598752135327
              ],
              [
                121.1651091586174,
                25.083688350276248
              ],
              [
                121.1653073234603,
                25.083688350276248
              ],
              [
                121.1653073234603,
                25.083777948417172
              ],
              [
                121.16550548830321,
                25.083777948417172
              ],
              [
                121.16550548830321,
                25.083867546558093
              ],
              [
                121.16570365314612,
                25.083867546558093
              ],
              [
                121.16570365314612,
                25.083957144699017
              ],
              [
                121.16590181798904,
                25.083957144699017
              ],
              [
                121.16590181798904,
                25.084046742839938
              ],
              [
                121.16609998283194,
                25.084046742839938
              ],
              [
                121.16609998283194,
                25.08413634098086
              ],
              [
                121.16629814767485,
                25.08413634098086
              ],
              [
                121.16629814767485,
                25.084225939121783
              ],
              [
                121.16649631251776,
                25.084225939121783
              ],
              [
                121.16649631251776,
                25.084315537262704
              ],
              [
                121.16669447736068,
                25.084315537262704
              ],
              [
                121.16669447736068,
                25.084405135403628
              ],
              [
                121.16689264220359,
                25.084405135403628
              ],
              [
                121.16689264220359,
                25.08449473354455
              ],
              [
                121.16709080704649,
                25.08449473354455
              ],
              [
                121.16709080704649,
                25.08458433168547
              ],
              [
                121.1672889718894,
                25.08458433168547
              ],
              [
                121.1672889718894,
                25.084673929826394
              ],
              [
                121.16748713673232,
                25.084673929826394
              ],
              [
                121.16748713673232,
                25.084763527967315
              ],
              [
                121.16778438399669,
                25.084763527967315
              ],
              [
                121.16778438399669,
                25.08485312610824
              ],
              [
                121.16827979610396,
                25.08485312610824
              ],
              [
                121.16827979610396,
                25.08494272424916
              ],
              [
                121.16877520821123,
                25.08494272424916
              ],
              [
                121.16877520821123,
                25.085032322390084
              ],
              [
                121.16897337305414,
                25.085032322390084
              ],
              [
                121.16897337305414,
                25.085121920531005
              ],
              [
                121.16927062031851,
                25.085121920531005
              ],
              [
                121.16927062031851,
                25.085211518671926
              ],
              [
                121.16956786758288,
                25.085211518671926
              ],
              [
                121.16956786758288,
                25.08530111681285
              ],
              [
                121.16986511484724,
                25.08530111681285
              ],
              [
                121.16986511484724,
                25.08539071495377
              ],
              [
                121.17026144453307,
                25.08539071495377
              ],
              [
                121.17026144453307,
                25.085480313094696
              ],
              [
                121.17263942264799,
                25.085480313094696
              ],
              [
                121.17263942264799,
                25.08539071495377
              ],
              [
                121.1728375874909,
                25.08539071495377
              ],
              [
                121.1728375874909,
                25.08530111681285
              ],
              [
                121.17313483475527,
                25.08530111681285
              ],
              [
                121.17313483475527,
                25.085121920531005
              ],
              [
                121.17323391717673,
                25.085121920531005
              ],
              [
                121.17323391717673,
                25.08494272424916
              ],
              [
                121.17333299959817,
                25.08494272424916
              ],
              [
                121.17333299959817,
                25.084763527967315
              ],
              [
                121.17343208201963,
                25.084763527967315
              ],
              [
                121.17343208201963,
                25.08458433168547
              ],
              [
                121.17353116444109,
                25.08458433168547
              ],
              [
                121.17353116444109,
                25.084225939121783
              ],
              [
                121.17343208201963,
                25.084225939121783
              ],
              [
                121.17343208201963,
                25.084405135403628
              ],
              [
                121.17323391717673,
                25.084405135403628
              ],
              [
                121.17323391717673,
                25.084225939121783
              ],
              [
                121.17333299959817,
                25.084225939121783
              ],
              [
                121.17333299959817,
                25.08413634098086
              ],
              [
                121.17343208201963,
                25.08413634098086
              ],
              [
                121.17343208201963,
                25.083957144699017
              ],
              [
                121.17353116444109,
                25.083957144699017
              ],
              [
                121.17353116444109,
                25.08413634098086
              ],
              [
                121.17363024686254,
                25.08413634098086
              ],
              [
                121.17363024686254,
                25.083688350276248
              ],
              [
                121.173729329284,
                25.083688350276248
              ],
              [
                121.173729329284,
                25.083598752135327
              ],
              [
                121.17363024686254,
                25.083598752135327
              ],
              [
                121.17363024686254,
                25.08341955585348
              ],
              [
                121.17353116444109,
                25.08341955585348
              ],
              [
                121.17353116444109,
                25.083150761430716
              ],
              [
                121.17343208201963,
                25.083150761430716
              ],
              [
                121.17343208201963,
                25.083061163289795
              ],
              [
                121.17333299959817,
                25.083061163289795
              ],
              [
                121.17333299959817,
                25.08288196700795
              ],
              [
                121.17323391717673,
                25.08288196700795
              ],
              [
                121.17323391717673,
                25.082792368867025
              ],
              [
                121.17313483475527,
                25.082792368867025
              ],
              [
                121.17313483475527,
                25.082613172585184
              ],
              [
                121.17303575233382,
                25.082613172585184
              ],
              [
                121.17303575233382,
                25.08252357444426
              ],
              [
                121.17293666991236,
                25.08252357444426
              ],
              [
                121.17293666991236,
                25.08243397630334
              ],
              [
                121.1728375874909,
                25.08243397630334
              ],
              [
                121.1728375874909,
                25.082254780021493
              ],
              [
                121.17273850506945,
                25.082254780021493
              ],
              [
                121.17273850506945,
                25.08135879861227
              ],
              [
                121.17303575233382,
                25.08135879861227
              ],
              [
                121.17303575233382,
                25.081448396753192
              ],
              [
                121.17323391717673,
                25.081448396753192
              ],
              [
                121.17323391717673,
                25.081985985598727
              ],
              [
                121.17333299959817,
                25.081985985598727
              ],
              [
                121.17333299959817,
                25.082165181880573
              ],
              [
                121.17343208201963,
                25.082165181880573
              ],
              [
                121.17343208201963,
                25.082344378162414
              ],
              [
                121.17353116444109,
                25.082344378162414
              ],
              [
                121.17353116444109,
                25.08243397630334
              ],
              [
                121.17363024686254,
                25.08243397630334
              ],
              [
                121.17363024686254,
                25.082613172585184
              ],
              [
                121.173729329284,
                25.082613172585184
              ],
              [
                121.173729329284,
                25.082792368867025
              ],
              [
                121.17382841170546,
                25.082792368867025
              ],
              [
                121.17382841170546,
                25.08297156514887
              ],
              [
                121.17392749412691,
                25.08297156514887
              ],
              [
                121.17392749412691,
                25.083150761430716
              ],
              [
                121.17402657654837,
                25.083150761430716
              ],
              [
                121.17402657654837,
                25.08332995771256
              ],
              [
                121.17422474139127,
                25.08332995771256
              ],
              [
                121.17422474139127,
                25.08341955585348
              ],
              [
                121.17432382381273,
                25.08341955585348
              ],
              [
                121.17432382381273,
                25.08332995771256
              ],
              [
                121.17442290623418,
                25.08332995771256
              ],
              [
                121.17442290623418,
                25.083061163289795
              ],
              [
                121.17452198865564,
                25.083061163289795
              ],
              [
                121.17452198865564,
                25.08288196700795
              ],
              [
                121.1746210710771,
                25.08288196700795
              ],
              [
                121.1746210710771,
                25.082613172585184
              ],
              [
                121.17472015349855,
                25.082613172585184
              ],
              [
                121.17472015349855,
                25.082344378162414
              ],
              [
                121.17481923592001,
                25.082344378162414
              ],
              [
                121.17481923592001,
                25.082165181880573
              ],
              [
                121.17491831834147,
                25.082165181880573
              ],
              [
                121.17491831834147,
                25.08207558373965
              ],
              [
                121.17501740076293,
                25.08207558373965
              ],
              [
                121.17501740076293,
                25.081985985598727
              ],
              [
                121.17541373044874,
                25.081985985598727
              ],
              [
                121.17541373044874,
                25.082254780021493
              ],
              [
                121.17531464802728,
                25.082254780021493
              ],
              [
                121.17531464802728,
                25.08252357444426
              ],
              [
                121.17521556560582,
                25.08252357444426
              ],
              [
                121.17521556560582,
                25.082702770726105
              ],
              [
                121.17511648318437,
                25.082702770726105
              ],
              [
                121.17511648318437,
                25.08297156514887
              ],
              [
                121.17501740076293,
                25.08297156514887
              ],
              [
                121.17501740076293,
                25.083150761430716
              ],
              [
                121.17491831834147,
                25.083150761430716
              ],
              [
                121.17491831834147,
                25.08332995771256
              ],
              [
                121.17511648318437,
                25.08332995771256
              ],
              [
                121.17511648318437,
                25.08341955585348
              ],
              [
                121.17521556560582,
                25.08341955585348
              ],
              [
                121.17521556560582,
                25.083509153994406
              ],
              [
                121.17531464802728,
                25.083509153994406
              ],
              [
                121.17531464802728,
                25.083867546558093
              ],
              [
                121.17541373044874,
                25.083867546558093
              ],
              [
                121.17541373044874,
                25.08413634098086
              ],
              [
                121.1755128128702,
                25.08413634098086
              ],
              [
                121.1755128128702,
                25.084405135403628
              ],
              [
                121.17561189529165,
                25.084405135403628
              ],
              [
                121.17561189529165,
                25.08458433168547
              ],
              [
                121.17571097771311,
                25.08458433168547
              ],
              [
                121.17571097771311,
                25.08485312610824
              ],
              [
                121.17581006013457,
                25.08485312610824
              ],
              [
                121.17581006013457,
                25.085121920531005
              ],
              [
                121.17590914255602,
                25.085121920531005
              ],
              [
                121.17590914255602,
                25.08539071495377
              ],
              [
                121.17600822497747,
                25.08539071495377
              ],
              [
                121.17600822497747,
                25.085569911235616
              ],
              [
                121.17610730739892,
                25.085569911235616
              ],
              [
                121.17610730739892,
                25.085838705658382
              ],
              [
                121.17620638982038,
                25.085838705658382
              ],
              [
                121.17620638982038,
                25.086017901940227
              ],
              [
                121.17630547224184,
                25.086017901940227
              ],
              [
                121.17630547224184,
                25.086286696362993
              ],
              [
                121.17640455466329,
                25.086286696362993
              ],
              [
                121.17640455466329,
                25.08655549078576
              ],
              [
                121.17650363708475,
                25.08655549078576
              ],
              [
                121.17650363708475,
                25.086645088926684
              ],
              [
                121.1766027195062,
                25.086645088926684
              ],
              [
                121.1766027195062,
                25.086734687067604
              ],
              [
                121.17670180192766,
                25.086734687067604
              ],
              [
                121.17670180192766,
                25.08682428520853
              ],
              [
                121.17680088434912,
                25.08682428520853
              ],
              [
                121.17680088434912,
                25.08691388334945
              ],
              [
                121.17699904919202,
                25.08691388334945
              ],
              [
                121.17699904919202,
                25.08700348149037
              ],
              [
                121.17719721403493,
                25.08700348149037
              ],
              [
                121.17719721403493,
                25.087093079631295
              ],
              [
                121.17709813161348,
                25.087093079631295
              ],
              [
                121.17709813161348,
                25.087182677772216
              ],
              [
                121.17699904919202,
                25.087182677772216
              ],
              [
                121.17699904919202,
                25.08727227591314
              ],
              [
                121.17689996677056,
                25.08727227591314
              ],
              [
                121.17689996677056,
                25.08745147219498
              ],
              [
                121.17680088434912,
                25.08745147219498
              ],
              [
                121.17680088434912,
                25.087541070335906
              ],
              [
                121.17670180192766,
                25.087541070335906
              ],
              [
                121.17670180192766,
                25.087630668476827
              ],
              [
                121.1766027195062,
                25.087630668476827
              ],
              [
                121.1766027195062,
                25.087809864758672
              ],
              [
                121.17650363708475,
                25.087809864758672
              ],
              [
                121.17650363708475,
                25.087899462899593
              ],
              [
                121.17620638982038,
                25.087899462899593
              ],
              [
                121.17620638982038,
                25.087809864758672
              ],
              [
                121.17600822497747,
                25.087809864758672
              ],
              [
                121.17600822497747,
                25.08772026661775
              ],
              [
                121.17581006013457,
                25.08772026661775
              ],
              [
                121.17581006013457,
                25.087630668476827
              ],
              [
                121.17561189529165,
                25.087630668476827
              ],
              [
                121.17561189529165,
                25.087809864758672
              ],
              [
                121.1755128128702,
                25.087809864758672
              ],
              [
                121.1755128128702,
                25.088257855463283
              ],
              [
                121.17561189529165,
                25.088257855463283
              ],
              [
                121.17561189529165,
                25.08852664988605
              ],
              [
                121.17571097771311,
                25.08852664988605
              ],
              [
                121.17571097771311,
                25.08897464059066
              ],
              [
                121.17581006013457,
                25.08897464059066
              ],
              [
                121.17581006013457,
                25.089064238731584
              ],
              [
                121.17590914255602,
                25.089064238731584
              ],
              [
                121.17590914255602,
                25.089153836872505
              ],
              [
                121.17610730739892,
                25.089153836872505
              ],
              [
                121.17610730739892,
                25.08924343501343
              ],
              [
                121.17620638982038,
                25.08924343501343
              ],
              [
                121.17620638982038,
                25.08933303315435
              ],
              [
                121.17640455466329,
                25.08933303315435
              ],
              [
                121.17640455466329,
                25.08942263129527
              ],
              [
                121.1766027195062,
                25.08942263129527
              ],
              [
                121.1766027195062,
                25.089512229436195
              ],
              [
                121.17680088434912,
                25.089512229436195
              ],
              [
                121.17680088434912,
                25.089601827577116
              ],
              [
                121.17689996677056,
                25.089601827577116
              ],
              [
                121.17689996677056,
                25.08969142571804
              ],
              [
                121.17709813161348,
                25.08969142571804
              ],
              [
                121.17709813161348,
                25.08978102385896
              ],
              [
                121.17719721403493,
                25.08978102385896
              ],
              [
                121.17719721403493,
                25.089870621999882
              ],
              [
                121.17739537887785,
                25.089870621999882
              ],
              [
                121.17739537887785,
                25.089960220140807
              ],
              [
                121.17759354372076,
                25.089960220140807
              ],
              [
                121.17759354372076,
                25.090049818281727
              ],
              [
                121.17769262614222,
                25.090049818281727
              ],
              [
                121.17769262614222,
                25.09013941642265
              ],
              [
                121.17789079098512,
                25.09013941642265
              ],
              [
                121.17789079098512,
                25.090229014563572
              ],
              [
                121.17808895582803,
                25.090229014563572
              ],
              [
                121.17808895582803,
                25.090318612704493
              ],
              [
                121.17828712067094,
                25.090318612704493
              ],
              [
                121.17828712067094,
                25.090408210845418
              ],
              [
                121.1783862030924,
                25.090408210845418
              ],
              [
                121.1783862030924,
                25.09049780898634
              ],
              [
                121.17858436793531,
                25.09049780898634
              ],
              [
                121.17858436793531,
                25.090587407127263
              ],
              [
                121.17878253277821,
                25.090587407127263
              ],
              [
                121.17878253277821,
                25.090677005268184
              ],
              [
                121.17898069762113,
                25.090677005268184
              ],
              [
                121.17898069762113,
                25.090766603409104
              ],
              [
                121.17907978004258,
                25.090766603409104
              ],
              [
                121.17907978004258,
                25.09085620155003
              ],
              [
                121.1792779448855,
                25.09085620155003
              ],
              [
                121.1792779448855,
                25.09094579969095
              ],
              [
                121.17947610972841,
                25.09094579969095
              ],
              [
                121.17947610972841,
                25.091035397831874
              ],
              [
                121.17967427457131,
                25.091035397831874
              ],
              [
                121.17967427457131,
                25.091124995972795
              ],
              [
                121.17977335699277,
                25.091124995972795
              ],
              [
                121.17977335699277,
                25.091214594113715
              ],
              [
                121.17997152183568,
                25.091214594113715
              ],
              [
                121.17997152183568,
                25.09130419225464
              ],
              [
                121.1801696866786,
                25.09130419225464
              ],
              [
                121.1801696866786,
                25.09139379039556
              ],
              [
                121.18036785152151,
                25.09139379039556
              ],
              [
                121.18036785152151,
                25.091483388536485
              ],
              [
                121.18056601636441,
                25.091483388536485
              ],
              [
                121.18056601636441,
                25.091572986677406
              ],
              [
                121.18076418120732,
                25.091572986677406
              ],
              [
                121.18076418120732,
                25.091662584818327
              ],
              [
                121.18096234605024,
                25.091662584818327
              ],
              [
                121.18096234605024,
                25.09175218295925
              ],
              [
                121.18116051089315,
                25.09175218295925
              ],
              [
                121.18116051089315,
                25.09184178110017
              ],
              [
                121.18135867573606,
                25.09184178110017
              ],
              [
                121.18135867573606,
                25.091931379241096
              ],
              [
                121.18155684057896,
                25.091931379241096
              ],
              [
                121.18155684057896,
                25.092020977382017
              ],
              [
                121.18175500542188,
                25.092020977382017
              ],
              [
                121.18175500542188,
                25.092110575522938
              ],
              [
                121.18195317026479,
                25.092110575522938
              ],
              [
                121.18195317026479,
                25.092200173663862
              ],
              [
                121.1821513351077,
                25.092200173663862
              ],
              [
                121.1821513351077,
                25.092289771804783
              ],
              [
                121.1823494999506,
                25.092289771804783
              ],
              [
                121.1823494999506,
                25.092379369945707
              ],
              [
                121.18254766479352,
                25.092379369945707
              ],
              [
                121.18254766479352,
                25.092468968086628
              ],
              [
                121.18264674721497,
                25.092468968086628
              ],
              [
                121.18264674721497,
                25.092558566227552
              ],
              [
                121.18284491205789,
                25.092558566227552
              ],
              [
                121.18284491205789,
                25.092648164368473
              ],
              [
                121.1830430769008,
                25.092648164368473
              ],
              [
                121.1830430769008,
                25.092737762509394
              ],
              [
                121.1832412417437,
                25.092737762509394
              ],
              [
                121.1832412417437,
                25.09282736065032
              ],
              [
                121.18343940658661,
                25.09282736065032
              ],
              [
                121.18343940658661,
                25.09291695879124
              ],
              [
                121.18363757142953,
                25.09291695879124
              ],
              [
                121.18363757142953,
                25.093006556932163
              ],
              [
                121.18383573627244,
                25.093006556932163
              ],
              [
                121.18383573627244,
                25.093096155073084
              ],
              [
                121.1839348186939,
                25.093096155073084
              ],
              [
                121.1839348186939,
                25.093185753214005
              ],
              [
                121.1841329835368,
                25.093185753214005
              ],
              [
                121.1841329835368,
                25.09327535135493
              ],
              [
                121.18433114837971,
                25.09327535135493
              ],
              [
                121.18433114837971,
                25.09336494949585
              ],
              [
                121.18462839564408,
                25.09336494949585
              ],
              [
                121.18462839564408,
                25.093454547636775
              ],
              [
                121.18492564290845,
                25.093454547636775
              ],
              [
                121.18492564290845,
                25.093544145777695
              ],
              [
                121.18512380775135,
                25.093544145777695
              ],
              [
                121.18512380775135,
                25.093633743918616
              ],
              [
                121.18542105501572,
                25.093633743918616
              ],
              [
                121.18542105501572,
                25.09372334205954
              ],
              [
                121.18561921985864,
                25.09372334205954
              ],
              [
                121.18561921985864,
                25.09381294020046
              ],
              [
                121.18591646712301,
                25.09381294020046
              ],
              [
                121.18591646712301,
                25.093902538341386
              ],
              [
                121.18651096165173,
                25.093902538341386
              ],
              [
                121.18651096165173,
                25.09381294020046
              ],
              [
                121.18710545618046,
                25.09381294020046
              ],
              [
                121.18710545618046,
                25.09372334205954
              ],
              [
                121.18779903313064,
                25.09372334205954
              ],
              [
                121.18779903313064,
                25.093633743918616
              ],
              [
                121.18849261008084,
                25.093633743918616
              ],
              [
                121.18849261008084,
                25.09372334205954
              ],
              [
                121.18869077492374,
                25.09372334205954
              ],
              [
                121.18869077492374,
                25.09381294020046
              ],
              [
                121.18888893976666,
                25.09381294020046
              ],
              [
                121.18888893976666,
                25.093902538341386
              ],
              [
                121.18918618703103,
                25.093902538341386
              ],
              [
                121.18918618703103,
                25.093992136482306
              ],
              [
                121.18938435187394,
                25.093992136482306
              ],
              [
                121.18938435187394,
                25.093902538341386
              ],
              [
                121.1894834342954,
                25.093902538341386
              ],
              [
                121.1894834342954,
                25.093992136482306
              ],
              [
                121.18987976398121,
                25.093992136482306
              ],
              [
                121.18987976398121,
                25.094081734623227
              ],
              [
                121.18997884640267,
                25.094081734623227
              ],
              [
                121.18997884640267,
                25.09417133276415
              ],
              [
                121.19007792882412,
                25.09417133276415
              ],
              [
                121.19007792882412,
                25.094260930905072
              ],
              [
                121.19027609366704,
                25.094260930905072
              ],
              [
                121.19027609366704,
                25.094350529045997
              ],
              [
                121.1905733409314,
                25.094350529045997
              ],
              [
                121.1905733409314,
                25.094440127186918
              ],
              [
                121.19077150577431,
                25.094440127186918
              ],
              [
                121.19077150577431,
                25.094350529045997
              ],
              [
                121.19096967061722,
                25.094350529045997
              ],
              [
                121.19096967061722,
                25.094440127186918
              ],
              [
                121.19146508272449,
                25.094440127186918
              ],
              [
                121.19146508272449,
                25.09452972532784
              ],
              [
                121.1916632475674,
                25.09452972532784
              ],
              [
                121.1916632475674,
                25.094619323468763
              ],
              [
                121.19186141241032,
                25.094619323468763
              ],
              [
                121.19186141241032,
                25.094708921609683
              ],
              [
                121.19196049483178,
                25.094708921609683
              ],
              [
                121.19196049483178,
                25.094798519750608
              ],
              [
                121.19215865967469,
                25.094798519750608
              ],
              [
                121.19215865967469,
                25.09488811789153
              ],
              [
                121.19235682451759,
                25.09488811789153
              ],
              [
                121.19235682451759,
                25.09497771603245
              ],
              [
                121.19245590693905,
                25.09497771603245
              ],
              [
                121.19245590693905,
                25.095067314173374
              ],
              [
                121.19265407178196,
                25.095067314173374
              ],
              [
                121.19265407178196,
                25.095156912314295
              ],
              [
                121.19285223662487,
                25.095156912314295
              ],
              [
                121.19285223662487,
                25.09524651045522
              ],
              [
                121.19305040146779,
                25.09524651045522
              ],
              [
                121.19305040146779,
                25.09542570673706
              ],
              [
                121.19314948388923,
                25.09542570673706
              ],
              [
                121.19314948388923,
                25.09533610859614
              ],
              [
                121.19334764873214,
                25.09533610859614
              ],
              [
                121.19334764873214,
                25.09542570673706
              ],
              [
                121.19354581357506,
                25.09542570673706
              ],
              [
                121.19354581357506,
                25.095515304877985
              ],
              [
                121.19394214326088,
                25.095515304877985
              ],
              [
                121.19394214326088,
                25.095604903018906
              ],
              [
                121.1952302147398,
                25.095604903018906
              ],
              [
                121.1952302147398,
                25.095515304877985
              ],
              [
                121.19542837958271,
                25.095515304877985
              ],
              [
                121.19542837958271,
                25.09542570673706
              ],
              [
                121.19552746200416,
                25.09542570673706
              ],
              [
                121.19552746200416,
                25.09533610859614
              ],
              [
                121.19562654442562,
                25.09533610859614
              ],
              [
                121.19562654442562,
                25.09524651045522
              ],
              [
                121.19572562684708,
                25.09524651045522
              ],
              [
                121.19572562684708,
                25.095156912314295
              ],
              [
                121.19582470926854,
                25.095156912314295
              ],
              [
                121.19582470926854,
                25.09488811789153
              ],
              [
                121.19592379168998,
                25.09488811789153
              ],
              [
                121.19592379168998,
                25.094350529045997
              ],
              [
                121.19602287411143,
                25.094350529045997
              ],
              [
                121.19602287411143,
                25.09372334205954
              ],
              [
                121.19612195653289,
                25.09372334205954
              ],
              [
                121.19612195653289,
                25.093633743918616
              ],
              [
                121.19641920379726,
                25.093633743918616
              ],
              [
                121.19641920379726,
                25.09372334205954
              ],
              [
                121.19661736864018,
                25.09372334205954
              ],
              [
                121.19661736864018,
                25.094081734623227
              ],
              [
                121.19651828621872,
                25.094081734623227
              ],
              [
                121.19651828621872,
                25.094798519750608
              ],
              [
                121.19641920379726,
                25.094798519750608
              ],
              [
                121.19641920379726,
                25.095156912314295
              ],
              [
                121.1963201213758,
                25.095156912314295
              ],
              [
                121.1963201213758,
                25.09533610859614
              ],
              [
                121.19622103895435,
                25.09533610859614
              ],
              [
                121.19622103895435,
                25.095515304877985
              ],
              [
                121.19612195653289,
                25.095515304877985
              ],
              [
                121.19612195653289,
                25.09569450115983
              ],
              [
                121.19602287411143,
                25.09569450115983
              ],
              [
                121.19602287411143,
                25.09578409930075
              ],
              [
                121.19582470926854,
                25.09578409930075
              ],
              [
                121.19582470926854,
                25.09587369744167
              ],
              [
                121.19562654442562,
                25.09587369744167
              ],
              [
                121.19562654442562,
                25.095963295582596
              ],
              [
                121.19542837958271,
                25.095963295582596
              ],
              [
                121.19542837958271,
                25.096052893723517
              ],
              [
                121.19513113231834,
                25.096052893723517
              ],
              [
                121.19513113231834,
                25.09614249186444
              ],
              [
                121.1943384729467,
                25.09614249186444
              ],
              [
                121.1943384729467,
                25.096232090005362
              ],
              [
                121.19364489599651,
                25.096232090005362
              ],
              [
                121.19364489599651,
                25.09614249186444
              ],
              [
                121.1934467311536,
                25.09614249186444
              ],
              [
                121.1934467311536,
                25.096052893723517
              ],
              [
                121.19314948388923,
                25.096052893723517
              ],
              [
                121.19314948388923,
                25.095963295582596
              ],
              [
                121.19285223662487,
                25.095963295582596
              ],
              [
                121.19285223662487,
                25.09587369744167
              ],
              [
                121.19265407178196,
                25.09587369744167
              ],
              [
                121.19265407178196,
                25.09578409930075
              ],
              [
                121.19245590693905,
                25.09578409930075
              ],
              [
                121.19245590693905,
                25.09569450115983
              ],
              [
                121.19215865967469,
                25.09569450115983
              ],
              [
                121.19215865967469,
                25.095604903018906
              ],
              [
                121.19196049483178,
                25.095604903018906
              ],
              [
                121.19196049483178,
                25.095515304877985
              ],
              [
                121.1916632475674,
                25.095515304877985
              ],
              [
                121.1916632475674,
                25.09542570673706
              ],
              [
                121.19146508272449,
                25.09542570673706
              ],
              [
                121.19146508272449,
                25.09533610859614
              ],
              [
                121.19126691788159,
                25.09533610859614
              ],
              [
                121.19126691788159,
                25.09524651045522
              ],
              [
                121.19096967061722,
                25.09524651045522
              ],
              [
                121.19096967061722,
                25.095156912314295
              ],
              [
                121.19077150577431,
                25.095156912314295
              ],
              [
                121.19077150577431,
                25.095067314173374
              ],
              [
                121.19027609366704,
                25.095067314173374
              ],
              [
                121.19027609366704,
                25.095156912314295
              ],
              [
                121.19007792882412,
                25.095156912314295
              ],
              [
                121.19007792882412,
                25.095067314173374
              ],
              [
                121.18997884640267,
                25.095067314173374
              ],
              [
                121.18997884640267,
                25.095515304877985
              ],
              [
                121.18987976398121,
                25.095515304877985
              ],
              [
                121.18987976398121,
                25.09533610859614
              ],
              [
                121.18978068155975,
                25.09533610859614
              ],
              [
                121.18978068155975,
                25.095156912314295
              ],
              [
                121.1896815991383,
                25.095156912314295
              ],
              [
                121.1896815991383,
                25.095067314173374
              ],
              [
                121.18958251671684,
                25.095067314173374
              ],
              [
                121.18958251671684,
                25.09533610859614
              ],
              [
                121.1894834342954,
                25.09533610859614
              ],
              [
                121.1894834342954,
                25.09542570673706
              ],
              [
                121.18958251671684,
                25.09542570673706
              ],
              [
                121.18958251671684,
                25.09569450115983
              ],
              [
                121.1894834342954,
                25.09569450115983
              ],
              [
                121.1894834342954,
                25.09578409930075
              ],
              [
                121.18938435187394,
                25.09578409930075
              ],
              [
                121.18938435187394,
                25.096052893723517
              ],
              [
                121.18928526945248,
                25.096052893723517
              ],
              [
                121.18928526945248,
                25.096232090005362
              ],
              [
                121.18938435187394,
                25.096232090005362
              ],
              [
                121.18938435187394,
                25.096321688146283
              ],
              [
                121.1894834342954,
                25.096321688146283
              ],
              [
                121.1894834342954,
                25.09614249186444
              ],
              [
                121.18958251671684,
                25.09614249186444
              ],
              [
                121.18958251671684,
                25.096052893723517
              ],
              [
                121.1896815991383,
                25.096052893723517
              ],
              [
                121.1896815991383,
                25.095963295582596
              ],
              [
                121.18978068155975,
                25.095963295582596
              ],
              [
                121.18978068155975,
                25.09587369744167
              ],
              [
                121.18987976398121,
                25.09587369744167
              ],
              [
                121.18987976398121,
                25.09569450115983
              ],
              [
                121.18997884640267,
                25.09569450115983
              ],
              [
                121.18997884640267,
                25.095604903018906
              ],
              [
                121.19007792882412,
                25.095604903018906
              ],
              [
                121.19007792882412,
                25.09569450115983
              ],
              [
                121.19017701124558,
                25.09569450115983
              ],
              [
                121.19017701124558,
                25.09578409930075
              ],
              [
                121.19027609366704,
                25.09578409930075
              ],
              [
                121.19027609366704,
                25.09587369744167
              ],
              [
                121.1903751760885,
                25.09587369744167
              ],
              [
                121.1903751760885,
                25.095963295582596
              ],
              [
                121.19047425850994,
                25.095963295582596
              ],
              [
                121.19047425850994,
                25.096052893723517
              ],
              [
                121.1905733409314,
                25.096052893723517
              ],
              [
                121.1905733409314,
                25.09614249186444
              ],
              [
                121.19077150577431,
                25.09614249186444
              ],
              [
                121.19077150577431,
                25.096232090005362
              ],
              [
                121.19087058819576,
                25.096232090005362
              ],
              [
                121.19087058819576,
                25.096321688146283
              ],
              [
                121.19096967061722,
                25.096321688146283
              ],
              [
                121.19096967061722,
                25.096411286287207
              ],
              [
                121.19116783546013,
                25.096411286287207
              ],
              [
                121.19116783546013,
                25.096500884428128
              ],
              [
                121.19126691788159,
                25.096500884428128
              ],
              [
                121.19126691788159,
                25.096590482569052
              ],
              [
                121.19136600030303,
                25.096590482569052
              ],
              [
                121.19136600030303,
                25.096680080709973
              ],
              [
                121.19156416514595,
                25.096680080709973
              ],
              [
                121.19156416514595,
                25.096769678850897
              ],
              [
                121.1916632475674,
                25.096769678850897
              ],
              [
                121.1916632475674,
                25.096859276991818
              ],
              [
                121.19176232998886,
                25.096859276991818
              ],
              [
                121.19176232998886,
                25.09694887513274
              ],
              [
                121.19196049483178,
                25.09694887513274
              ],
              [
                121.19196049483178,
                25.097038473273663
              ],
              [
                121.19205957725323,
                25.097038473273663
              ],
              [
                121.19205957725323,
                25.097128071414584
              ],
              [
                121.19215865967469,
                25.097128071414584
              ],
              [
                121.19215865967469,
                25.09721766955551
              ],
              [
                121.19235682451759,
                25.09721766955551
              ],
              [
                121.19235682451759,
                25.09730726769643
              ],
              [
                121.19245590693905,
                25.09730726769643
              ],
              [
                121.19245590693905,
                25.09739686583735
              ],
              [
                121.1925549893605,
                25.09739686583735
              ],
              [
                121.1925549893605,
                25.097486463978274
              ],
              [
                121.19275315420342,
                25.097486463978274
              ],
              [
                121.19275315420342,
                25.097576062119195
              ],
              [
                121.19285223662487,
                25.097576062119195
              ],
              [
                121.19285223662487,
                25.09766566026012
              ],
              [
                121.19295131904633,
                25.09766566026012
              ],
              [
                121.19295131904633,
                25.09775525840104
              ],
              [
                121.19314948388923,
                25.09775525840104
              ],
              [
                121.19314948388923,
                25.09784485654196
              ],
              [
                121.19324856631069,
                25.09784485654196
              ],
              [
                121.19324856631069,
                25.097934454682886
              ],
              [
                121.19334764873214,
                25.097934454682886
              ],
              [
                121.19334764873214,
                25.098024052823806
              ],
              [
                121.19354581357506,
                25.098024052823806
              ],
              [
                121.19354581357506,
                25.09811365096473
              ],
              [
                121.19364489599651,
                25.09811365096473
              ],
              [
                121.19364489599651,
                25.09820324910565
              ],
              [
                121.19374397841797,
                25.09820324910565
              ],
              [
                121.19374397841797,
                25.098292847246572
              ],
              [
                121.19394214326088,
                25.098292847246572
              ],
              [
                121.19394214326088,
                25.098382445387497
              ],
              [
                121.19404122568233,
                25.098382445387497
              ],
              [
                121.19404122568233,
                25.098472043528417
              ],
              [
                121.19414030810378,
                25.098472043528417
              ],
              [
                121.19414030810378,
                25.098561641669342
              ],
              [
                121.1943384729467,
                25.098561641669342
              ],
              [
                121.1943384729467,
                25.098651239810263
              ],
              [
                121.19443755536815,
                25.098651239810263
              ],
              [
                121.19443755536815,
                25.098740837951183
              ],
              [
                121.19453663778961,
                25.098740837951183
              ],
              [
                121.19453663778961,
                25.098830436092108
              ],
              [
                121.19443755536815,
                25.098830436092108
              ],
              [
                121.19443755536815,
                25.09892003423303
              ],
              [
                121.19453663778961,
                25.09892003423303
              ],
              [
                121.19453663778961,
                25.099099230514874
              ],
              [
                121.19463572021107,
                25.099099230514874
              ],
              [
                121.19463572021107,
                25.099009632373953
              ],
              [
                121.19473480263252,
                25.099009632373953
              ],
              [
                121.19473480263252,
                25.09892003423303
              ],
              [
                121.19483388505398,
                25.09892003423303
              ],
              [
                121.19483388505398,
                25.099009632373953
              ],
              [
                121.19493296747544,
                25.099009632373953
              ],
              [
                121.19493296747544,
                25.099099230514874
              ],
              [
                121.19503204989688,
                25.099099230514874
              ],
              [
                121.19503204989688,
                25.099188828655794
              ],
              [
                121.1952302147398,
                25.099188828655794
              ],
              [
                121.1952302147398,
                25.09927842679672
              ],
              [
                121.19532929716125,
                25.09927842679672
              ],
              [
                121.19532929716125,
                25.09936802493764
              ],
              [
                121.19542837958271,
                25.09936802493764
              ],
              [
                121.19542837958271,
                25.099457623078564
              ],
              [
                121.19552746200416,
                25.099457623078564
              ],
              [
                121.19552746200416,
                25.099547221219485
              ],
              [
                121.19562654442562,
                25.099547221219485
              ],
              [
                121.19562654442562,
                25.099636819360406
              ],
              [
                121.19572562684708,
                25.099636819360406
              ],
              [
                121.19572562684708,
                25.09972641750133
              ],
              [
                121.19592379168998,
                25.09972641750133
              ],
              [
                121.19592379168998,
                25.09981601564225
              ],
              [
                121.19602287411143,
                25.09981601564225
              ],
              [
                121.19602287411143,
                25.099905613783175
              ],
              [
                121.19612195653289,
                25.099905613783175
              ],
              [
                121.19612195653289,
                25.099995211924096
              ],
              [
                121.19622103895435,
                25.099995211924096
              ],
              [
                121.19622103895435,
                25.10017440820594
              ],
              [
                121.1963201213758,
                25.10017440820594
              ],
              [
                121.1963201213758,
                25.100622398910552
              ],
              [
                121.19641920379726,
                25.100622398910552
              ],
              [
                121.19641920379726,
                25.100801595192397
              ],
              [
                121.19651828621872,
                25.100801595192397
              ],
              [
                121.19651828621872,
                25.100891193333318
              ],
              [
                121.19661736864018,
                25.100891193333318
              ],
              [
                121.19661736864018,
                25.101070389615163
              ],
              [
                121.19671645106163,
                25.101070389615163
              ],
              [
                121.19671645106163,
                25.10124958589701
              ],
              [
                121.19661736864018,
                25.10124958589701
              ],
              [
                121.19661736864018,
                25.10133918403793
              ],
              [
                121.19641920379726,
                25.10133918403793
              ],
              [
                121.19641920379726,
                25.101428782178854
              ],
              [
                121.19622103895435,
                25.101428782178854
              ],
              [
                121.19622103895435,
                25.101518380319774
              ],
              [
                121.1963201213758,
                25.101518380319774
              ],
              [
                121.1963201213758,
                25.101607978460695
              ],
              [
                121.19661736864018,
                25.101607978460695
              ],
              [
                121.19661736864018,
                25.101518380319774
              ],
              [
                121.19671645106163,
                25.101518380319774
              ],
              [
                121.19671645106163,
                25.101607978460695
              ],
              [
                121.1972118631689,
                25.101607978460695
              ],
              [
                121.1972118631689,
                25.10169757660162
              ],
              [
                121.19741002801182,
                25.10169757660162
              ],
              [
                121.19741002801182,
                25.10178717474254
              ],
              [
                121.19750911043327,
                25.10178717474254
              ],
              [
                121.19750911043327,
                25.101876772883465
              ],
              [
                121.19770727527617,
                25.101876772883465
              ],
              [
                121.19770727527617,
                25.101966371024385
              ],
              [
                121.19780635769763,
                25.101966371024385
              ],
              [
                121.19780635769763,
                25.102055969165306
              ],
              [
                121.19800452254054,
                25.102055969165306
              ],
              [
                121.19800452254054,
                25.10214556730623
              ],
              [
                121.19820268738346,
                25.10214556730623
              ],
              [
                121.19820268738346,
                25.10223516544715
              ],
              [
                121.19830176980491,
                25.10223516544715
              ],
              [
                121.19830176980491,
                25.102414361728997
              ],
              [
                121.19849993464783,
                25.102414361728997
              ],
              [
                121.19849993464783,
                25.102503959869917
              ],
              [
                121.19859901706927,
                25.102503959869917
              ],
              [
                121.19859901706927,
                25.102414361728997
              ],
              [
                121.19879718191218,
                25.102414361728997
              ],
              [
                121.19879718191218,
                25.102503959869917
              ],
              [
                121.19909442917655,
                25.102503959869917
              ],
              [
                121.19909442917655,
                25.10259355801084
              ],
              [
                121.19929259401947,
                25.10259355801084
              ],
              [
                121.19929259401947,
                25.102683156151762
              ],
              [
                121.19958984128382,
                25.102683156151762
              ],
              [
                121.19958984128382,
                25.102772754292687
              ],
              [
                121.19968892370528,
                25.102772754292687
              ],
              [
                121.19968892370528,
                25.10295195057453
              ],
              [
                121.19998617096965,
                25.10295195057453
              ],
              [
                121.19998617096965,
                25.102862352433608
              ],
              [
                121.20008525339111,
                25.102862352433608
              ],
              [
                121.20008525339111,
                25.10295195057453
              ],
              [
                121.20038250065546,
                25.10295195057453
              ],
              [
                121.20038250065546,
                25.103041548715453
              ],
              [
                121.20028341823402,
                25.103041548715453
              ],
              [
                121.20028341823402,
                25.103131146856374
              ],
              [
                121.20038250065546,
                25.103131146856374
              ],
              [
                121.20038250065546,
                25.103220744997298
              ],
              [
                121.20058066549838,
                25.103220744997298
              ],
              [
                121.20058066549838,
                25.103131146856374
              ],
              [
                121.20087791276275,
                25.103131146856374
              ],
              [
                121.20087791276275,
                25.103220744997298
              ],
              [
                121.20107607760566,
                25.103220744997298
              ],
              [
                121.20107607760566,
                25.10331034313822
              ],
              [
                121.20127424244856,
                25.10331034313822
              ],
              [
                121.20127424244856,
                25.10339994127914
              ],
              [
                121.20147240729148,
                25.10339994127914
              ],
              [
                121.20147240729148,
                25.103489539420064
              ],
              [
                121.20176965455585,
                25.103489539420064
              ],
              [
                121.20176965455585,
                25.103579137560985
              ],
              [
                121.20127424244856,
                25.103579137560985
              ],
              [
                121.20127424244856,
                25.10375833384283
              ],
              [
                121.20176965455585,
                25.10375833384283
              ],
              [
                121.20176965455585,
                25.10366873570191
              ],
              [
                121.2018687369773,
                25.10366873570191
              ],
              [
                121.2018687369773,
                25.103579137560985
              ],
              [
                121.20196781939876,
                25.103579137560985
              ],
              [
                121.20196781939876,
                25.10366873570191
              ],
              [
                121.20226506666312,
                25.10366873570191
              ],
              [
                121.20226506666312,
                25.10375833384283
              ],
              [
                121.20256231392749,
                25.10375833384283
              ],
              [
                121.20256231392749,
                25.10384793198375
              ],
              [
                121.2027604787704,
                25.10384793198375
              ],
              [
                121.2027604787704,
                25.103937530124675
              ],
              [
                121.20295864361331,
                25.103937530124675
              ],
              [
                121.20295864361331,
                25.104027128265596
              ],
              [
                121.20315680845621,
                25.104027128265596
              ],
              [
                121.20315680845621,
                25.10411672640652
              ],
              [
                121.20335497329913,
                25.10411672640652
              ],
              [
                121.20335497329913,
                25.10420632454744
              ],
              [
                121.2036522205635,
                25.10420632454744
              ],
              [
                121.2036522205635,
                25.104295922688365
              ],
              [
                121.20385038540641,
                25.104295922688365
              ],
              [
                121.20385038540641,
                25.104385520829286
              ],
              [
                121.20404855024931,
                25.104385520829286
              ],
              [
                121.20404855024931,
                25.104475118970207
              ],
              [
                121.20424671509222,
                25.104475118970207
              ],
              [
                121.20424671509222,
                25.10456471711113
              ],
              [
                121.20434579751368,
                25.10456471711113
              ],
              [
                121.20434579751368,
                25.104654315252052
              ],
              [
                121.20464304477805,
                25.104654315252052
              ],
              [
                121.20464304477805,
                25.104743913392976
              ],
              [
                121.2045439623566,
                25.104743913392976
              ],
              [
                121.2045439623566,
                25.104923109674818
              ],
              [
                121.20474212719951,
                25.104923109674818
              ],
              [
                121.20474212719951,
                25.104833511533897
              ],
              [
                121.20494029204241,
                25.104833511533897
              ],
              [
                121.20494029204241,
                25.104923109674818
              ],
              [
                121.20503937446387,
                25.104923109674818
              ],
              [
                121.20503937446387,
                25.105102305956663
              ],
              [
                121.20513845688532,
                25.105102305956663
              ],
              [
                121.20513845688532,
                25.105191904097587
              ],
              [
                121.20523753930678,
                25.105191904097587
              ],
              [
                121.20523753930678,
                25.105102305956663
              ],
              [
                121.20553478657115,
                25.105102305956663
              ],
              [
                121.20553478657115,
                25.105191904097587
              ],
              [
                121.2056338689926,
                25.105191904097587
              ],
              [
                121.2056338689926,
                25.10528150223851
              ],
              [
                121.20573295141406,
                25.10528150223851
              ],
              [
                121.20573295141406,
                25.10537110037943
              ],
              [
                121.2058320338355,
                25.10537110037943
              ],
              [
                121.2058320338355,
                25.105460698520353
              ],
              [
                121.20593111625696,
                25.105460698520353
              ],
              [
                121.20593111625696,
                25.105550296661274
              ],
              [
                121.20603019867842,
                25.105550296661274
              ],
              [
                121.20603019867842,
                25.1056398948022
              ],
              [
                121.20622836352133,
                25.1056398948022
              ],
              [
                121.20622836352133,
                25.10572949294312
              ],
              [
                121.20642652836425,
                25.10572949294312
              ],
              [
                121.20642652836425,
                25.10581909108404
              ],
              [
                121.20662469320716,
                25.10581909108404
              ],
              [
                121.20662469320716,
                25.105908689224965
              ],
              [
                121.20692194047152,
                25.105908689224965
              ],
              [
                121.20692194047152,
                25.105998287365885
              ],
              [
                121.20712010531443,
                25.105998287365885
              ],
              [
                121.20712010531443,
                25.1056398948022
              ],
              [
                121.20721918773589,
                25.1056398948022
              ],
              [
                121.20721918773589,
                25.10537110037943
              ],
              [
                121.20712010531443,
                25.10537110037943
              ],
              [
                121.20712010531443,
                25.104743913392976
              ],
              [
                121.20721918773589,
                25.104743913392976
              ],
              [
                121.20721918773589,
                25.104654315252052
              ],
              [
                121.20712010531443,
                25.104654315252052
              ],
              [
                121.20712010531443,
                25.104027128265596
              ],
              [
                121.20702102289297,
                25.104027128265596
              ],
              [
                121.20702102289297,
                25.10384793198375
              ],
              [
                121.20692194047152,
                25.10384793198375
              ],
              [
                121.20692194047152,
                25.10375833384283
              ],
              [
                121.20682285805006,
                25.10375833384283
              ],
              [
                121.20682285805006,
                25.10366873570191
              ],
              [
                121.2067237756286,
                25.10366873570191
              ],
              [
                121.2067237756286,
                25.103579137560985
              ],
              [
                121.20662469320716,
                25.103579137560985
              ],
              [
                121.20662469320716,
                25.10339994127914
              ],
              [
                121.2065256107857,
                25.10339994127914
              ],
              [
                121.2065256107857,
                25.10331034313822
              ],
              [
                121.20642652836425,
                25.10331034313822
              ],
              [
                121.20642652836425,
                25.103220744997298
              ],
              [
                121.20632744594279,
                25.103220744997298
              ],
              [
                121.20632744594279,
                25.103131146856374
              ],
              [
                121.20622836352133,
                25.103131146856374
              ],
              [
                121.20622836352133,
                25.10295195057453
              ],
              [
                121.20612928109988,
                25.10295195057453
              ],
              [
                121.20612928109988,
                25.102862352433608
              ],
              [
                121.20603019867842,
                25.102862352433608
              ],
              [
                121.20603019867842,
                25.102772754292687
              ],
              [
                121.20593111625696,
                25.102772754292687
              ],
              [
                121.20593111625696,
                25.102683156151762
              ],
              [
                121.2058320338355,
                25.102683156151762
              ],
              [
                121.2058320338355,
                25.102503959869917
              ],
              [
                121.20573295141406,
                25.102503959869917
              ],
              [
                121.20573295141406,
                25.102414361728997
              ],
              [
                121.2056338689926,
                25.102414361728997
              ],
              [
                121.2056338689926,
                25.102324763588076
              ],
              [
                121.20553478657115,
                25.102324763588076
              ],
              [
                121.20553478657115,
                25.10223516544715
              ],
              [
                121.20543570414969,
                25.10223516544715
              ],
              [
                121.20543570414969,
                25.10214556730623
              ],
              [
                121.20533662172824,
                25.10214556730623
              ],
              [
                121.20533662172824,
                25.101966371024385
              ],
              [
                121.20523753930678,
                25.101966371024385
              ],
              [
                121.20523753930678,
                25.101876772883465
              ],
              [
                121.20513845688532,
                25.101876772883465
              ],
              [
                121.20513845688532,
                25.10178717474254
              ],
              [
                121.20503937446387,
                25.10178717474254
              ],
              [
                121.20503937446387,
                25.10169757660162
              ],
              [
                121.20494029204241,
                25.10169757660162
              ],
              [
                121.20494029204241,
                25.101607978460695
              ],
              [
                121.20484120962097,
                25.101607978460695
              ],
              [
                121.20484120962097,
                25.101428782178854
              ],
              [
                121.20474212719951,
                25.101428782178854
              ],
              [
                121.20474212719951,
                25.10133918403793
              ],
              [
                121.20464304477805,
                25.10133918403793
              ],
              [
                121.20464304477805,
                25.10124958589701
              ],
              [
                121.2045439623566,
                25.10124958589701
              ],
              [
                121.2045439623566,
                25.101159987756084
              ],
              [
                121.20444487993514,
                25.101159987756084
              ],
              [
                121.20444487993514,
                25.101070389615163
              ],
              [
                121.20434579751368,
                25.101070389615163
              ],
              [
                121.20434579751368,
                25.100980791474242
              ],
              [
                121.20424671509222,
                25.100980791474242
              ],
              [
                121.20424671509222,
                25.100891193333318
              ],
              [
                121.20414763267077,
                25.100891193333318
              ],
              [
                121.20414763267077,
                25.100801595192397
              ],
              [
                121.20404855024931,
                25.100801595192397
              ],
              [
                121.20404855024931,
                25.100711997051473
              ],
              [
                121.20394946782787,
                25.100711997051473
              ],
              [
                121.20394946782787,
                25.100622398910552
              ],
              [
                121.20385038540641,
                25.100622398910552
              ],
              [
                121.20385038540641,
                25.10053280076963
              ],
              [
                121.20375130298495,
                25.10053280076963
              ],
              [
                121.20375130298495,
                25.100353604487786
              ],
              [
                121.2036522205635,
                25.100353604487786
              ],
              [
                121.2036522205635,
                25.100264006346862
              ],
              [
                121.20355313814204,
                25.100264006346862
              ],
              [
                121.20355313814204,
                25.10017440820594
              ],
              [
                121.20345405572058,
                25.10017440820594
              ],
              [
                121.20345405572058,
                25.100084810065017
              ],
              [
                121.20335497329913,
                25.100084810065017
              ],
              [
                121.20335497329913,
                25.099995211924096
              ],
              [
                121.20325589087767,
                25.099995211924096
              ],
              [
                121.20325589087767,
                25.099905613783175
              ],
              [
                121.20315680845621,
                25.099905613783175
              ],
              [
                121.20315680845621,
                25.09981601564225
              ],
              [
                121.20305772603477,
                25.09981601564225
              ],
              [
                121.20305772603477,
                25.09972641750133
              ],
              [
                121.20295864361331,
                25.09972641750133
              ],
              [
                121.20295864361331,
                25.099636819360406
              ],
              [
                121.20285956119186,
                25.099636819360406
              ],
              [
                121.20285956119186,
                25.099547221219485
              ],
              [
                121.2027604787704,
                25.099547221219485
              ],
              [
                121.2027604787704,
                25.09936802493764
              ],
              [
                121.20266139634894,
                25.09936802493764
              ],
              [
                121.20266139634894,
                25.099099230514874
              ],
              [
                121.2027604787704,
                25.099099230514874
              ],
              [
                121.2027604787704,
                25.099009632373953
              ],
              [
                121.20285956119186,
                25.099009632373953
              ],
              [
                121.20285956119186,
                25.098830436092108
              ],
              [
                121.20295864361331,
                25.098830436092108
              ],
              [
                121.20295864361331,
                25.098651239810263
              ],
              [
                121.20305772603477,
                25.098651239810263
              ],
              [
                121.20305772603477,
                25.098561641669342
              ],
              [
                121.20315680845621,
                25.098561641669342
              ],
              [
                121.20315680845621,
                25.098382445387497
              ],
              [
                121.20335497329913,
                25.098382445387497
              ],
              [
                121.20335497329913,
                25.098472043528417
              ],
              [
                121.20355313814204,
                25.098472043528417
              ],
              [
                121.20355313814204,
                25.098651239810263
              ],
              [
                121.20345405572058,
                25.098651239810263
              ],
              [
                121.20345405572058,
                25.098740837951183
              ],
              [
                121.20335497329913,
                25.098740837951183
              ],
              [
                121.20335497329913,
                25.09892003423303
              ],
              [
                121.20325589087767,
                25.09892003423303
              ],
              [
                121.20325589087767,
                25.099009632373953
              ],
              [
                121.20315680845621,
                25.099009632373953
              ],
              [
                121.20315680845621,
                25.09936802493764
              ],
              [
                121.20325589087767,
                25.09936802493764
              ],
              [
                121.20325589087767,
                25.099457623078564
              ],
              [
                121.20335497329913,
                25.099457623078564
              ],
              [
                121.20335497329913,
                25.099547221219485
              ],
              [
                121.20345405572058,
                25.099547221219485
              ],
              [
                121.20345405572058,
                25.099636819360406
              ],
              [
                121.20355313814204,
                25.099636819360406
              ],
              [
                121.20355313814204,
                25.09972641750133
              ],
              [
                121.2036522205635,
                25.09972641750133
              ],
              [
                121.2036522205635,
                25.09981601564225
              ],
              [
                121.20375130298495,
                25.09981601564225
              ],
              [
                121.20375130298495,
                25.099995211924096
              ],
              [
                121.20385038540641,
                25.099995211924096
              ],
              [
                121.20385038540641,
                25.100084810065017
              ],
              [
                121.20394946782787,
                25.100084810065017
              ],
              [
                121.20394946782787,
                25.10017440820594
              ],
              [
                121.20404855024931,
                25.10017440820594
              ],
              [
                121.20404855024931,
                25.100264006346862
              ],
              [
                121.20414763267077,
                25.100264006346862
              ],
              [
                121.20414763267077,
                25.100353604487786
              ],
              [
                121.20424671509222,
                25.100353604487786
              ],
              [
                121.20424671509222,
                25.100443202628707
              ],
              [
                121.20434579751368,
                25.100443202628707
              ],
              [
                121.20434579751368,
                25.10053280076963
              ],
              [
                121.20444487993514,
                25.10053280076963
              ],
              [
                121.20444487993514,
                25.100622398910552
              ],
              [
                121.2045439623566,
                25.100622398910552
              ],
              [
                121.2045439623566,
                25.100801595192397
              ],
              [
                121.20464304477805,
                25.100801595192397
              ],
              [
                121.20464304477805,
                25.100891193333318
              ],
              [
                121.20474212719951,
                25.100891193333318
              ],
              [
                121.20474212719951,
                25.100980791474242
              ],
              [
                121.20484120962097,
                25.100980791474242
              ],
              [
                121.20484120962097,
                25.101070389615163
              ],
              [
                121.20494029204241,
                25.101070389615163
              ],
              [
                121.20494029204241,
                25.101159987756084
              ],
              [
                121.20503937446387,
                25.101159987756084
              ],
              [
                121.20503937446387,
                25.10124958589701
              ],
              [
                121.20513845688532,
                25.10124958589701
              ],
              [
                121.20513845688532,
                25.101428782178854
              ],
              [
                121.20533662172824,
                25.101428782178854
              ],
              [
                121.20533662172824,
                25.101518380319774
              ],
              [
                121.20543570414969,
                25.101518380319774
              ],
              [
                121.20543570414969,
                25.101607978460695
              ],
              [
                121.20553478657115,
                25.101607978460695
              ],
              [
                121.20553478657115,
                25.10178717474254
              ],
              [
                121.2056338689926,
                25.10178717474254
              ],
              [
                121.2056338689926,
                25.101876772883465
              ],
              [
                121.20573295141406,
                25.101876772883465
              ],
              [
                121.20573295141406,
                25.101966371024385
              ],
              [
                121.2058320338355,
                25.101966371024385
              ],
              [
                121.2058320338355,
                25.102055969165306
              ],
              [
                121.20593111625696,
                25.102055969165306
              ],
              [
                121.20593111625696,
                25.10214556730623
              ],
              [
                121.20603019867842,
                25.10214556730623
              ],
              [
                121.20603019867842,
                25.10223516544715
              ],
              [
                121.20612928109988,
                25.10223516544715
              ],
              [
                121.20612928109988,
                25.102324763588076
              ],
              [
                121.20622836352133,
                25.102324763588076
              ],
              [
                121.20622836352133,
                25.102503959869917
              ],
              [
                121.20642652836425,
                25.102503959869917
              ],
              [
                121.20642652836425,
                25.102683156151762
              ],
              [
                121.2065256107857,
                25.102683156151762
              ],
              [
                121.2065256107857,
                25.102772754292687
              ],
              [
                121.20662469320716,
                25.102772754292687
              ],
              [
                121.20662469320716,
                25.102862352433608
              ],
              [
                121.2067237756286,
                25.102862352433608
              ],
              [
                121.2067237756286,
                25.10295195057453
              ],
              [
                121.20682285805006,
                25.10295195057453
              ],
              [
                121.20682285805006,
                25.103041548715453
              ],
              [
                121.20692194047152,
                25.103041548715453
              ],
              [
                121.20692194047152,
                25.103131146856374
              ],
              [
                121.20712010531443,
                25.103131146856374
              ],
              [
                121.20712010531443,
                25.103220744997298
              ],
              [
                121.20751643500026,
                25.103220744997298
              ],
              [
                121.20751643500026,
                25.10331034313822
              ],
              [
                121.20771459984316,
                25.10331034313822
              ],
              [
                121.20771459984316,
                25.103220744997298
              ],
              [
                121.20801184710753,
                25.103220744997298
              ],
              [
                121.20801184710753,
                25.103131146856374
              ],
              [
                121.20821001195044,
                25.103131146856374
              ],
              [
                121.20821001195044,
                25.103041548715453
              ],
              [
                121.20870542405771,
                25.103041548715453
              ],
              [
                121.20870542405771,
                25.103131146856374
              ],
              [
                121.20890358890063,
                25.103131146856374
              ],
              [
                121.20890358890063,
                25.103220744997298
              ],
              [
                121.20840817679336,
                25.103220744997298
              ],
              [
                121.20840817679336,
                25.10331034313822
              ],
              [
                121.2083090943719,
                25.10331034313822
              ],
              [
                121.2083090943719,
                25.10339994127914
              ],
              [
                121.20821001195044,
                25.10339994127914
              ],
              [
                121.20821001195044,
                25.103489539420064
              ],
              [
                121.20811092952898,
                25.103489539420064
              ],
              [
                121.20811092952898,
                25.103579137560985
              ],
              [
                121.20801184710753,
                25.103579137560985
              ],
              [
                121.20801184710753,
                25.10384793198375
              ],
              [
                121.20791276468607,
                25.10384793198375
              ],
              [
                121.20791276468607,
                25.104654315252052
              ],
              [
                121.20781368226461,
                25.104654315252052
              ],
              [
                121.20781368226461,
                25.104743913392976
              ],
              [
                121.20771459984316,
                25.104743913392976
              ],
              [
                121.20771459984316,
                25.104654315252052
              ],
              [
                121.2076155174217,
                25.104654315252052
              ],
              [
                121.2076155174217,
                25.105102305956663
              ],
              [
                121.20751643500026,
                25.105102305956663
              ],
              [
                121.20751643500026,
                25.10528150223851
              ],
              [
                121.2074173525788,
                25.10528150223851
              ],
              [
                121.2074173525788,
                25.10537110037943
              ],
              [
                121.20731827015734,
                25.10537110037943
              ],
              [
                121.20731827015734,
                25.10617748364773
              ],
              [
                121.20751643500026,
                25.10617748364773
              ],
              [
                121.20751643500026,
                25.10626708178865
              ],
              [
                121.2076155174217,
                25.10626708178865
              ],
              [
                121.2076155174217,
                25.106356679929576
              ],
              [
                121.20771459984316,
                25.106356679929576
              ],
              [
                121.20771459984316,
                25.106446278070496
              ],
              [
                121.20781368226461,
                25.106446278070496
              ],
              [
                121.20781368226461,
                25.10653587621142
              ],
              [
                121.20801184710753,
                25.10653587621142
              ],
              [
                121.20801184710753,
                25.10662547435234
              ],
              [
                121.20811092952898,
                25.10662547435234
              ],
              [
                121.20811092952898,
                25.106715072493262
              ],
              [
                121.20821001195044,
                25.106715072493262
              ],
              [
                121.20821001195044,
                25.106804670634187
              ],
              [
                121.2083090943719,
                25.106804670634187
              ],
              [
                121.2083090943719,
                25.106894268775108
              ],
              [
                121.20910175374354,
                25.106894268775108
              ],
              [
                121.20910175374354,
                25.106983866916032
              ],
              [
                121.2100925779581,
                25.106983866916032
              ],
              [
                121.2100925779581,
                25.107073465056953
              ],
              [
                121.21038982522245,
                25.107073465056953
              ],
              [
                121.21038982522245,
                25.107163063197873
              ],
              [
                121.21058799006536,
                25.107163063197873
              ],
              [
                121.21058799006536,
                25.107252661338798
              ],
              [
                121.21068707248682,
                25.107252661338798
              ],
              [
                121.21068707248682,
                25.10734225947972
              ],
              [
                121.21078615490828,
                25.10734225947972
              ],
              [
                121.21078615490828,
                25.107431857620643
              ],
              [
                121.21088523732973,
                25.107431857620643
              ],
              [
                121.21088523732973,
                25.107611053902485
              ],
              [
                121.21098431975119,
                25.107611053902485
              ],
              [
                121.21098431975119,
                25.10770065204341
              ],
              [
                121.21108340217265,
                25.10770065204341
              ],
              [
                121.21108340217265,
                25.10823824088894
              ],
              [
                121.2111824845941,
                25.10823824088894
              ],
              [
                121.2111824845941,
                25.108327839029865
              ],
              [
                121.21157881427992,
                25.108327839029865
              ],
              [
                121.21157881427992,
                25.108417437170786
              ],
              [
                121.21167789670137,
                25.108417437170786
              ],
              [
                121.21167789670137,
                25.10850703531171
              ],
              [
                121.21177697912283,
                25.10850703531171
              ],
              [
                121.21177697912283,
                25.10859663345263
              ],
              [
                121.21197514396574,
                25.10859663345263
              ],
              [
                121.21197514396574,
                25.108686231593552
              ],
              [
                121.21237147365156,
                25.108686231593552
              ],
              [
                121.21237147365156,
                25.108775829734476
              ],
              [
                121.21266872091593,
                25.108775829734476
              ],
              [
                121.21266872091593,
                25.108865427875397
              ],
              [
                121.21286688575884,
                25.108865427875397
              ],
              [
                121.21286688575884,
                25.10895502601632
              ],
              [
                121.21306505060174,
                25.10895502601632
              ],
              [
                121.21306505060174,
                25.109044624157242
              ],
              [
                121.21326321544466,
                25.109044624157242
              ],
              [
                121.21326321544466,
                25.109134222298163
              ],
              [
                121.21346138028757,
                25.109134222298163
              ],
              [
                121.21346138028757,
                25.109223820439087
              ],
              [
                121.21356046270903,
                25.109223820439087
              ],
              [
                121.21356046270903,
                25.109313418580008
              ],
              [
                121.2138577099734,
                25.109313418580008
              ],
              [
                121.2138577099734,
                25.109403016720933
              ],
              [
                121.2140558748163,
                25.109403016720933
              ],
              [
                121.2140558748163,
                25.109492614861853
              ],
              [
                121.21425403965921,
                25.109492614861853
              ],
              [
                121.21425403965921,
                25.109582213002774
              ],
              [
                121.21455128692358,
                25.109582213002774
              ],
              [
                121.21455128692358,
                25.1096718111437
              ],
              [
                121.21534394629522,
                25.1096718111437
              ],
              [
                121.21534394629522,
                25.10976140928462
              ],
              [
                121.2160375232454,
                25.10976140928462
              ],
              [
                121.2160375232454,
                25.109851007425544
              ],
              [
                121.21673110019559,
                25.109851007425544
              ],
              [
                121.21673110019559,
                25.109940605566464
              ],
              [
                121.21732559472433,
                25.109940605566464
              ],
              [
                121.21732559472433,
                25.110030203707385
              ],
              [
                121.21792008925306,
                25.110030203707385
              ],
              [
                121.21792008925306,
                25.11011980184831
              ],
              [
                121.21861366620324,
                25.11011980184831
              ],
              [
                121.21861366620324,
                25.11020939998923
              ],
              [
                121.21920816073198,
                25.11020939998923
              ],
              [
                121.21920816073198,
                25.110298998130155
              ],
              [
                121.21980265526071,
                25.110298998130155
              ],
              [
                121.21980265526071,
                25.110388596271076
              ],
              [
                121.22029806736798,
                25.110388596271076
              ],
              [
                121.22029806736798,
                25.110478194411996
              ],
              [
                121.2206943970538,
                25.110478194411996
              ],
              [
                121.2206943970538,
                25.11056779255292
              ],
              [
                121.22118980916107,
                25.11056779255292
              ],
              [
                121.22118980916107,
                25.11065739069384
              ],
              [
                121.2215861388469,
                25.11065739069384
              ],
              [
                121.2215861388469,
                25.110746988834766
              ],
              [
                121.22198246853273,
                25.110746988834766
              ],
              [
                121.22198246853273,
                25.110836586975687
              ],
              [
                121.22218063337563,
                25.110836586975687
              ],
              [
                121.22218063337563,
                25.110926185116607
              ],
              [
                121.22267604548291,
                25.110926185116607
              ],
              [
                121.22267604548291,
                25.111015783257532
              ],
              [
                121.2233696224331,
                25.111015783257532
              ],
              [
                121.2233696224331,
                25.111105381398453
              ],
              [
                121.22416228180474,
                25.111105381398453
              ],
              [
                121.22416228180474,
                25.111194979539377
              ],
              [
                121.22515310601929,
                25.111194979539377
              ],
              [
                121.22515310601929,
                25.111284577680298
              ],
              [
                121.22584668296948,
                25.111284577680298
              ],
              [
                121.22584668296948,
                25.11137417582122
              ],
              [
                121.2262430126553,
                25.11137417582122
              ],
              [
                121.2262430126553,
                25.111463773962143
              ],
              [
                121.22663934234112,
                25.111463773962143
              ],
              [
                121.22663934234112,
                25.111553372103064
              ],
              [
                121.22723383686986,
                25.111553372103064
              ],
              [
                121.22723383686986,
                25.111642970243988
              ],
              [
                121.22763016655567,
                25.111642970243988
              ],
              [
                121.22763016655567,
                25.11173256838491
              ],
              [
                121.22792741382004,
                25.11173256838491
              ],
              [
                121.22792741382004,
                25.111822166525833
              ],
              [
                121.22822466108441,
                25.111822166525833
              ],
              [
                121.22822466108441,
                25.111911764666754
              ],
              [
                121.22872007319168,
                25.111911764666754
              ],
              [
                121.22872007319168,
                25.112001362807675
              ],
              [
                121.22931456772041,
                25.112001362807675
              ],
              [
                121.22931456772041,
                25.1120909609486
              ],
              [
                121.22980997982769,
                25.1120909609486
              ],
              [
                121.22980997982769,
                25.11218055908952
              ],
              [
                121.2302063095135,
                25.11218055908952
              ],
              [
                121.2302063095135,
                25.112270157230444
              ],
              [
                121.23050355677788,
                25.112270157230444
              ],
              [
                121.23050355677788,
                25.112359755371365
              ],
              [
                121.23070172162079,
                25.112359755371365
              ],
              [
                121.23070172162079,
                25.112449353512286
              ],
              [
                121.23099896888516,
                25.112449353512286
              ],
              [
                121.23099896888516,
                25.11253895165321
              ],
              [
                121.23119713372806,
                25.11253895165321
              ],
              [
                121.23119713372806,
                25.11262854979413
              ],
              [
                121.23129621614952,
                25.11262854979413
              ],
              [
                121.23129621614952,
                25.112718147935055
              ],
              [
                121.23149438099243,
                25.112718147935055
              ],
              [
                121.23149438099243,
                25.112807746075976
              ],
              [
                121.23159346341389,
                25.112807746075976
              ],
              [
                121.23159346341389,
                25.112897344216897
              ],
              [
                121.23169254583534,
                25.112897344216897
              ],
              [
                121.23169254583534,
                25.11298694235782
              ],
              [
                121.23189071067826,
                25.11298694235782
              ],
              [
                121.23189071067826,
                25.113076540498742
              ],
              [
                121.2319897930997,
                25.113076540498742
              ],
              [
                121.2319897930997,
                25.113255736780587
              ],
              [
                121.23208887552116,
                25.113255736780587
              ],
              [
                121.23208887552116,
                25.113345334921508
              ],
              [
                121.23218795794261,
                25.113345334921508
              ],
              [
                121.23218795794261,
                25.113524531203353
              ],
              [
                121.23228704036407,
                25.113524531203353
              ],
              [
                121.23228704036407,
                25.1137037274852
              ],
              [
                121.23238612278553,
                25.1137037274852
              ],
              [
                121.23238612278553,
                25.113882923767044
              ],
              [
                121.23248520520698,
                25.113882923767044
              ],
              [
                121.23248520520698,
                25.11415171818981
              ],
              [
                121.23258428762844,
                25.11415171818981
              ],
              [
                121.23258428762844,
                25.114330914471655
              ],
              [
                121.2326833700499,
                25.114330914471655
              ],
              [
                121.2326833700499,
                25.1145101107535
              ],
              [
                121.23278245247135,
                25.1145101107535
              ],
              [
                121.23278245247135,
                25.11459970889442
              ],
              [
                121.2328815348928,
                25.11459970889442
              ],
              [
                121.2328815348928,
                25.114778905176266
              ],
              [
                121.23307969973571,
                25.114778905176266
              ],
              [
                121.23307969973571,
                25.114868503317187
              ],
              [
                121.23337694700008,
                25.114868503317187
              ],
              [
                121.23337694700008,
                25.11495810145811
              ],
              [
                121.2337732766859,
                25.11495810145811
              ],
              [
                121.2337732766859,
                25.11504769959903
              ],
              [
                121.23634941964374,
                25.11504769959903
              ],
              [
                121.23634941964374,
                25.115137297739953
              ],
              [
                121.23704299659393,
                25.115137297739953
              ],
              [
                121.23704299659393,
                25.115226895880877
              ],
              [
                121.23773657354411,
                25.115226895880877
              ],
              [
                121.23773657354411,
                25.115316494021798
              ],
              [
                121.23813290322994,
                25.115316494021798
              ],
              [
                121.23813290322994,
                25.115406092162722
              ],
              [
                121.23852923291575,
                25.115406092162722
              ],
              [
                121.23852923291575,
                25.115495690303643
              ],
              [
                121.23882648018012,
                25.115495690303643
              ],
              [
                121.23882648018012,
                25.115585288444567
              ],
              [
                121.23902464502304,
                25.115585288444567
              ],
              [
                121.23902464502304,
                25.115674886585488
              ],
              [
                121.23932189228739,
                25.115674886585488
              ],
              [
                121.23932189228739,
                25.11576448472641
              ],
              [
                121.23942097470885,
                25.11576448472641
              ],
              [
                121.23942097470885,
                25.115854082867333
              ],
              [
                121.2395200571303,
                25.115854082867333
              ],
              [
                121.2395200571303,
                25.117108456840242
              ],
              [
                121.23942097470885,
                25.117108456840242
              ],
              [
                121.23942097470885,
                25.118452428954075
              ],
              [
                121.23932189228739,
                25.118452428954075
              ],
              [
                121.23932189228739,
                25.119706802926988
              ],
              [
                121.23922280986594,
                25.119706802926988
              ],
              [
                121.23922280986594,
                25.120781980618055
              ],
              [
                121.23932189228739,
                25.120781980618055
              ],
              [
                121.23932189228739,
                25.120065195490678
              ],
              [
                121.23942097470885,
                25.120065195490678
              ],
              [
                121.23942097470885,
                25.118810821517766
              ],
              [
                121.2395200571303,
                25.118810821517766
              ],
              [
                121.2395200571303,
                25.117646045685778
              ],
              [
                121.23961913955176,
                25.117646045685778
              ],
              [
                121.23961913955176,
                25.11657086799471
              ],
              [
                121.24070904618777,
                25.11657086799471
              ],
              [
                121.24070904618777,
                25.11666046613563
              ],
              [
                121.2413035407165,
                25.11666046613563
              ],
              [
                121.2413035407165,
                25.116750064276555
              ],
              [
                121.24140262313796,
                25.116750064276555
              ],
              [
                121.24140262313796,
                25.1169292605584
              ],
              [
                121.24160078798087,
                25.1169292605584
              ],
              [
                121.24160078798087,
                25.116839662417476
              ],
              [
                121.24150170555941,
                25.116839662417476
              ],
              [
                121.24150170555941,
                25.11666046613563
              ],
              [
                121.24140262313796,
                25.11666046613563
              ],
              [
                121.24140262313796,
                25.11648126985379
              ],
              [
                121.24011455165903,
                25.11648126985379
              ],
              [
                121.24011455165903,
                25.116391671712865
              ],
              [
                121.23981730439468,
                25.116391671712865
              ],
              [
                121.23981730439468,
                25.11621247543102
              ],
              [
                121.23991638681613,
                25.11621247543102
              ],
              [
                121.23991638681613,
                25.115226895880877
              ],
              [
                121.24140262313796,
                25.115226895880877
              ],
              [
                121.24140262313796,
                25.11576448472641
              ],
              [
                121.24160078798087,
                25.11576448472641
              ],
              [
                121.24160078798087,
                25.11603327914918
              ],
              [
                121.24169987040233,
                25.11603327914918
              ],
              [
                121.24169987040233,
                25.115854082867333
              ],
              [
                121.24179895282379,
                25.115854082867333
              ],
              [
                121.24179895282379,
                25.115943681008254
              ],
              [
                121.24189803524523,
                25.115943681008254
              ],
              [
                121.24189803524523,
                25.11603327914918
              ],
              [
                121.24209620008814,
                25.11603327914918
              ],
              [
                121.24209620008814,
                25.1161228772901
              ],
              [
                121.24249252977397,
                25.1161228772901
              ],
              [
                121.24249252977397,
                25.11603327914918
              ],
              [
                121.24269069461688,
                25.11603327914918
              ],
              [
                121.24269069461688,
                25.115943681008254
              ],
              [
                121.24278977703833,
                25.115943681008254
              ],
              [
                121.24278977703833,
                25.115854082867333
              ],
              [
                121.24298794188124,
                25.115854082867333
              ],
              [
                121.24298794188124,
                25.11576448472641
              ],
              [
                121.24318610672415,
                25.11576448472641
              ],
              [
                121.24318610672415,
                25.115854082867333
              ],
              [
                121.24328518914561,
                25.115854082867333
              ],
              [
                121.24328518914561,
                25.11603327914918
              ],
              [
                121.24338427156707,
                25.11603327914918
              ],
              [
                121.24338427156707,
                25.1161228772901
              ],
              [
                121.24348335398852,
                25.1161228772901
              ],
              [
                121.24348335398852,
                25.11648126985379
              ],
              [
                121.24328518914561,
                25.11648126985379
              ],
              [
                121.24328518914561,
                25.11657086799471
              ],
              [
                121.24318610672415,
                25.11657086799471
              ],
              [
                121.24318610672415,
                25.11666046613563
              ],
              [
                121.24298794188124,
                25.11666046613563
              ],
              [
                121.24298794188124,
                25.116750064276555
              ],
              [
                121.24288885945978,
                25.116750064276555
              ],
              [
                121.24288885945978,
                25.116839662417476
              ],
              [
                121.24278977703833,
                25.116839662417476
              ],
              [
                121.24278977703833,
                25.1169292605584
              ],
              [
                121.24259161219543,
                25.1169292605584
              ],
              [
                121.24259161219543,
                25.11701885869932
              ],
              [
                121.24249252977397,
                25.11701885869932
              ],
              [
                121.24249252977397,
                25.117108456840242
              ],
              [
                121.24269069461688,
                25.117108456840242
              ],
              [
                121.24269069461688,
                25.11701885869932
              ],
              [
                121.24278977703833,
                25.11701885869932
              ],
              [
                121.24278977703833,
                25.117108456840242
              ],
              [
                121.24288885945978,
                25.117108456840242
              ],
              [
                121.24288885945978,
                25.11701885869932
              ],
              [
                121.24298794188124,
                25.11701885869932
              ],
              [
                121.24298794188124,
                25.1169292605584
              ],
              [
                121.24318610672415,
                25.1169292605584
              ],
              [
                121.24318610672415,
                25.116839662417476
              ],
              [
                121.24338427156707,
                25.116839662417476
              ],
              [
                121.24338427156707,
                25.116750064276555
              ],
              [
                121.24348335398852,
                25.116750064276555
              ],
              [
                121.24348335398852,
                25.11666046613563
              ],
              [
                121.24368151883144,
                25.11666046613563
              ],
              [
                121.24368151883144,
                25.11657086799471
              ],
              [
                121.24387968367434,
                25.11657086799471
              ],
              [
                121.24387968367434,
                25.11666046613563
              ],
              [
                121.2439787660958,
                25.11666046613563
              ],
              [
                121.2439787660958,
                25.116839662417476
              ],
              [
                121.24407784851725,
                25.116839662417476
              ],
              [
                121.24407784851725,
                25.1169292605584
              ],
              [
                121.2441769309387,
                25.1169292605584
              ],
              [
                121.2441769309387,
                25.117108456840242
              ],
              [
                121.24427601336016,
                25.117108456840242
              ],
              [
                121.24427601336016,
                25.117198054981166
              ],
              [
                121.24437509578162,
                25.117198054981166
              ],
              [
                121.24437509578162,
                25.11737725126301
              ],
              [
                121.24447417820308,
                25.11737725126301
              ],
              [
                121.24447417820308,
                25.117466849403932
              ],
              [
                121.24457326062453,
                25.117466849403932
              ],
              [
                121.24457326062453,
                25.117646045685778
              ],
              [
                121.24477142546743,
                25.117646045685778
              ],
              [
                121.24477142546743,
                25.1177356438267
              ],
              [
                121.24487050788889,
                25.1177356438267
              ],
              [
                121.24487050788889,
                25.117646045685778
              ],
              [
                121.24496959031035,
                25.117646045685778
              ],
              [
                121.24496959031035,
                25.117556447544853
              ],
              [
                121.24516775515326,
                25.117556447544853
              ],
              [
                121.24516775515326,
                25.117466849403932
              ],
              [
                121.24526683757472,
                25.117466849403932
              ],
              [
                121.24526683757472,
                25.11737725126301
              ],
              [
                121.24546500241763,
                25.11737725126301
              ],
              [
                121.24546500241763,
                25.117287653122087
              ],
              [
                121.24556408483907,
                25.117287653122087
              ],
              [
                121.24556408483907,
                25.11737725126301
              ],
              [
                121.24566316726053,
                25.11737725126301
              ],
              [
                121.24566316726053,
                25.117466849403932
              ],
              [
                121.24586133210344,
                25.117466849403932
              ],
              [
                121.24586133210344,
                25.117556447544853
              ],
              [
                121.2459604145249,
                25.117556447544853
              ],
              [
                121.2459604145249,
                25.117646045685778
              ],
              [
                121.24615857936782,
                25.117646045685778
              ],
              [
                121.24615857936782,
                25.1177356438267
              ],
              [
                121.24625766178927,
                25.1177356438267
              ],
              [
                121.24625766178927,
                25.117825241967623
              ],
              [
                121.24645582663217,
                25.117825241967623
              ],
              [
                121.24645582663217,
                25.117914840108543
              ],
              [
                121.24655490905363,
                25.117914840108543
              ],
              [
                121.24655490905363,
                25.118004438249464
              ],
              [
                121.24645582663217,
                25.118004438249464
              ],
              [
                121.24645582663217,
                25.118273232672234
              ],
              [
                121.24605949694636,
                25.118273232672234
              ],
              [
                121.24605949694636,
                25.11818363453131
              ],
              [
                121.24576224968199,
                25.11818363453131
              ],
              [
                121.24576224968199,
                25.11809403639039
              ],
              [
                121.24546500241763,
                25.11809403639039
              ],
              [
                121.24546500241763,
                25.118004438249464
              ],
              [
                121.24516775515326,
                25.118004438249464
              ],
              [
                121.24516775515326,
                25.117914840108543
              ],
              [
                121.24487050788889,
                25.117914840108543
              ],
              [
                121.24487050788889,
                25.117825241967623
              ],
              [
                121.24467234304598,
                25.117825241967623
              ],
              [
                121.24467234304598,
                25.1177356438267
              ],
              [
                121.24437509578162,
                25.1177356438267
              ],
              [
                121.24437509578162,
                25.117825241967623
              ],
              [
                121.24427601336016,
                25.117825241967623
              ],
              [
                121.24427601336016,
                25.117914840108543
              ],
              [
                121.24407784851725,
                25.117914840108543
              ],
              [
                121.24407784851725,
                25.118004438249464
              ],
              [
                121.2439787660958,
                25.118004438249464
              ],
              [
                121.2439787660958,
                25.11809403639039
              ],
              [
                121.24378060125288,
                25.11809403639039
              ],
              [
                121.24378060125288,
                25.11818363453131
              ],
              [
                121.24348335398852,
                25.11818363453131
              ],
              [
                121.24348335398852,
                25.11809403639039
              ],
              [
                121.24338427156707,
                25.11809403639039
              ],
              [
                121.24338427156707,
                25.118004438249464
              ],
              [
                121.24328518914561,
                25.118004438249464
              ],
              [
                121.24328518914561,
                25.117914840108543
              ],
              [
                121.24318610672415,
                25.117914840108543
              ],
              [
                121.24318610672415,
                25.117825241967623
              ],
              [
                121.24298794188124,
                25.117825241967623
              ],
              [
                121.24298794188124,
                25.1177356438267
              ],
              [
                121.24288885945978,
                25.1177356438267
              ],
              [
                121.24288885945978,
                25.117646045685778
              ],
              [
                121.24278977703833,
                25.117646045685778
              ],
              [
                121.24278977703833,
                25.117556447544853
              ],
              [
                121.24269069461688,
                25.117556447544853
              ],
              [
                121.24269069461688,
                25.117646045685778
              ],
              [
                121.24249252977397,
                25.117646045685778
              ],
              [
                121.24249252977397,
                25.117914840108543
              ],
              [
                121.24269069461688,
                25.117914840108543
              ],
              [
                121.24269069461688,
                25.11809403639039
              ],
              [
                121.24278977703833,
                25.11809403639039
              ],
              [
                121.24278977703833,
                25.11818363453131
              ],
              [
                121.24288885945978,
                25.11818363453131
              ],
              [
                121.24288885945978,
                25.118362830813155
              ],
              [
                121.24298794188124,
                25.118362830813155
              ],
              [
                121.24298794188124,
                25.118542027095
              ],
              [
                121.24288885945978,
                25.118542027095
              ],
              [
                121.24288885945978,
                25.11863162523592
              ],
              [
                121.24278977703833,
                25.11863162523592
              ],
              [
                121.24278977703833,
                25.118721223376845
              ],
              [
                121.24259161219543,
                25.118721223376845
              ],
              [
                121.24259161219543,
                25.118810821517766
              ],
              [
                121.24239344735251,
                25.118810821517766
              ],
              [
                121.24239344735251,
                25.118900419658686
              ],
              [
                121.24229436493106,
                25.118900419658686
              ],
              [
                121.24229436493106,
                25.11899001779961
              ],
              [
                121.24209620008814,
                25.11899001779961
              ],
              [
                121.24209620008814,
                25.11907961594053
              ],
              [
                121.24189803524523,
                25.11907961594053
              ],
              [
                121.24189803524523,
                25.119169214081456
              ],
              [
                121.24150170555941,
                25.119169214081456
              ],
              [
                121.24150170555941,
                25.11907961594053
              ],
              [
                121.24140262313796,
                25.11907961594053
              ],
              [
                121.24140262313796,
                25.118900419658686
              ],
              [
                121.2413035407165,
                25.118900419658686
              ],
              [
                121.2413035407165,
                25.118721223376845
              ],
              [
                121.24120445829504,
                25.118721223376845
              ],
              [
                121.24120445829504,
                25.11863162523592
              ],
              [
                121.2413035407165,
                25.11863162523592
              ],
              [
                121.2413035407165,
                25.118542027095
              ],
              [
                121.24110537587359,
                25.118542027095
              ],
              [
                121.24110537587359,
                25.11863162523592
              ],
              [
                121.24100629345213,
                25.11863162523592
              ],
              [
                121.24100629345213,
                25.1193484103633
              ],
              [
                121.24080812860923,
                25.1193484103633
              ],
              [
                121.24080812860923,
                25.119438008504222
              ],
              [
                121.24169987040233,
                25.119438008504222
              ],
              [
                121.24169987040233,
                25.119617204786067
              ],
              [
                121.24179895282379,
                25.119617204786067
              ],
              [
                121.24179895282379,
                25.119796401067912
              ],
              [
                121.24169987040233,
                25.119796401067912
              ],
              [
                121.24169987040233,
                25.120333989913444
              ],
              [
                121.24160078798087,
                25.120333989913444
              ],
              [
                121.24160078798087,
                25.1209611768999
              ],
              [
                121.24150170555941,
                25.1209611768999
              ],
              [
                121.24150170555941,
                25.121319569463587
              ],
              [
                121.24160078798087,
                25.121319569463587
              ],
              [
                121.24160078798087,
                25.121140373181746
              ],
              [
                121.24209620008814,
                25.121140373181746
              ],
              [
                121.24209620008814,
                25.121229971322666
              ],
              [
                121.24278977703833,
                25.121229971322666
              ],
              [
                121.24278977703833,
                25.121140373181746
              ],
              [
                121.24556408483907,
                25.121140373181746
              ],
              [
                121.24556408483907,
                25.1209611768999
              ],
              [
                121.24566316726053,
                25.1209611768999
              ],
              [
                121.24566316726053,
                25.120871578758976
              ],
              [
                121.24576224968199,
                25.120871578758976
              ],
              [
                121.24576224968199,
                25.120692382477134
              ],
              [
                121.24586133210344,
                25.120692382477134
              ],
              [
                121.24586133210344,
                25.12051318619529
              ],
              [
                121.2459604145249,
                25.12051318619529
              ],
              [
                121.2459604145249,
                25.120333989913444
              ],
              [
                121.24605949694636,
                25.120333989913444
              ],
              [
                121.24605949694636,
                25.1201547936316
              ],
              [
                121.24615857936782,
                25.1201547936316
              ],
              [
                121.24615857936782,
                25.120065195490678
              ],
              [
                121.24625766178927,
                25.120065195490678
              ],
              [
                121.24625766178927,
                25.119796401067912
              ],
              [
                121.24635674421073,
                25.119796401067912
              ],
              [
                121.24635674421073,
                25.119617204786067
              ],
              [
                121.24645582663217,
                25.119617204786067
              ],
              [
                121.24645582663217,
                25.119527606645143
              ],
              [
                121.24655490905363,
                25.119527606645143
              ],
              [
                121.24655490905363,
                25.1193484103633
              ],
              [
                121.24665399147509,
                25.1193484103633
              ],
              [
                121.24665399147509,
                25.119258812222377
              ],
              [
                121.24675307389654,
                25.119258812222377
              ],
              [
                121.24675307389654,
                25.119169214081456
              ],
              [
                121.24695123873946,
                25.119169214081456
              ],
              [
                121.24695123873946,
                25.11907961594053
              ],
              [
                121.24724848600383,
                25.11907961594053
              ],
              [
                121.24724848600383,
                25.11899001779961
              ],
              [
                121.24764481568964,
                25.11899001779961
              ],
              [
                121.24764481568964,
                25.118900419658686
              ],
              [
                121.2477438981111,
                25.118900419658686
              ],
              [
                121.2477438981111,
                25.118810821517766
              ],
              [
                121.24784298053255,
                25.118810821517766
              ],
              [
                121.24784298053255,
                25.118542027095
              ],
              [
                121.24794206295401,
                25.118542027095
              ],
              [
                121.24794206295401,
                25.118452428954075
              ],
              [
                121.24804114537547,
                25.118452428954075
              ],
              [
                121.24804114537547,
                25.118362830813155
              ],
              [
                121.24823931021837,
                25.118362830813155
              ],
              [
                121.24823931021837,
                25.118273232672234
              ],
              [
                121.24833839263982,
                25.118273232672234
              ],
              [
                121.24833839263982,
                25.11818363453131
              ],
              [
                121.24843747506128,
                25.11818363453131
              ],
              [
                121.24843747506128,
                25.11809403639039
              ],
              [
                121.24853655748274,
                25.11809403639039
              ],
              [
                121.24853655748274,
                25.118004438249464
              ],
              [
                121.24873472232565,
                25.118004438249464
              ],
              [
                121.24873472232565,
                25.117914840108543
              ],
              [
                121.24883380474711,
                25.117914840108543
              ],
              [
                121.24883380474711,
                25.117825241967623
              ],
              [
                121.24893288716856,
                25.117825241967623
              ],
              [
                121.24893288716856,
                25.1177356438267
              ],
              [
                121.24903196959002,
                25.1177356438267
              ],
              [
                121.24903196959002,
                25.117646045685778
              ],
              [
                121.24913105201146,
                25.117646045685778
              ],
              [
                121.24913105201146,
                25.1177356438267
              ],
              [
                121.24962646411875,
                25.1177356438267
              ],
              [
                121.24962646411875,
                25.118004438249464
              ],
              [
                121.2497255465402,
                25.118004438249464
              ],
              [
                121.2497255465402,
                25.11818363453131
              ],
              [
                121.24982462896166,
                25.11818363453131
              ],
              [
                121.24982462896166,
                25.119438008504222
              ],
              [
                121.24992371138312,
                25.119438008504222
              ],
              [
                121.24992371138312,
                25.119527606645143
              ],
              [
                121.25002279380456,
                25.119527606645143
              ],
              [
                121.25002279380456,
                25.119617204786067
              ],
              [
                121.24992371138312,
                25.119617204786067
              ],
              [
                121.24992371138312,
                25.119706802926988
              ],
              [
                121.24982462896166,
                25.119706802926988
              ],
              [
                121.24982462896166,
                25.119796401067912
              ],
              [
                121.2497255465402,
                25.119796401067912
              ],
              [
                121.2497255465402,
                25.119975597349754
              ],
              [
                121.24952738169729,
                25.119975597349754
              ],
              [
                121.24952738169729,
                25.120065195490678
              ],
              [
                121.24932921685438,
                25.120065195490678
              ],
              [
                121.24932921685438,
                25.1201547936316
              ],
              [
                121.24942829927583,
                25.1201547936316
              ],
              [
                121.24942829927583,
                25.120423588054365
              ],
              [
                121.24952738169729,
                25.120423588054365
              ],
              [
                121.24952738169729,
                25.12051318619529
              ],
              [
                121.24962646411875,
                25.12051318619529
              ],
              [
                121.24962646411875,
                25.120692382477134
              ],
              [
                121.2497255465402,
                25.120692382477134
              ],
              [
                121.2497255465402,
                25.120781980618055
              ],
              [
                121.24982462896166,
                25.120781980618055
              ],
              [
                121.24982462896166,
                25.12105077504082
              ],
              [
                121.24992371138312,
                25.12105077504082
              ],
              [
                121.24992371138312,
                25.121140373181746
              ],
              [
                121.25002279380456,
                25.121140373181746
              ],
              [
                121.25002279380456,
                25.121319569463587
              ],
              [
                121.25012187622602,
                25.121319569463587
              ],
              [
                121.25012187622602,
                25.12140916760451
              ],
              [
                121.25032004106893,
                25.12140916760451
              ],
              [
                121.25032004106893,
                25.121498765745432
              ],
              [
                121.25051820591185,
                25.121498765745432
              ],
              [
                121.25051820591185,
                25.12140916760451
              ],
              [
                121.25091453559767,
                25.12140916760451
              ],
              [
                121.25091453559767,
                25.121319569463587
              ],
              [
                121.25131086528349,
                25.121319569463587
              ],
              [
                121.25131086528349,
                25.121229971322666
              ],
              [
                121.25190535981221,
                25.121229971322666
              ],
              [
                121.25190535981221,
                25.121140373181746
              ],
              [
                121.25249985434095,
                25.121140373181746
              ],
              [
                121.25249985434095,
                25.12105077504082
              ],
              [
                121.25309434886968,
                25.12105077504082
              ],
              [
                121.25309434886968,
                25.1209611768999
              ],
              [
                121.25378792581986,
                25.1209611768999
              ],
              [
                121.25378792581986,
                25.120871578758976
              ],
              [
                121.25428333792715,
                25.120871578758976
              ],
              [
                121.25428333792715,
                25.120781980618055
              ],
              [
                121.25557140940606,
                25.120781980618055
              ],
              [
                121.25557140940606,
                25.120692382477134
              ],
              [
                121.25606682151334,
                25.120692382477134
              ],
              [
                121.25606682151334,
                25.12060278433621
              ],
              [
                121.25685948088498,
                25.12060278433621
              ],
              [
                121.25685948088498,
                25.12051318619529
              ],
              [
                121.25735489299225,
                25.12051318619529
              ],
              [
                121.25735489299225,
                25.12060278433621
              ],
              [
                121.25765214025662,
                25.12060278433621
              ],
              [
                121.25765214025662,
                25.120692382477134
              ],
              [
                121.257949387521,
                25.120692382477134
              ],
              [
                121.257949387521,
                25.120781980618055
              ],
              [
                121.2581475523639,
                25.120781980618055
              ],
              [
                121.2581475523639,
                25.120871578758976
              ],
              [
                121.25834571720681,
                25.120871578758976
              ],
              [
                121.25834571720681,
                25.1209611768999
              ],
              [
                121.25844479962826,
                25.1209611768999
              ],
              [
                121.25844479962826,
                25.12105077504082
              ],
              [
                121.25864296447118,
                25.12105077504082
              ],
              [
                121.25864296447118,
                25.121140373181746
              ],
              [
                121.25874204689264,
                25.121140373181746
              ],
              [
                121.25874204689264,
                25.121319569463587
              ],
              [
                121.25884112931409,
                25.121319569463587
              ],
              [
                121.25884112931409,
                25.12140916760451
              ],
              [
                121.25894021173555,
                25.12140916760451
              ],
              [
                121.25894021173555,
                25.121588363886357
              ],
              [
                121.2592374589999,
                25.121588363886357
              ],
              [
                121.2592374589999,
                25.121677962027277
              ],
              [
                121.25953470626428,
                25.121677962027277
              ],
              [
                121.25953470626428,
                25.1217675601682
              ],
              [
                121.2599310359501,
                25.1217675601682
              ],
              [
                121.2599310359501,
                25.121857158309123
              ],
              [
                121.260129200793,
                25.121857158309123
              ],
              [
                121.260129200793,
                25.121946756450043
              ],
              [
                121.26062461290029,
                25.121946756450043
              ],
              [
                121.26062461290029,
                25.121857158309123
              ],
              [
                121.2610209425861,
                25.121857158309123
              ],
              [
                121.2610209425861,
                25.1217675601682
              ],
              [
                121.26131818985047,
                25.1217675601682
              ],
              [
                121.26131818985047,
                25.121677962027277
              ],
              [
                121.26141727227193,
                25.121677962027277
              ],
              [
                121.26141727227193,
                25.121588363886357
              ],
              [
                121.2617145195363,
                25.121588363886357
              ],
              [
                121.2617145195363,
                25.121498765745432
              ],
              [
                121.26201176680065,
                25.121498765745432
              ],
              [
                121.26201176680065,
                25.12140916760451
              ],
              [
                121.26270534375084,
                25.12140916760451
              ],
              [
                121.26270534375084,
                25.121319569463587
              ],
              [
                121.26320075585812,
                25.121319569463587
              ],
              [
                121.26320075585812,
                25.121229971322666
              ],
              [
                121.26359708554394,
                25.121229971322666
              ],
              [
                121.26359708554394,
                25.121140373181746
              ],
              [
                121.26399341522976,
                25.121140373181746
              ],
              [
                121.26399341522976,
                25.12105077504082
              ],
              [
                121.26429066249413,
                25.12105077504082
              ],
              [
                121.26429066249413,
                25.1209611768999
              ],
              [
                121.26468699217995,
                25.1209611768999
              ],
              [
                121.26468699217995,
                25.120871578758976
              ],
              [
                121.26498423944432,
                25.120871578758976
              ],
              [
                121.26498423944432,
                25.120781980618055
              ],
              [
                121.26528148670869,
                25.120781980618055
              ],
              [
                121.26528148670869,
                25.120692382477134
              ],
              [
                121.26547965155159,
                25.120692382477134
              ],
              [
                121.26547965155159,
                25.12060278433621
              ],
              [
                121.2656778163945,
                25.12060278433621
              ],
              [
                121.2656778163945,
                25.12051318619529
              ],
              [
                121.26587598123741,
                25.12051318619529
              ],
              [
                121.26587598123741,
                25.12060278433621
              ],
              [
                121.26607414608033,
                25.12060278433621
              ],
              [
                121.26607414608033,
                25.12051318619529
              ],
              [
                121.26597506365887,
                25.12051318619529
              ],
              [
                121.26597506365887,
                25.120423588054365
              ],
              [
                121.26617322850178,
                25.120423588054365
              ],
              [
                121.26617322850178,
                25.120333989913444
              ],
              [
                121.26637139334468,
                25.120333989913444
              ],
              [
                121.26637139334468,
                25.120244391772523
              ],
              [
                121.2665695581876,
                25.120244391772523
              ],
              [
                121.2665695581876,
                25.1201547936316
              ],
              [
                121.26686680545197,
                25.1201547936316
              ],
              [
                121.26686680545197,
                25.120065195490678
              ],
              [
                121.26706497029488,
                25.120065195490678
              ],
              [
                121.26706497029488,
                25.119975597349754
              ],
              [
                121.26726313513778,
                25.119975597349754
              ],
              [
                121.26726313513778,
                25.119885999208833
              ],
              [
                121.2674612999807,
                25.119885999208833
              ],
              [
                121.2674612999807,
                25.119796401067912
              ],
              [
                121.26765946482361,
                25.119796401067912
              ],
              [
                121.26765946482361,
                25.119706802926988
              ],
              [
                121.26785762966652,
                25.119706802926988
              ],
              [
                121.26785762966652,
                25.119617204786067
              ],
              [
                121.26805579450944,
                25.119617204786067
              ],
              [
                121.26805579450944,
                25.119527606645143
              ],
              [
                121.26825395935234,
                25.119527606645143
              ],
              [
                121.26825395935234,
                25.119438008504222
              ],
              [
                121.2685512066167,
                25.119438008504222
              ],
              [
                121.2685512066167,
                25.1193484103633
              ],
              [
                121.26894753630253,
                25.1193484103633
              ],
              [
                121.26894753630253,
                25.119258812222377
              ],
              [
                121.26904661872398,
                25.119258812222377
              ],
              [
                121.26904661872398,
                25.119169214081456
              ],
              [
                121.26924478356689,
                25.119169214081456
              ],
              [
                121.26924478356689,
                25.11907961594053
              ],
              [
                121.26954203083126,
                25.11907961594053
              ],
              [
                121.26954203083126,
                25.11899001779961
              ],
              [
                121.27003744293853,
                25.11899001779961
              ],
              [
                121.27003744293853,
                25.118900419658686
              ],
              [
                121.27013652535999,
                25.118900419658686
              ],
              [
                121.27013652535999,
                25.121140373181746
              ],
              [
                121.27003744293853,
                25.121140373181746
              ],
              [
                121.27003744293853,
                25.1225739434365
              ],
              [
                121.26924478356689,
                25.1225739434365
              ],
              [
                121.26924478356689,
                25.12266354157742
              ],
              [
                121.26835304177379,
                25.12266354157742
              ],
              [
                121.26835304177379,
                25.1225739434365
              ],
              [
                121.26508332186577,
                25.1225739434365
              ],
              [
                121.26508332186577,
                25.12248434529558
              ],
              [
                121.2610209425861,
                25.12248434529558
              ],
              [
                121.2610209425861,
                25.1225739434365
              ],
              [
                121.26032736563592,
                25.1225739434365
              ],
              [
                121.26032736563592,
                25.12266354157742
              ],
              [
                121.260129200793,
                25.12266354157742
              ],
              [
                121.260129200793,
                25.122753139718345
              ],
              [
                121.2599310359501,
                25.122753139718345
              ],
              [
                121.2599310359501,
                25.122842737859266
              ],
              [
                121.25983195352865,
                25.122842737859266
              ],
              [
                121.25983195352865,
                25.12293233600019
              ],
              [
                121.25973287110719,
                25.12293233600019
              ],
              [
                121.25973287110719,
                25.12302193414111
              ],
              [
                121.25963378868573,
                25.12302193414111
              ],
              [
                121.25963378868573,
                25.123111532282035
              ],
              [
                121.25953470626428,
                25.123111532282035
              ],
              [
                121.25953470626428,
                25.123201130422956
              ],
              [
                121.25943562384282,
                25.123201130422956
              ],
              [
                121.25943562384282,
                25.1233803267048
              ],
              [
                121.25933654142136,
                25.1233803267048
              ],
              [
                121.25933654142136,
                25.123469924845722
              ],
              [
                121.2592374589999,
                25.123469924845722
              ],
              [
                121.2592374589999,
                25.123559522986646
              ],
              [
                121.25913837657845,
                25.123559522986646
              ],
              [
                121.25913837657845,
                25.123649121127567
              ],
              [
                121.25903929415699,
                25.123649121127567
              ],
              [
                121.25903929415699,
                25.123738719268488
              ],
              [
                121.25894021173555,
                25.123738719268488
              ],
              [
                121.25894021173555,
                25.123828317409412
              ],
              [
                121.25884112931409,
                25.123828317409412
              ],
              [
                121.25884112931409,
                25.123917915550333
              ],
              [
                121.25864296447118,
                25.123917915550333
              ],
              [
                121.25864296447118,
                25.124007513691257
              ],
              [
                121.25854388204972,
                25.124007513691257
              ],
              [
                121.25854388204972,
                25.124097111832178
              ],
              [
                121.25844479962826,
                25.124097111832178
              ],
              [
                121.25844479962826,
                25.1241867099731
              ],
              [
                121.25824663478535,
                25.1241867099731
              ],
              [
                121.25824663478535,
                25.124276308114023
              ],
              [
                121.2581475523639,
                25.124276308114023
              ],
              [
                121.2581475523639,
                25.124365906254944
              ],
              [
                121.257949387521,
                25.124365906254944
              ],
              [
                121.257949387521,
                25.12445550439587
              ],
              [
                121.25775122267808,
                25.12445550439587
              ],
              [
                121.25775122267808,
                25.12454510253679
              ],
              [
                121.25755305783517,
                25.12454510253679
              ],
              [
                121.25755305783517,
                25.12463470067771
              ],
              [
                121.25735489299225,
                25.12463470067771
              ],
              [
                121.25735489299225,
                25.124724298818634
              ],
              [
                121.25715672814935,
                25.124724298818634
              ],
              [
                121.25715672814935,
                25.124813896959555
              ],
              [
                121.2570576457279,
                25.124813896959555
              ],
              [
                121.2570576457279,
                25.12490349510048
              ],
              [
                121.25695856330644,
                25.12490349510048
              ],
              [
                121.25695856330644,
                25.1249930932414
              ],
              [
                121.25685948088498,
                25.1249930932414
              ]
            ],
            [
              [
                121.23961913955176,
                25.123111532282035
              ],
              [
                121.23981730439468,
                25.123111532282035
              ],
              [
                121.23981730439468,
                25.12302193414111
              ],
              [
                121.23991638681613,
                25.12302193414111
              ],
              [
                121.23991638681613,
                25.122842737859266
              ],
              [
                121.23981730439468,
                25.122842737859266
              ],
              [
                121.23981730439468,
                25.12293233600019
              ],
              [
                121.23971822197322,
                25.12293233600019
              ],
              [
                121.23971822197322,
                25.12302193414111
              ],
              [
                121.23961913955176,
                25.12302193414111
              ],
              [
                121.23961913955176,
                25.123111532282035
              ]
            ],
            [
              [
                121.24110537587359,
                25.122753139718345
              ],
              [
                121.24120445829504,
                25.122753139718345
              ],
              [
                121.24120445829504,
                25.1225739434365
              ],
              [
                121.24110537587359,
                25.1225739434365
              ],
              [
                121.24110537587359,
                25.122753139718345
              ]
            ],
            [
              [
                121.24031271650195,
                25.12248434529558
              ],
              [
                121.24051088134486,
                25.12248434529558
              ],
              [
                121.24051088134486,
                25.122394747154654
              ],
              [
                121.24060996376632,
                25.122394747154654
              ],
              [
                121.24060996376632,
                25.122305149013734
              ],
              [
                121.24080812860923,
                25.122305149013734
              ],
              [
                121.24080812860923,
                25.12221555087281
              ],
              [
                121.24051088134486,
                25.12221555087281
              ],
              [
                121.24051088134486,
                25.122305149013734
              ],
              [
                121.2404117989234,
                25.122305149013734
              ],
              [
                121.2404117989234,
                25.122394747154654
              ],
              [
                121.24031271650195,
                25.122394747154654
              ],
              [
                121.24031271650195,
                25.12248434529558
              ]
            ],
            [
              [
                121.25973287110719,
                25.12248434529558
              ],
              [
                121.260129200793,
                25.12248434529558
              ],
              [
                121.260129200793,
                25.12221555087281
              ],
              [
                121.25973287110719,
                25.12221555087281
              ],
              [
                121.25973287110719,
                25.12248434529558
              ]
            ],
            [
              [
                121.24001546923759,
                25.122305149013734
              ],
              [
                121.24011455165903,
                25.122305149013734
              ],
              [
                121.24011455165903,
                25.12221555087281
              ],
              [
                121.24001546923759,
                25.12221555087281
              ],
              [
                121.24001546923759,
                25.122305149013734
              ]
            ],
            [
              [
                121.24080812860923,
                25.12221555087281
              ],
              [
                121.24110537587359,
                25.12221555087281
              ],
              [
                121.24110537587359,
                25.12212595273189
              ],
              [
                121.2413035407165,
                25.12212595273189
              ],
              [
                121.2413035407165,
                25.122036354590968
              ],
              [
                121.24100629345213,
                25.122036354590968
              ],
              [
                121.24100629345213,
                25.12212595273189
              ],
              [
                121.24080812860923,
                25.12212595273189
              ],
              [
                121.24080812860923,
                25.12221555087281
              ]
            ],
            [
              [
                121.24169987040233,
                25.12212595273189
              ],
              [
                121.24179895282379,
                25.12212595273189
              ],
              [
                121.24179895282379,
                25.121677962027277
              ],
              [
                121.24160078798087,
                25.121677962027277
              ],
              [
                121.24160078798087,
                25.1217675601682
              ],
              [
                121.24169987040233,
                25.1217675601682
              ],
              [
                121.24169987040233,
                25.12212595273189
              ]
            ],
            [
              [
                121.2413035407165,
                25.122036354590968
              ],
              [
                121.24140262313796,
                25.122036354590968
              ],
              [
                121.24140262313796,
                25.121946756450043
              ],
              [
                121.2413035407165,
                25.121946756450043
              ],
              [
                121.2413035407165,
                25.122036354590968
              ]
            ],
            [
              [
                121.24140262313796,
                25.121857158309123
              ],
              [
                121.24150170555941,
                25.121857158309123
              ],
              [
                121.24150170555941,
                25.12140916760451
              ],
              [
                121.24140262313796,
                25.12140916760451
              ],
              [
                121.24140262313796,
                25.121857158309123
              ]
            ],
            [
              [
                121.25755305783517,
                25.121229971322666
              ],
              [
                121.25775122267808,
                25.121229971322666
              ],
              [
                121.25775122267808,
                25.121140373181746
              ],
              [
                121.25755305783517,
                25.121140373181746
              ],
              [
                121.25755305783517,
                25.121229971322666
              ]
            ],
            [
              [
                121.2413035407165,
                25.118542027095
              ],
              [
                121.24150170555941,
                25.118542027095
              ],
              [
                121.24150170555941,
                25.118452428954075
              ],
              [
                121.2413035407165,
                25.118452428954075
              ],
              [
                121.2413035407165,
                25.118542027095
              ]
            ],
            [
              [
                121.24150170555941,
                25.118452428954075
              ],
              [
                121.24160078798087,
                25.118452428954075
              ],
              [
                121.24160078798087,
                25.118362830813155
              ],
              [
                121.24150170555941,
                25.118362830813155
              ],
              [
                121.24150170555941,
                25.118452428954075
              ]
            ],
            [
              [
                121.24209620008814,
                25.11818363453131
              ],
              [
                121.2421952825096,
                25.11818363453131
              ],
              [
                121.2421952825096,
                25.11809403639039
              ],
              [
                121.24209620008814,
                25.11809403639039
              ],
              [
                121.24209620008814,
                25.11818363453131
              ]
            ],
            [
              [
                121.2421952825096,
                25.11809403639039
              ],
              [
                121.24229436493106,
                25.11809403639039
              ],
              [
                121.24229436493106,
                25.118004438249464
              ],
              [
                121.2421952825096,
                25.118004438249464
              ],
              [
                121.2421952825096,
                25.11809403639039
              ]
            ],
            [
              [
                121.24229436493106,
                25.118004438249464
              ],
              [
                121.24249252977397,
                25.118004438249464
              ],
              [
                121.24249252977397,
                25.117914840108543
              ],
              [
                121.24229436493106,
                25.117914840108543
              ],
              [
                121.24229436493106,
                25.118004438249464
              ]
            ],
            [
              [
                121.24239344735251,
                25.117198054981166
              ],
              [
                121.24249252977397,
                25.117198054981166
              ],
              [
                121.24249252977397,
                25.117108456840242
              ],
              [
                121.24239344735251,
                25.117108456840242
              ],
              [
                121.24239344735251,
                25.117198054981166
              ]
            ],
            [
              [
                121.24150170555941,
                25.1161228772901
              ],
              [
                121.24160078798087,
                25.1161228772901
              ],
              [
                121.24160078798087,
                25.11603327914918
              ],
              [
                121.24150170555941,
                25.11603327914918
              ],
              [
                121.24150170555941,
                25.1161228772901
              ]
            ],
            [
              [
                121.20176965455585,
                25.103937530124675
              ],
              [
                121.2018687369773,
                25.103937530124675
              ],
              [
                121.2018687369773,
                25.10384793198375
              ],
              [
                121.20176965455585,
                25.10384793198375
              ],
              [
                121.20176965455585,
                25.103937530124675
              ]
            ],
            [
              [
                121.19602287411143,
                25.10053280076963
              ],
              [
                121.19612195653289,
                25.10053280076963
              ],
              [
                121.19612195653289,
                25.100264006346862
              ],
              [
                121.19592379168998,
                25.100264006346862
              ],
              [
                121.19592379168998,
                25.100443202628707
              ],
              [
                121.19602287411143,
                25.100443202628707
              ],
              [
                121.19602287411143,
                25.10053280076963
              ]
            ],
            [
              [
                121.19205957725323,
                25.09766566026012
              ],
              [
                121.19215865967469,
                25.09766566026012
              ],
              [
                121.19215865967469,
                25.097486463978274
              ],
              [
                121.19205957725323,
                25.097486463978274
              ],
              [
                121.19205957725323,
                25.09766566026012
              ]
            ],
            [
              [
                121.18978068155975,
                25.096590482569052
              ],
              [
                121.19007792882412,
                25.096590482569052
              ],
              [
                121.19007792882412,
                25.096411286287207
              ],
              [
                121.18978068155975,
                25.096411286287207
              ],
              [
                121.18978068155975,
                25.096590482569052
              ]
            ],
            [
              [
                121.19285223662487,
                25.09587369744167
              ],
              [
                121.19295131904633,
                25.09587369744167
              ],
              [
                121.19295131904633,
                25.09569450115983
              ],
              [
                121.19285223662487,
                25.09569450115983
              ],
              [
                121.19285223662487,
                25.09587369744167
              ]
            ],
            [
              [
                121.19295131904633,
                25.095604903018906
              ],
              [
                121.19305040146779,
                25.095604903018906
              ],
              [
                121.19305040146779,
                25.09542570673706
              ],
              [
                121.19295131904633,
                25.09542570673706
              ],
              [
                121.19295131904633,
                25.095604903018906
              ]
            ]
          ]
        ]
      }
    }
  ]
}